2026-03-06 08:59:29 [main] INFO  com.system.MsvcEmployeeApplication -Starting MsvcEmployeeApplication using Java 21.0.9 on DESKTOP-1D84HCV with PID 14132 (C:\Users\OWNER\Documents\eclipse-workspace\msvc-employee\target\classes started by OWNER in C:\Users\OWNER\Documents\eclipse-workspace\msvc-employee)
2026-03-06 08:59:29 [main] DEBUG com.system.MsvcEmployeeApplication -Running with Spring Boot v2.7.18, Spring v5.3.31
2026-03-06 08:59:29 [main] INFO  com.system.MsvcEmployeeApplication -No active profile set, falling back to 1 default profile: "default"
2026-03-06 08:59:30 [main] INFO  org.springframework.data.repository.config.RepositoryConfigurationDelegate -Bootstrapping Spring Data JPA repositories in DEFAULT mode.
2026-03-06 08:59:30 [main] INFO  org.springframework.data.repository.config.RepositoryConfigurationDelegate -Finished Spring Data repository scanning in 94 ms. Found 1 JPA repository interfaces.
2026-03-06 08:59:31 [main] INFO  org.springframework.context.support.PostProcessorRegistrationDelegate$BeanPostProcessorChecker -Bean 'org.springframework.ws.config.annotation.DelegatingWsConfiguration' of type [org.springframework.ws.config.annotation.DelegatingWsConfiguration$$EnhancerBySpringCGLIB$$7fdec0c9] is not eligible for getting processed by all BeanPostProcessors (for example: not eligible for auto-proxying)
2026-03-06 08:59:31 [main] INFO  org.springframework.ws.soap.addressing.server.AnnotationActionEndpointMapping -Supporting [WS-Addressing August 2004, WS-Addressing 1.0]
2026-03-06 08:59:31 [main] INFO  org.springframework.boot.web.embedded.tomcat.TomcatWebServer -Tomcat initialized with port(s): 8082 (http)
2026-03-06 08:59:31 [main] INFO  org.apache.catalina.core.StandardService -Starting service [Tomcat]
2026-03-06 08:59:31 [main] INFO  org.apache.catalina.core.StandardEngine -Starting Servlet engine: [Apache Tomcat/9.0.83]
2026-03-06 08:59:32 [main] INFO  org.apache.catalina.core.ContainerBase.[Tomcat].[localhost].[/] -Initializing Spring embedded WebApplicationContext
2026-03-06 08:59:32 [main] INFO  org.springframework.boot.web.servlet.context.ServletWebServerApplicationContext -Root WebApplicationContext: initialization completed in 3047 ms
2026-03-06 08:59:32 [main] INFO  com.zaxxer.hikari.HikariDataSource -HikariPool-1 - Starting...
2026-03-06 08:59:32 [main] INFO  com.zaxxer.hikari.HikariDataSource -HikariPool-1 - Start completed.
2026-03-06 08:59:32 [main] INFO  org.springframework.boot.autoconfigure.h2.H2ConsoleAutoConfiguration -H2 console available at '/h2-console'. Database available at 'jdbc:h2:mem:superdb'
2026-03-06 08:59:32 [main] INFO  org.hibernate.jpa.internal.util.LogHelper -HHH000204: Processing PersistenceUnitInfo [name: default]
2026-03-06 08:59:33 [main] INFO  org.hibernate.Version -HHH000412: Hibernate ORM core version 5.6.15.Final
2026-03-06 08:59:33 [main] INFO  org.hibernate.annotations.common.Version -HCANN000001: Hibernate Commons Annotations {5.1.2.Final}
2026-03-06 08:59:33 [main] INFO  org.hibernate.dialect.Dialect -HHH000400: Using dialect: org.hibernate.dialect.H2Dialect
2026-03-06 08:59:34 [main] DEBUG org.hibernate.SQL -
    
    drop table if exists employee CASCADE 
2026-03-06 08:59:34 [main] DEBUG org.hibernate.SQL -
    
    create table employee (
       id bigint generated by default as identity,
        age integer not null,
        date_birth varchar(255),
        first_last_name varchar(255),
        first_name varchar(255),
        position varchar(255),
        second_last_name varchar(255),
        second_name varchar(255),
        sex varchar(255),
        status boolean not null,
        system_registration_date date,
        primary key (id)
    )
2026-03-06 08:59:34 [main] INFO  org.hibernate.engine.transaction.jta.platform.internal.JtaPlatformInitiator -HHH000490: Using JtaPlatform implementation: [org.hibernate.engine.transaction.jta.platform.internal.NoJtaPlatform]
2026-03-06 08:59:34 [main] INFO  org.springframework.orm.jpa.LocalContainerEntityManagerFactoryBean -Initialized JPA EntityManagerFactory for persistence unit 'default'
2026-03-06 08:59:35 [main] WARN  org.springframework.boot.autoconfigure.orm.jpa.JpaBaseConfiguration$JpaWebConfiguration -spring.jpa.open-in-view is enabled by default. Therefore, database queries may be performed during view rendering. Explicitly configure spring.jpa.open-in-view to disable this warning
2026-03-06 08:59:36 [main] INFO  org.springframework.boot.web.embedded.tomcat.TomcatWebServer -Tomcat started on port(s): 8082 (http) with context path ''
2026-03-06 08:59:36 [main] INFO  com.system.MsvcEmployeeApplication -Started MsvcEmployeeApplication in 7.931 seconds (JVM running for 8.751)
2026-03-06 09:03:59 [SpringApplicationShutdownHook] INFO  org.springframework.orm.jpa.LocalContainerEntityManagerFactoryBean -Closing JPA EntityManagerFactory for persistence unit 'default'
2026-03-06 09:03:59 [SpringApplicationShutdownHook] INFO  org.hibernate.tool.schema.internal.SchemaDropperImpl$DelayedDropActionImpl -HHH000477: Starting delayed evictData of schema as part of SessionFactory shut-down'
2026-03-06 09:03:59 [SpringApplicationShutdownHook] DEBUG org.hibernate.SQL -
    
    drop table if exists employee CASCADE 
2026-03-06 09:03:59 [SpringApplicationShutdownHook] INFO  com.zaxxer.hikari.HikariDataSource -HikariPool-1 - Shutdown initiated...
2026-03-06 09:03:59 [SpringApplicationShutdownHook] INFO  com.zaxxer.hikari.HikariDataSource -HikariPool-1 - Shutdown completed.
2026-03-06 10:08:07 [main] INFO  com.system.MsvcEmployeeApplication -Starting MsvcEmployeeApplication using Java 21.0.9 on DESKTOP-1D84HCV with PID 18692 (C:\Users\OWNER\Desktop\microservice-project\msvc-employee\target\classes started by OWNER in C:\Users\OWNER\Desktop\microservice-project\msvc-employee)
2026-03-06 10:08:07 [main] DEBUG com.system.MsvcEmployeeApplication -Running with Spring Boot v2.7.18, Spring v5.3.31
2026-03-06 10:08:07 [main] INFO  com.system.MsvcEmployeeApplication -No active profile set, falling back to 1 default profile: "default"
2026-03-06 10:08:08 [main] INFO  org.springframework.data.repository.config.RepositoryConfigurationDelegate -Bootstrapping Spring Data JPA repositories in DEFAULT mode.
2026-03-06 10:08:08 [main] INFO  org.springframework.data.repository.config.RepositoryConfigurationDelegate -Finished Spring Data repository scanning in 88 ms. Found 1 JPA repository interfaces.
2026-03-06 10:08:09 [main] INFO  org.springframework.context.support.PostProcessorRegistrationDelegate$BeanPostProcessorChecker -Bean 'org.springframework.ws.config.annotation.DelegatingWsConfiguration' of type [org.springframework.ws.config.annotation.DelegatingWsConfiguration$$EnhancerBySpringCGLIB$$dfdcc472] is not eligible for getting processed by all BeanPostProcessors (for example: not eligible for auto-proxying)
2026-03-06 10:08:09 [main] INFO  org.springframework.ws.soap.addressing.server.AnnotationActionEndpointMapping -Supporting [WS-Addressing August 2004, WS-Addressing 1.0]
2026-03-06 10:08:10 [main] INFO  org.springframework.boot.web.embedded.tomcat.TomcatWebServer -Tomcat initialized with port(s): 8082 (http)
2026-03-06 10:08:10 [main] INFO  org.apache.catalina.core.StandardService -Starting service [Tomcat]
2026-03-06 10:08:10 [main] INFO  org.apache.catalina.core.StandardEngine -Starting Servlet engine: [Apache Tomcat/9.0.83]
2026-03-06 10:08:10 [main] INFO  org.apache.catalina.core.ContainerBase.[Tomcat].[localhost].[/] -Initializing Spring embedded WebApplicationContext
2026-03-06 10:08:10 [main] INFO  org.springframework.boot.web.servlet.context.ServletWebServerApplicationContext -Root WebApplicationContext: initialization completed in 2953 ms
2026-03-06 10:08:10 [main] INFO  com.zaxxer.hikari.HikariDataSource -HikariPool-1 - Starting...
2026-03-06 10:08:10 [main] INFO  com.zaxxer.hikari.HikariDataSource -HikariPool-1 - Start completed.
2026-03-06 10:08:10 [main] INFO  org.springframework.boot.autoconfigure.h2.H2ConsoleAutoConfiguration -H2 console available at '/h2-console'. Database available at 'jdbc:h2:mem:superdb'
2026-03-06 10:08:11 [main] INFO  org.hibernate.jpa.internal.util.LogHelper -HHH000204: Processing PersistenceUnitInfo [name: default]
2026-03-06 10:08:11 [main] INFO  org.hibernate.Version -HHH000412: Hibernate ORM core version 5.6.15.Final
2026-03-06 10:08:11 [main] INFO  org.hibernate.annotations.common.Version -HCANN000001: Hibernate Commons Annotations {5.1.2.Final}
2026-03-06 10:08:11 [main] INFO  org.hibernate.dialect.Dialect -HHH000400: Using dialect: org.hibernate.dialect.H2Dialect
2026-03-06 10:08:12 [main] DEBUG org.hibernate.SQL -
    
    drop table if exists employee CASCADE 
2026-03-06 10:08:12 [main] DEBUG org.hibernate.SQL -
    
    create table employee (
       id bigint generated by default as identity,
        age integer not null,
        date_birth varchar(255),
        first_last_name varchar(255),
        first_name varchar(255),
        position varchar(255),
        second_last_name varchar(255),
        second_name varchar(255),
        sex varchar(255),
        status boolean not null,
        system_registration_date date,
        primary key (id)
    )
2026-03-06 10:08:12 [main] INFO  org.hibernate.engine.transaction.jta.platform.internal.JtaPlatformInitiator -HHH000490: Using JtaPlatform implementation: [org.hibernate.engine.transaction.jta.platform.internal.NoJtaPlatform]
2026-03-06 10:08:12 [main] INFO  org.springframework.orm.jpa.LocalContainerEntityManagerFactoryBean -Initialized JPA EntityManagerFactory for persistence unit 'default'
2026-03-06 10:08:13 [main] WARN  org.springframework.boot.autoconfigure.orm.jpa.JpaBaseConfiguration$JpaWebConfiguration -spring.jpa.open-in-view is enabled by default. Therefore, database queries may be performed during view rendering. Explicitly configure spring.jpa.open-in-view to disable this warning
2026-03-06 10:08:13 [main] INFO  org.springframework.boot.web.embedded.tomcat.TomcatWebServer -Tomcat started on port(s): 8082 (http) with context path ''
2026-03-06 10:08:13 [main] INFO  com.system.MsvcEmployeeApplication -Started MsvcEmployeeApplication in 7.682 seconds (JVM running for 8.556)
2026-03-06 10:08:28 [http-nio-8082-exec-1] INFO  org.apache.catalina.core.ContainerBase.[Tomcat].[localhost].[/] -Initializing Spring DispatcherServlet 'dispatcherServlet'
2026-03-06 10:08:28 [http-nio-8082-exec-1] INFO  org.springframework.web.servlet.DispatcherServlet -Initializing Servlet 'dispatcherServlet'
2026-03-06 10:08:28 [http-nio-8082-exec-1] INFO  org.springframework.web.servlet.DispatcherServlet -Completed initialization in 2 ms
2026-03-06 10:08:30 [http-nio-8082-exec-4] INFO  org.springdoc.api.AbstractOpenApiResource -Init duration for springdoc-openapi is: 1019 ms
2026-03-06 10:09:12 [http-nio-8082-exec-5] WARN  org.springframework.web.servlet.mvc.support.DefaultHandlerExceptionResolver -Resolved [org.springframework.http.converter.HttpMessageNotReadableException: JSON parse error: Illegal unquoted character ((CTRL-CHAR, code 10)): has to be escaped using backslash to be included in string value; nested exception is com.fasterxml.jackson.databind.JsonMappingException: Illegal unquoted character ((CTRL-CHAR, code 10)): has to be escaped using backslash to be included in string value<EOL> at [Source: (org.springframework.util.StreamUtils$NonClosingInputStream); line: 5, column: 24] (through reference chain: com.system.dto.EmployeeDTO["firstLastName"])]
2026-03-06 10:11:01 [http-nio-8082-exec-7] DEBUG org.hibernate.SQL -
    insert 
    into
        employee
        (id, age, date_birth, first_last_name, first_name, position, second_last_name, second_name, sex, status, system_registration_date) 
    values
        (default, ?, ?, ?, ?, ?, ?, ?, ?, ?, ?)
2026-03-06 10:11:01 [http-nio-8082-exec-7] TRACE org.hibernate.type.descriptor.sql.BasicBinder -binding parameter [1] as [INTEGER] - [0]
2026-03-06 10:11:01 [http-nio-8082-exec-7] TRACE org.hibernate.type.descriptor.sql.BasicBinder -binding parameter [2] as [VARCHAR] - [null]
2026-03-06 10:11:01 [http-nio-8082-exec-7] TRACE org.hibernate.type.descriptor.sql.BasicBinder -binding parameter [3] as [VARCHAR] - [o]
2026-03-06 10:11:01 [http-nio-8082-exec-7] TRACE org.hibernate.type.descriptor.sql.BasicBinder -binding parameter [4] as [VARCHAR] - [h]
2026-03-06 10:11:01 [http-nio-8082-exec-7] TRACE org.hibernate.type.descriptor.sql.BasicBinder -binding parameter [5] as [VARCHAR] - [jefe]
2026-03-06 10:11:01 [http-nio-8082-exec-7] TRACE org.hibernate.type.descriptor.sql.BasicBinder -binding parameter [6] as [VARCHAR] - [o]
2026-03-06 10:11:01 [http-nio-8082-exec-7] TRACE org.hibernate.type.descriptor.sql.BasicBinder -binding parameter [7] as [VARCHAR] - [h]
2026-03-06 10:11:01 [http-nio-8082-exec-7] TRACE org.hibernate.type.descriptor.sql.BasicBinder -binding parameter [8] as [VARCHAR] - [null]
2026-03-06 10:11:01 [http-nio-8082-exec-7] TRACE org.hibernate.type.descriptor.sql.BasicBinder -binding parameter [9] as [BOOLEAN] - [true]
2026-03-06 10:11:01 [http-nio-8082-exec-7] TRACE org.hibernate.type.descriptor.sql.BasicBinder -binding parameter [10] as [DATE] - [2026-03-06]
2026-03-06 10:11:22 [http-nio-8082-exec-8] DEBUG org.hibernate.SQL -
    select
        employee0_.id as id1_0_,
        employee0_.age as age2_0_,
        employee0_.date_birth as date_bir3_0_,
        employee0_.first_last_name as first_la4_0_,
        employee0_.first_name as first_na5_0_,
        employee0_.position as position6_0_,
        employee0_.second_last_name as second_l7_0_,
        employee0_.second_name as second_n8_0_,
        employee0_.sex as sex9_0_,
        employee0_.status as status10_0_,
        employee0_.system_registration_date as system_11_0_ 
    from
        employee employee0_
2026-03-06 10:11:22 [http-nio-8082-exec-8] TRACE org.hibernate.type.descriptor.sql.BasicExtractor -extracted value ([id1_0_] : [BIGINT]) - [1]
2026-03-06 10:11:22 [http-nio-8082-exec-8] TRACE org.hibernate.type.descriptor.sql.BasicExtractor -extracted value ([age2_0_] : [INTEGER]) - [0]
2026-03-06 10:11:22 [http-nio-8082-exec-8] TRACE org.hibernate.type.descriptor.sql.BasicExtractor -extracted value ([date_bir3_0_] : [VARCHAR]) - [null]
2026-03-06 10:11:22 [http-nio-8082-exec-8] TRACE org.hibernate.type.descriptor.sql.BasicExtractor -extracted value ([first_la4_0_] : [VARCHAR]) - [o]
2026-03-06 10:11:22 [http-nio-8082-exec-8] TRACE org.hibernate.type.descriptor.sql.BasicExtractor -extracted value ([first_na5_0_] : [VARCHAR]) - [h]
2026-03-06 10:11:22 [http-nio-8082-exec-8] TRACE org.hibernate.type.descriptor.sql.BasicExtractor -extracted value ([position6_0_] : [VARCHAR]) - [jefe]
2026-03-06 10:11:22 [http-nio-8082-exec-8] TRACE org.hibernate.type.descriptor.sql.BasicExtractor -extracted value ([second_l7_0_] : [VARCHAR]) - [o]
2026-03-06 10:11:22 [http-nio-8082-exec-8] TRACE org.hibernate.type.descriptor.sql.BasicExtractor -extracted value ([second_n8_0_] : [VARCHAR]) - [h]
2026-03-06 10:11:22 [http-nio-8082-exec-8] TRACE org.hibernate.type.descriptor.sql.BasicExtractor -extracted value ([sex9_0_] : [VARCHAR]) - [null]
2026-03-06 10:11:22 [http-nio-8082-exec-8] TRACE org.hibernate.type.descriptor.sql.BasicExtractor -extracted value ([status10_0_] : [BOOLEAN]) - [true]
2026-03-06 10:11:22 [http-nio-8082-exec-8] TRACE org.hibernate.type.descriptor.sql.BasicExtractor -extracted value ([system_11_0_] : [DATE]) - [2026-03-06]
2026-03-06 10:15:38 [SpringApplicationShutdownHook] INFO  org.springframework.orm.jpa.LocalContainerEntityManagerFactoryBean -Closing JPA EntityManagerFactory for persistence unit 'default'
2026-03-06 10:15:38 [SpringApplicationShutdownHook] INFO  org.hibernate.tool.schema.internal.SchemaDropperImpl$DelayedDropActionImpl -HHH000477: Starting delayed evictData of schema as part of SessionFactory shut-down'
2026-03-06 10:15:38 [SpringApplicationShutdownHook] DEBUG org.hibernate.SQL -
    
    drop table if exists employee CASCADE 
2026-03-06 10:15:38 [SpringApplicationShutdownHook] INFO  com.zaxxer.hikari.HikariDataSource -HikariPool-1 - Shutdown initiated...
2026-03-06 10:15:38 [SpringApplicationShutdownHook] INFO  com.zaxxer.hikari.HikariDataSource -HikariPool-1 - Shutdown completed.
2026-03-06 11:53:00 [main] INFO  com.system.MsvcEmployeeApplication -Starting MsvcEmployeeApplication using Java 21.0.9 on DESKTOP-1D84HCV with PID 7856 (C:\Users\OWNER\Desktop\microservice-project\msvc-employee\target\classes started by OWNER in C:\Users\OWNER\Desktop\microservice-project\msvc-employee)
2026-03-06 11:53:00 [main] DEBUG com.system.MsvcEmployeeApplication -Running with Spring Boot v2.7.18, Spring v5.3.31
2026-03-06 11:53:00 [main] INFO  com.system.MsvcEmployeeApplication -No active profile set, falling back to 1 default profile: "default"
2026-03-06 11:53:02 [main] INFO  org.springframework.data.repository.config.RepositoryConfigurationDelegate -Bootstrapping Spring Data JPA repositories in DEFAULT mode.
2026-03-06 11:53:02 [main] INFO  org.springframework.data.repository.config.RepositoryConfigurationDelegate -Finished Spring Data repository scanning in 211 ms. Found 1 JPA repository interfaces.
2026-03-06 11:53:02 [main] INFO  org.springframework.cloud.context.scope.GenericScope -BeanFactory id=9922f21d-f44e-3c19-9b63-d67f93297016
2026-03-06 11:53:03 [main] INFO  org.springframework.context.support.PostProcessorRegistrationDelegate$BeanPostProcessorChecker -Bean 'org.springframework.ws.config.annotation.DelegatingWsConfiguration' of type [org.springframework.ws.config.annotation.DelegatingWsConfiguration$$EnhancerBySpringCGLIB$$3f3c6600] is not eligible for getting processed by all BeanPostProcessors (for example: not eligible for auto-proxying)
2026-03-06 11:53:03 [main] INFO  org.springframework.ws.soap.addressing.server.AnnotationActionEndpointMapping -Supporting [WS-Addressing August 2004, WS-Addressing 1.0]
2026-03-06 11:53:04 [main] INFO  org.springframework.boot.web.embedded.tomcat.TomcatWebServer -Tomcat initialized with port(s): 8082 (http)
2026-03-06 11:53:04 [main] INFO  org.springframework.boot.web.servlet.context.ServletWebServerApplicationContext -Root WebApplicationContext: initialization completed in 4034 ms
2026-03-06 11:53:04 [main] INFO  com.zaxxer.hikari.HikariDataSource -HikariPool-1 - Starting...
2026-03-06 11:53:05 [main] INFO  com.zaxxer.hikari.HikariDataSource -HikariPool-1 - Start completed.
2026-03-06 11:53:05 [main] INFO  org.springframework.boot.autoconfigure.h2.H2ConsoleAutoConfiguration -H2 console available at '/h2-console'. Database available at 'jdbc:h2:mem:superdb'
2026-03-06 11:53:06 [main] INFO  org.hibernate.jpa.internal.util.LogHelper -HHH000204: Processing PersistenceUnitInfo [name: default]
2026-03-06 11:53:06 [main] INFO  org.hibernate.Version -HHH000412: Hibernate ORM core version 5.6.15.Final
2026-03-06 11:53:06 [main] INFO  org.hibernate.annotations.common.Version -HCANN000001: Hibernate Commons Annotations {5.1.2.Final}
2026-03-06 11:53:06 [main] INFO  org.hibernate.dialect.Dialect -HHH000400: Using dialect: org.hibernate.dialect.H2Dialect
2026-03-06 11:53:07 [main] DEBUG org.hibernate.SQL -
    
    drop table if exists employee CASCADE 
2026-03-06 11:53:07 [main] DEBUG org.hibernate.SQL -
    
    create table employee (
       id bigint generated by default as identity,
        age integer not null,
        date_birth varchar(255),
        first_last_name varchar(255),
        first_name varchar(255),
        position varchar(255),
        second_last_name varchar(255),
        second_name varchar(255),
        sex varchar(255),
        status boolean not null,
        system_registration_date date,
        primary key (id)
    )
2026-03-06 11:53:07 [main] INFO  org.hibernate.engine.transaction.jta.platform.internal.JtaPlatformInitiator -HHH000490: Using JtaPlatform implementation: [org.hibernate.engine.transaction.jta.platform.internal.NoJtaPlatform]
2026-03-06 11:53:07 [main] INFO  org.springframework.orm.jpa.LocalContainerEntityManagerFactoryBean -Initialized JPA EntityManagerFactory for persistence unit 'default'
2026-03-06 11:53:08 [main] WARN  org.springframework.boot.autoconfigure.orm.jpa.JpaBaseConfiguration$JpaWebConfiguration -spring.jpa.open-in-view is enabled by default. Therefore, database queries may be performed during view rendering. Explicitly configure spring.jpa.open-in-view to disable this warning
2026-03-06 11:53:10 [main] INFO  org.springframework.cloud.netflix.eureka.config.DiscoveryClientOptionalArgsConfiguration -Eureka HTTP Client uses RestTemplate.
2026-03-06 11:53:10 [main] WARN  org.springframework.cloud.loadbalancer.config.LoadBalancerCacheAutoConfiguration$LoadBalancerCaffeineWarnLogger -Spring Cloud LoadBalancer is currently working with the default cache. While this cache implementation is useful for development and tests, it's recommended to use Caffeine cache in production.You can switch to using Caffeine cache, by adding it and org.springframework.cache.caffeine.CaffeineCacheManager to the classpath.
2026-03-06 11:53:10 [main] INFO  org.springframework.boot.actuate.endpoint.web.EndpointLinksResolver -Exposing 1 endpoint(s) beneath base path '/actuator'
2026-03-06 11:53:10 [main] INFO  org.springframework.cloud.netflix.eureka.InstanceInfoFactory -Setting initial instance status as: STARTING
2026-03-06 11:53:10 [main] INFO  com.netflix.discovery.DiscoveryClient -Initializing Eureka in region us-east-1
2026-03-06 11:53:10 [main] INFO  com.netflix.discovery.shared.resolver.aws.ConfigClusterResolver -Resolving eureka endpoints via configuration
2026-03-06 11:53:10 [main] INFO  com.netflix.discovery.DiscoveryClient -Disable delta property : false
2026-03-06 11:53:10 [main] INFO  com.netflix.discovery.DiscoveryClient -Single vip registry refresh property : null
2026-03-06 11:53:10 [main] INFO  com.netflix.discovery.DiscoveryClient -Force full registry fetch : false
2026-03-06 11:53:10 [main] INFO  com.netflix.discovery.DiscoveryClient -Application is null : false
2026-03-06 11:53:10 [main] INFO  com.netflix.discovery.DiscoveryClient -Registered Applications size is zero : true
2026-03-06 11:53:10 [main] INFO  com.netflix.discovery.DiscoveryClient -Application version is -1: true
2026-03-06 11:53:10 [main] INFO  com.netflix.discovery.DiscoveryClient -Getting all instance registry info from the eureka server
2026-03-06 11:53:11 [main] INFO  com.netflix.discovery.shared.transport.decorator.RedirectingEurekaHttpClient -Request execution error. endpoint=DefaultEndpoint{ serviceUrl='http://localhost:8761/eureka/}, exception=I/O error on GET request for "http://localhost:8761/eureka/apps/": Connect to localhost:8761 [localhost/127.0.0.1, localhost/0:0:0:0:0:0:0:1] failed: Connection refused: connect; nested exception is org.apache.http.conn.HttpHostConnectException: Connect to localhost:8761 [localhost/127.0.0.1, localhost/0:0:0:0:0:0:0:1] failed: Connection refused: connect stacktrace=org.springframework.web.client.ResourceAccessException: I/O error on GET request for "http://localhost:8761/eureka/apps/": Connect to localhost:8761 [localhost/127.0.0.1, localhost/0:0:0:0:0:0:0:1] failed: Connection refused: connect; nested exception is org.apache.http.conn.HttpHostConnectException: Connect to localhost:8761 [localhost/127.0.0.1, localhost/0:0:0:0:0:0:0:1] failed: Connection refused: connect
	at org.springframework.web.client.RestTemplate.doExecute(RestTemplate.java:791)
	at org.springframework.web.client.RestTemplate.execute(RestTemplate.java:717)
	at org.springframework.web.client.RestTemplate.exchange(RestTemplate.java:608)
	at org.springframework.cloud.netflix.eureka.http.RestTemplateEurekaHttpClient.getApplicationsInternal(RestTemplateEurekaHttpClient.java:145)
	at org.springframework.cloud.netflix.eureka.http.RestTemplateEurekaHttpClient.getApplications(RestTemplateEurekaHttpClient.java:135)
	at com.netflix.discovery.shared.transport.decorator.EurekaHttpClientDecorator$6.execute(EurekaHttpClientDecorator.java:137)
	at com.netflix.discovery.shared.transport.decorator.RedirectingEurekaHttpClient.executeOnNewServer(RedirectingEurekaHttpClient.java:121)
	at com.netflix.discovery.shared.transport.decorator.RedirectingEurekaHttpClient.execute(RedirectingEurekaHttpClient.java:80)
	at com.netflix.discovery.shared.transport.decorator.EurekaHttpClientDecorator.getApplications(EurekaHttpClientDecorator.java:134)
	at com.netflix.discovery.shared.transport.decorator.EurekaHttpClientDecorator$6.execute(EurekaHttpClientDecorator.java:137)
	at com.netflix.discovery.shared.transport.decorator.RetryableEurekaHttpClient.execute(RetryableEurekaHttpClient.java:120)
	at com.netflix.discovery.shared.transport.decorator.EurekaHttpClientDecorator.getApplications(EurekaHttpClientDecorator.java:134)
	at com.netflix.discovery.shared.transport.decorator.EurekaHttpClientDecorator$6.execute(EurekaHttpClientDecorator.java:137)
	at com.netflix.discovery.shared.transport.decorator.SessionedEurekaHttpClient.execute(SessionedEurekaHttpClient.java:77)
	at com.netflix.discovery.shared.transport.decorator.EurekaHttpClientDecorator.getApplications(EurekaHttpClientDecorator.java:134)
	at com.netflix.discovery.DiscoveryClient.getAndStoreFullRegistry(DiscoveryClient.java:1101)
	at com.netflix.discovery.DiscoveryClient.fetchRegistry(DiscoveryClient.java:1014)
	at com.netflix.discovery.DiscoveryClient.<init>(DiscoveryClient.java:441)
	at com.netflix.discovery.DiscoveryClient.<init>(DiscoveryClient.java:283)
	at com.netflix.discovery.DiscoveryClient.<init>(DiscoveryClient.java:279)
	at org.springframework.cloud.netflix.eureka.CloudEurekaClient.<init>(CloudEurekaClient.java:66)
	at org.springframework.cloud.netflix.eureka.EurekaClientAutoConfiguration$RefreshableEurekaClientConfiguration.eurekaClient(EurekaClientAutoConfiguration.java:295)
	at java.base/jdk.internal.reflect.DirectMethodHandleAccessor.invoke(DirectMethodHandleAccessor.java:103)
	at java.base/java.lang.reflect.Method.invoke(Method.java:580)
	at org.springframework.beans.factory.support.SimpleInstantiationStrategy.instantiate(SimpleInstantiationStrategy.java:154)
	at org.springframework.beans.factory.support.ConstructorResolver.instantiate(ConstructorResolver.java:648)
	at org.springframework.beans.factory.support.ConstructorResolver.instantiateUsingFactoryMethod(ConstructorResolver.java:633)
	at org.springframework.beans.factory.support.AbstractAutowireCapableBeanFactory.instantiateUsingFactoryMethod(AbstractAutowireCapableBeanFactory.java:1352)
	at org.springframework.beans.factory.support.AbstractAutowireCapableBeanFactory.createBeanInstance(AbstractAutowireCapableBeanFactory.java:1195)
	at org.springframework.beans.factory.support.AbstractAutowireCapableBeanFactory.doCreateBean(AbstractAutowireCapableBeanFactory.java:582)
	at org.springframework.beans.factory.support.AbstractAutowireCapableBeanFactory.createBean(AbstractAutowireCapableBeanFactory.java:542)
	at org.springframework.beans.factory.support.AbstractBeanFactory.lambda$doGetBean$1(AbstractBeanFactory.java:374)
	at org.springframework.cloud.context.scope.GenericScope$BeanLifecycleWrapper.getBean(GenericScope.java:376)
	at org.springframework.cloud.context.scope.GenericScope.get(GenericScope.java:179)
	at org.springframework.beans.factory.support.AbstractBeanFactory.doGetBean(AbstractBeanFactory.java:371)
	at org.springframework.beans.factory.support.AbstractBeanFactory.getBean(AbstractBeanFactory.java:208)
	at org.springframework.aop.target.SimpleBeanTargetSource.getTarget(SimpleBeanTargetSource.java:35)
	at org.springframework.cloud.netflix.eureka.serviceregistry.EurekaRegistration.getTargetObject(EurekaRegistration.java:127)
	at org.springframework.cloud.netflix.eureka.serviceregistry.EurekaRegistration.getEurekaClient(EurekaRegistration.java:115)
	at java.base/jdk.internal.reflect.DirectMethodHandleAccessor.invoke(DirectMethodHandleAccessor.java:103)
	at java.base/java.lang.reflect.Method.invoke(Method.java:580)
	at org.springframework.util.ReflectionUtils.invokeMethod(ReflectionUtils.java:282)
	at org.springframework.cloud.context.scope.GenericScope$LockedScopedProxyFactoryBean.invoke(GenericScope.java:485)
	at org.springframework.aop.framework.ReflectiveMethodInvocation.proceed(ReflectiveMethodInvocation.java:186)
	at org.springframework.aop.framework.CglibAopProxy$CglibMethodInvocation.proceed(CglibAopProxy.java:762)
	at org.springframework.aop.framework.CglibAopProxy$DynamicAdvisedInterceptor.intercept(CglibAopProxy.java:707)
	at org.springframework.cloud.netflix.eureka.serviceregistry.EurekaRegistration$$EnhancerBySpringCGLIB$$e39f85e5.getEurekaClient(<generated>)
	at org.springframework.cloud.netflix.eureka.serviceregistry.EurekaServiceRegistry.maybeInitializeClient(EurekaServiceRegistry.java:54)
	at org.springframework.cloud.netflix.eureka.serviceregistry.EurekaServiceRegistry.register(EurekaServiceRegistry.java:38)
	at org.springframework.cloud.netflix.eureka.serviceregistry.EurekaAutoServiceRegistration.start(EurekaAutoServiceRegistration.java:83)
	at org.springframework.context.support.DefaultLifecycleProcessor.doStart(DefaultLifecycleProcessor.java:179)
	at org.springframework.context.support.DefaultLifecycleProcessor.access$200(DefaultLifecycleProcessor.java:54)
	at org.springframework.context.support.DefaultLifecycleProcessor$LifecycleGroup.start(DefaultLifecycleProcessor.java:357)
	at java.base/java.lang.Iterable.forEach(Iterable.java:75)
	at org.springframework.context.support.DefaultLifecycleProcessor.startBeans(DefaultLifecycleProcessor.java:156)
	at org.springframework.context.support.DefaultLifecycleProcessor.onRefresh(DefaultLifecycleProcessor.java:124)
	at org.springframework.context.support.AbstractApplicationContext.finishRefresh(AbstractApplicationContext.java:946)
	at org.springframework.context.support.AbstractApplicationContext.refresh(AbstractApplicationContext.java:594)
	at org.springframework.boot.web.servlet.context.ServletWebServerApplicationContext.refresh(ServletWebServerApplicationContext.java:147)
	at org.springframework.boot.SpringApplication.refresh(SpringApplication.java:732)
	at org.springframework.boot.SpringApplication.refreshContext(SpringApplication.java:409)
	at org.springframework.boot.SpringApplication.run(SpringApplication.java:308)
	at org.springframework.boot.SpringApplication.run(SpringApplication.java:1300)
	at org.springframework.boot.SpringApplication.run(SpringApplication.java:1289)
	at com.system.MsvcEmployeeApplication.main(MsvcEmployeeApplication.java:12)
Caused by: org.apache.http.conn.HttpHostConnectException: Connect to localhost:8761 [localhost/127.0.0.1, localhost/0:0:0:0:0:0:0:1] failed: Connection refused: connect
	at org.apache.http.impl.conn.DefaultHttpClientConnectionOperator.connect(DefaultHttpClientConnectionOperator.java:156)
	at org.apache.http.impl.conn.PoolingHttpClientConnectionManager.connect(PoolingHttpClientConnectionManager.java:376)
	at org.apache.http.impl.execchain.MainClientExec.establishRoute(MainClientExec.java:393)
	at org.apache.http.impl.execchain.MainClientExec.execute(MainClientExec.java:236)
	at org.apache.http.impl.execchain.ProtocolExec.execute(ProtocolExec.java:186)
	at org.apache.http.impl.execchain.RetryExec.execute(RetryExec.java:89)
	at org.apache.http.impl.execchain.RedirectExec.execute(RedirectExec.java:110)
	at org.apache.http.impl.client.InternalHttpClient.doExecute(InternalHttpClient.java:185)
	at org.apache.http.impl.client.CloseableHttpClient.execute(CloseableHttpClient.java:83)
	at org.apache.http.impl.client.CloseableHttpClient.execute(CloseableHttpClient.java:56)
	at org.springframework.http.client.HttpComponentsClientHttpRequest.executeInternal(HttpComponentsClientHttpRequest.java:87)
	at org.springframework.http.client.AbstractBufferingClientHttpRequest.executeInternal(AbstractBufferingClientHttpRequest.java:48)
	at org.springframework.http.client.AbstractClientHttpRequest.execute(AbstractClientHttpRequest.java:66)
	at org.springframework.web.client.RestTemplate.doExecute(RestTemplate.java:782)
	... 64 more
Caused by: java.net.ConnectException: Connection refused: connect
	at java.base/sun.nio.ch.Net.connect0(Native Method)
	at java.base/sun.nio.ch.Net.connect(Net.java:597)
	at java.base/sun.nio.ch.Net.connect(Net.java:586)
	at java.base/sun.nio.ch.NioSocketImpl.connect(NioSocketImpl.java:583)
	at java.base/java.net.SocksSocketImpl.connect(SocksSocketImpl.java:327)
	at java.base/java.net.Socket.connect(Socket.java:751)
	at org.apache.http.conn.socket.PlainConnectionSocketFactory.connectSocket(PlainConnectionSocketFactory.java:75)
	at org.apache.http.impl.conn.DefaultHttpClientConnectionOperator.connect(DefaultHttpClientConnectionOperator.java:142)
	... 77 more

2026-03-06 11:53:11 [main] WARN  com.netflix.discovery.shared.transport.decorator.RetryableEurekaHttpClient -Request execution failed with message: I/O error on GET request for "http://localhost:8761/eureka/apps/": Connect to localhost:8761 [localhost/127.0.0.1, localhost/0:0:0:0:0:0:0:1] failed: Connection refused: connect; nested exception is org.apache.http.conn.HttpHostConnectException: Connect to localhost:8761 [localhost/127.0.0.1, localhost/0:0:0:0:0:0:0:1] failed: Connection refused: connect
2026-03-06 11:53:11 [main] INFO  com.netflix.discovery.DiscoveryClient -DiscoveryClient_MSVC-EMPLOYEE/msvc-employee:6f9a068537d2e9efc8094726504c6e83 - was unable to refresh its cache! This periodic background refresh will be retried in 30 seconds. status = Cannot execute request on any known server stacktrace = com.netflix.discovery.shared.transport.TransportException: Cannot execute request on any known server
	at com.netflix.discovery.shared.transport.decorator.RetryableEurekaHttpClient.execute(RetryableEurekaHttpClient.java:112)
	at com.netflix.discovery.shared.transport.decorator.EurekaHttpClientDecorator.getApplications(EurekaHttpClientDecorator.java:134)
	at com.netflix.discovery.shared.transport.decorator.EurekaHttpClientDecorator$6.execute(EurekaHttpClientDecorator.java:137)
	at com.netflix.discovery.shared.transport.decorator.SessionedEurekaHttpClient.execute(SessionedEurekaHttpClient.java:77)
	at com.netflix.discovery.shared.transport.decorator.EurekaHttpClientDecorator.getApplications(EurekaHttpClientDecorator.java:134)
	at com.netflix.discovery.DiscoveryClient.getAndStoreFullRegistry(DiscoveryClient.java:1101)
	at com.netflix.discovery.DiscoveryClient.fetchRegistry(DiscoveryClient.java:1014)
	at com.netflix.discovery.DiscoveryClient.<init>(DiscoveryClient.java:441)
	at com.netflix.discovery.DiscoveryClient.<init>(DiscoveryClient.java:283)
	at com.netflix.discovery.DiscoveryClient.<init>(DiscoveryClient.java:279)
	at org.springframework.cloud.netflix.eureka.CloudEurekaClient.<init>(CloudEurekaClient.java:66)
	at org.springframework.cloud.netflix.eureka.EurekaClientAutoConfiguration$RefreshableEurekaClientConfiguration.eurekaClient(EurekaClientAutoConfiguration.java:295)
	at java.base/jdk.internal.reflect.DirectMethodHandleAccessor.invoke(DirectMethodHandleAccessor.java:103)
	at java.base/java.lang.reflect.Method.invoke(Method.java:580)
	at org.springframework.beans.factory.support.SimpleInstantiationStrategy.instantiate(SimpleInstantiationStrategy.java:154)
	at org.springframework.beans.factory.support.ConstructorResolver.instantiate(ConstructorResolver.java:648)
	at org.springframework.beans.factory.support.ConstructorResolver.instantiateUsingFactoryMethod(ConstructorResolver.java:633)
	at org.springframework.beans.factory.support.AbstractAutowireCapableBeanFactory.instantiateUsingFactoryMethod(AbstractAutowireCapableBeanFactory.java:1352)
	at org.springframework.beans.factory.support.AbstractAutowireCapableBeanFactory.createBeanInstance(AbstractAutowireCapableBeanFactory.java:1195)
	at org.springframework.beans.factory.support.AbstractAutowireCapableBeanFactory.doCreateBean(AbstractAutowireCapableBeanFactory.java:582)
	at org.springframework.beans.factory.support.AbstractAutowireCapableBeanFactory.createBean(AbstractAutowireCapableBeanFactory.java:542)
	at org.springframework.beans.factory.support.AbstractBeanFactory.lambda$doGetBean$1(AbstractBeanFactory.java:374)
	at org.springframework.cloud.context.scope.GenericScope$BeanLifecycleWrapper.getBean(GenericScope.java:376)
	at org.springframework.cloud.context.scope.GenericScope.get(GenericScope.java:179)
	at org.springframework.beans.factory.support.AbstractBeanFactory.doGetBean(AbstractBeanFactory.java:371)
	at org.springframework.beans.factory.support.AbstractBeanFactory.getBean(AbstractBeanFactory.java:208)
	at org.springframework.aop.target.SimpleBeanTargetSource.getTarget(SimpleBeanTargetSource.java:35)
	at org.springframework.cloud.netflix.eureka.serviceregistry.EurekaRegistration.getTargetObject(EurekaRegistration.java:127)
	at org.springframework.cloud.netflix.eureka.serviceregistry.EurekaRegistration.getEurekaClient(EurekaRegistration.java:115)
	at java.base/jdk.internal.reflect.DirectMethodHandleAccessor.invoke(DirectMethodHandleAccessor.java:103)
	at java.base/java.lang.reflect.Method.invoke(Method.java:580)
	at org.springframework.util.ReflectionUtils.invokeMethod(ReflectionUtils.java:282)
	at org.springframework.cloud.context.scope.GenericScope$LockedScopedProxyFactoryBean.invoke(GenericScope.java:485)
	at org.springframework.aop.framework.ReflectiveMethodInvocation.proceed(ReflectiveMethodInvocation.java:186)
	at org.springframework.aop.framework.CglibAopProxy$CglibMethodInvocation.proceed(CglibAopProxy.java:762)
	at org.springframework.aop.framework.CglibAopProxy$DynamicAdvisedInterceptor.intercept(CglibAopProxy.java:707)
	at org.springframework.cloud.netflix.eureka.serviceregistry.EurekaRegistration$$EnhancerBySpringCGLIB$$e39f85e5.getEurekaClient(<generated>)
	at org.springframework.cloud.netflix.eureka.serviceregistry.EurekaServiceRegistry.maybeInitializeClient(EurekaServiceRegistry.java:54)
	at org.springframework.cloud.netflix.eureka.serviceregistry.EurekaServiceRegistry.register(EurekaServiceRegistry.java:38)
	at org.springframework.cloud.netflix.eureka.serviceregistry.EurekaAutoServiceRegistration.start(EurekaAutoServiceRegistration.java:83)
	at org.springframework.context.support.DefaultLifecycleProcessor.doStart(DefaultLifecycleProcessor.java:179)
	at org.springframework.context.support.DefaultLifecycleProcessor.access$200(DefaultLifecycleProcessor.java:54)
	at org.springframework.context.support.DefaultLifecycleProcessor$LifecycleGroup.start(DefaultLifecycleProcessor.java:357)
	at java.base/java.lang.Iterable.forEach(Iterable.java:75)
	at org.springframework.context.support.DefaultLifecycleProcessor.startBeans(DefaultLifecycleProcessor.java:156)
	at org.springframework.context.support.DefaultLifecycleProcessor.onRefresh(DefaultLifecycleProcessor.java:124)
	at org.springframework.context.support.AbstractApplicationContext.finishRefresh(AbstractApplicationContext.java:946)
	at org.springframework.context.support.AbstractApplicationContext.refresh(AbstractApplicationContext.java:594)
	at org.springframework.boot.web.servlet.context.ServletWebServerApplicationContext.refresh(ServletWebServerApplicationContext.java:147)
	at org.springframework.boot.SpringApplication.refresh(SpringApplication.java:732)
	at org.springframework.boot.SpringApplication.refreshContext(SpringApplication.java:409)
	at org.springframework.boot.SpringApplication.run(SpringApplication.java:308)
	at org.springframework.boot.SpringApplication.run(SpringApplication.java:1300)
	at org.springframework.boot.SpringApplication.run(SpringApplication.java:1289)
	at com.system.MsvcEmployeeApplication.main(MsvcEmployeeApplication.java:12)

2026-03-06 11:53:11 [main] INFO  com.netflix.discovery.DiscoveryClient -Initial registry fetch from primary servers failed
2026-03-06 11:53:11 [main] WARN  com.netflix.discovery.DiscoveryClient -Using default backup registry implementation which does not do anything.
2026-03-06 11:53:11 [main] INFO  com.netflix.discovery.DiscoveryClient -Initial registry fetch from backup servers failed
2026-03-06 11:53:11 [main] INFO  com.netflix.discovery.DiscoveryClient -Starting heartbeat executor: renew interval is: 30
2026-03-06 11:53:11 [main] INFO  com.netflix.discovery.InstanceInfoReplicator -InstanceInfoReplicator onDemand update allowed rate per min is 4
2026-03-06 11:53:11 [main] INFO  com.netflix.discovery.DiscoveryClient -Discovery Client initialized at timestamp 1772819591345 with initial instances count: 0
2026-03-06 11:53:11 [main] INFO  org.springframework.cloud.netflix.eureka.serviceregistry.EurekaServiceRegistry -Registering application MSVC-EMPLOYEE with eureka with status UP
2026-03-06 11:53:11 [main] INFO  com.netflix.discovery.DiscoveryClient -Saw local status change event StatusChangeEvent [timestamp=1772819591349, current=UP, previous=STARTING]
2026-03-06 11:53:11 [DiscoveryClient-InstanceInfoReplicator-0] INFO  com.netflix.discovery.DiscoveryClient -DiscoveryClient_MSVC-EMPLOYEE/msvc-employee:6f9a068537d2e9efc8094726504c6e83: registering service...
2026-03-06 11:53:11 [main] INFO  org.springframework.boot.web.embedded.tomcat.TomcatWebServer -Tomcat started on port(s): 8082 (http) with context path ''
2026-03-06 11:53:11 [main] INFO  org.springframework.cloud.netflix.eureka.serviceregistry.EurekaAutoServiceRegistration -Updating port to 8082
2026-03-06 11:53:11 [DiscoveryClient-InstanceInfoReplicator-0] INFO  com.netflix.discovery.shared.transport.decorator.RedirectingEurekaHttpClient -Request execution error. endpoint=DefaultEndpoint{ serviceUrl='http://localhost:8761/eureka/}, exception=I/O error on POST request for "http://localhost:8761/eureka/apps/MSVC-EMPLOYEE": Connect to localhost:8761 [localhost/127.0.0.1, localhost/0:0:0:0:0:0:0:1] failed: Connection refused: connect; nested exception is org.apache.http.conn.HttpHostConnectException: Connect to localhost:8761 [localhost/127.0.0.1, localhost/0:0:0:0:0:0:0:1] failed: Connection refused: connect stacktrace=org.springframework.web.client.ResourceAccessException: I/O error on POST request for "http://localhost:8761/eureka/apps/MSVC-EMPLOYEE": Connect to localhost:8761 [localhost/127.0.0.1, localhost/0:0:0:0:0:0:0:1] failed: Connection refused: connect; nested exception is org.apache.http.conn.HttpHostConnectException: Connect to localhost:8761 [localhost/127.0.0.1, localhost/0:0:0:0:0:0:0:1] failed: Connection refused: connect
	at org.springframework.web.client.RestTemplate.doExecute(RestTemplate.java:791)
	at org.springframework.web.client.RestTemplate.execute(RestTemplate.java:717)
	at org.springframework.web.client.RestTemplate.exchange(RestTemplate.java:608)
	at org.springframework.cloud.netflix.eureka.http.RestTemplateEurekaHttpClient.register(RestTemplateEurekaHttpClient.java:77)
	at com.netflix.discovery.shared.transport.decorator.EurekaHttpClientDecorator$1.execute(EurekaHttpClientDecorator.java:59)
	at com.netflix.discovery.shared.transport.decorator.RedirectingEurekaHttpClient.executeOnNewServer(RedirectingEurekaHttpClient.java:121)
	at com.netflix.discovery.shared.transport.decorator.RedirectingEurekaHttpClient.execute(RedirectingEurekaHttpClient.java:80)
	at com.netflix.discovery.shared.transport.decorator.EurekaHttpClientDecorator.register(EurekaHttpClientDecorator.java:56)
	at com.netflix.discovery.shared.transport.decorator.EurekaHttpClientDecorator$1.execute(EurekaHttpClientDecorator.java:59)
	at com.netflix.discovery.shared.transport.decorator.RetryableEurekaHttpClient.execute(RetryableEurekaHttpClient.java:120)
	at com.netflix.discovery.shared.transport.decorator.EurekaHttpClientDecorator.register(EurekaHttpClientDecorator.java:56)
	at com.netflix.discovery.shared.transport.decorator.EurekaHttpClientDecorator$1.execute(EurekaHttpClientDecorator.java:59)
	at com.netflix.discovery.shared.transport.decorator.SessionedEurekaHttpClient.execute(SessionedEurekaHttpClient.java:77)
	at com.netflix.discovery.shared.transport.decorator.EurekaHttpClientDecorator.register(EurekaHttpClientDecorator.java:56)
	at com.netflix.discovery.DiscoveryClient.register(DiscoveryClient.java:876)
	at com.netflix.discovery.InstanceInfoReplicator.run(InstanceInfoReplicator.java:121)
	at com.netflix.discovery.InstanceInfoReplicator$1.run(InstanceInfoReplicator.java:101)
	at java.base/java.util.concurrent.Executors$RunnableAdapter.call(Executors.java:572)
	at java.base/java.util.concurrent.FutureTask.run(FutureTask.java:317)
	at java.base/java.util.concurrent.ScheduledThreadPoolExecutor$ScheduledFutureTask.run(ScheduledThreadPoolExecutor.java:304)
	at java.base/java.util.concurrent.ThreadPoolExecutor.runWorker(ThreadPoolExecutor.java:1144)
	at java.base/java.util.concurrent.ThreadPoolExecutor$Worker.run(ThreadPoolExecutor.java:642)
	at java.base/java.lang.Thread.run(Thread.java:1583)
Caused by: org.apache.http.conn.HttpHostConnectException: Connect to localhost:8761 [localhost/127.0.0.1, localhost/0:0:0:0:0:0:0:1] failed: Connection refused: connect
	at org.apache.http.impl.conn.DefaultHttpClientConnectionOperator.connect(DefaultHttpClientConnectionOperator.java:156)
	at org.apache.http.impl.conn.PoolingHttpClientConnectionManager.connect(PoolingHttpClientConnectionManager.java:376)
	at org.apache.http.impl.execchain.MainClientExec.establishRoute(MainClientExec.java:393)
	at org.apache.http.impl.execchain.MainClientExec.execute(MainClientExec.java:236)
	at org.apache.http.impl.execchain.ProtocolExec.execute(ProtocolExec.java:186)
	at org.apache.http.impl.execchain.RetryExec.execute(RetryExec.java:89)
	at org.apache.http.impl.execchain.RedirectExec.execute(RedirectExec.java:110)
	at org.apache.http.impl.client.InternalHttpClient.doExecute(InternalHttpClient.java:185)
	at org.apache.http.impl.client.CloseableHttpClient.execute(CloseableHttpClient.java:83)
	at org.apache.http.impl.client.CloseableHttpClient.execute(CloseableHttpClient.java:56)
	at org.springframework.http.client.HttpComponentsClientHttpRequest.executeInternal(HttpComponentsClientHttpRequest.java:87)
	at org.springframework.http.client.AbstractBufferingClientHttpRequest.executeInternal(AbstractBufferingClientHttpRequest.java:48)
	at org.springframework.http.client.AbstractClientHttpRequest.execute(AbstractClientHttpRequest.java:66)
	at org.springframework.web.client.RestTemplate.doExecute(RestTemplate.java:782)
	... 22 more
Caused by: java.net.ConnectException: Connection refused: connect
	at java.base/sun.nio.ch.Net.connect0(Native Method)
	at java.base/sun.nio.ch.Net.connect(Net.java:597)
	at java.base/sun.nio.ch.Net.connect(Net.java:586)
	at java.base/sun.nio.ch.NioSocketImpl.connect(NioSocketImpl.java:583)
	at java.base/java.net.SocksSocketImpl.connect(SocksSocketImpl.java:327)
	at java.base/java.net.Socket.connect(Socket.java:751)
	at org.apache.http.conn.socket.PlainConnectionSocketFactory.connectSocket(PlainConnectionSocketFactory.java:75)
	at org.apache.http.impl.conn.DefaultHttpClientConnectionOperator.connect(DefaultHttpClientConnectionOperator.java:142)
	... 35 more

2026-03-06 11:53:11 [DiscoveryClient-InstanceInfoReplicator-0] WARN  com.netflix.discovery.shared.transport.decorator.RetryableEurekaHttpClient -Request execution failed with message: I/O error on POST request for "http://localhost:8761/eureka/apps/MSVC-EMPLOYEE": Connect to localhost:8761 [localhost/127.0.0.1, localhost/0:0:0:0:0:0:0:1] failed: Connection refused: connect; nested exception is org.apache.http.conn.HttpHostConnectException: Connect to localhost:8761 [localhost/127.0.0.1, localhost/0:0:0:0:0:0:0:1] failed: Connection refused: connect
2026-03-06 11:53:11 [main] INFO  com.system.MsvcEmployeeApplication -Started MsvcEmployeeApplication in 12.321 seconds (JVM running for 13.427)
2026-03-06 11:53:11 [SpringApplicationShutdownHook] INFO  org.springframework.cloud.netflix.eureka.serviceregistry.EurekaServiceRegistry -Unregistering application MSVC-EMPLOYEE with eureka with status DOWN
2026-03-06 11:53:11 [SpringApplicationShutdownHook] INFO  com.netflix.discovery.DiscoveryClient -Saw local status change event StatusChangeEvent [timestamp=1772819591424, current=DOWN, previous=UP]
2026-03-06 11:53:11 [DiscoveryClient-InstanceInfoReplicator-0] WARN  com.netflix.discovery.DiscoveryClient -DiscoveryClient_MSVC-EMPLOYEE/msvc-employee:6f9a068537d2e9efc8094726504c6e83 - registration failed Cannot execute request on any known server
com.netflix.discovery.shared.transport.TransportException: Cannot execute request on any known server
	at com.netflix.discovery.shared.transport.decorator.RetryableEurekaHttpClient.execute(RetryableEurekaHttpClient.java:112)
	at com.netflix.discovery.shared.transport.decorator.EurekaHttpClientDecorator.register(EurekaHttpClientDecorator.java:56)
	at com.netflix.discovery.shared.transport.decorator.EurekaHttpClientDecorator$1.execute(EurekaHttpClientDecorator.java:59)
	at com.netflix.discovery.shared.transport.decorator.SessionedEurekaHttpClient.execute(SessionedEurekaHttpClient.java:77)
	at com.netflix.discovery.shared.transport.decorator.EurekaHttpClientDecorator.register(EurekaHttpClientDecorator.java:56)
	at com.netflix.discovery.DiscoveryClient.register(DiscoveryClient.java:876)
	at com.netflix.discovery.InstanceInfoReplicator.run(InstanceInfoReplicator.java:121)
	at com.netflix.discovery.InstanceInfoReplicator$1.run(InstanceInfoReplicator.java:101)
	at java.base/java.util.concurrent.Executors$RunnableAdapter.call(Executors.java:572)
	at java.base/java.util.concurrent.FutureTask.run(FutureTask.java:317)
	at java.base/java.util.concurrent.ScheduledThreadPoolExecutor$ScheduledFutureTask.run(ScheduledThreadPoolExecutor.java:304)
	at java.base/java.util.concurrent.ThreadPoolExecutor.runWorker(ThreadPoolExecutor.java:1144)
	at java.base/java.util.concurrent.ThreadPoolExecutor$Worker.run(ThreadPoolExecutor.java:642)
	at java.base/java.lang.Thread.run(Thread.java:1583)
2026-03-06 11:53:11 [DiscoveryClient-InstanceInfoReplicator-0] WARN  com.netflix.discovery.InstanceInfoReplicator -There was a problem with the instance info replicator
com.netflix.discovery.shared.transport.TransportException: Cannot execute request on any known server
	at com.netflix.discovery.shared.transport.decorator.RetryableEurekaHttpClient.execute(RetryableEurekaHttpClient.java:112)
	at com.netflix.discovery.shared.transport.decorator.EurekaHttpClientDecorator.register(EurekaHttpClientDecorator.java:56)
	at com.netflix.discovery.shared.transport.decorator.EurekaHttpClientDecorator$1.execute(EurekaHttpClientDecorator.java:59)
	at com.netflix.discovery.shared.transport.decorator.SessionedEurekaHttpClient.execute(SessionedEurekaHttpClient.java:77)
	at com.netflix.discovery.shared.transport.decorator.EurekaHttpClientDecorator.register(EurekaHttpClientDecorator.java:56)
	at com.netflix.discovery.DiscoveryClient.register(DiscoveryClient.java:876)
	at com.netflix.discovery.InstanceInfoReplicator.run(InstanceInfoReplicator.java:121)
	at com.netflix.discovery.InstanceInfoReplicator$1.run(InstanceInfoReplicator.java:101)
	at java.base/java.util.concurrent.Executors$RunnableAdapter.call(Executors.java:572)
	at java.base/java.util.concurrent.FutureTask.run(FutureTask.java:317)
	at java.base/java.util.concurrent.ScheduledThreadPoolExecutor$ScheduledFutureTask.run(ScheduledThreadPoolExecutor.java:304)
	at java.base/java.util.concurrent.ThreadPoolExecutor.runWorker(ThreadPoolExecutor.java:1144)
	at java.base/java.util.concurrent.ThreadPoolExecutor$Worker.run(ThreadPoolExecutor.java:642)
	at java.base/java.lang.Thread.run(Thread.java:1583)
2026-03-06 11:53:11 [DiscoveryClient-InstanceInfoReplicator-0] INFO  com.netflix.discovery.DiscoveryClient -DiscoveryClient_MSVC-EMPLOYEE/msvc-employee:6f9a068537d2e9efc8094726504c6e83: registering service...
2026-03-06 11:53:11 [DiscoveryClient-InstanceInfoReplicator-0] INFO  com.netflix.discovery.shared.transport.decorator.RedirectingEurekaHttpClient -Request execution error. endpoint=DefaultEndpoint{ serviceUrl='http://localhost:8761/eureka/}, exception=I/O error on POST request for "http://localhost:8761/eureka/apps/MSVC-EMPLOYEE": Connect to localhost:8761 [localhost/127.0.0.1, localhost/0:0:0:0:0:0:0:1] failed: Connection refused: connect; nested exception is org.apache.http.conn.HttpHostConnectException: Connect to localhost:8761 [localhost/127.0.0.1, localhost/0:0:0:0:0:0:0:1] failed: Connection refused: connect stacktrace=org.springframework.web.client.ResourceAccessException: I/O error on POST request for "http://localhost:8761/eureka/apps/MSVC-EMPLOYEE": Connect to localhost:8761 [localhost/127.0.0.1, localhost/0:0:0:0:0:0:0:1] failed: Connection refused: connect; nested exception is org.apache.http.conn.HttpHostConnectException: Connect to localhost:8761 [localhost/127.0.0.1, localhost/0:0:0:0:0:0:0:1] failed: Connection refused: connect
	at org.springframework.web.client.RestTemplate.doExecute(RestTemplate.java:791)
	at org.springframework.web.client.RestTemplate.execute(RestTemplate.java:717)
	at org.springframework.web.client.RestTemplate.exchange(RestTemplate.java:608)
	at org.springframework.cloud.netflix.eureka.http.RestTemplateEurekaHttpClient.register(RestTemplateEurekaHttpClient.java:77)
	at com.netflix.discovery.shared.transport.decorator.EurekaHttpClientDecorator$1.execute(EurekaHttpClientDecorator.java:59)
	at com.netflix.discovery.shared.transport.decorator.RedirectingEurekaHttpClient.executeOnNewServer(RedirectingEurekaHttpClient.java:121)
	at com.netflix.discovery.shared.transport.decorator.RedirectingEurekaHttpClient.execute(RedirectingEurekaHttpClient.java:80)
	at com.netflix.discovery.shared.transport.decorator.EurekaHttpClientDecorator.register(EurekaHttpClientDecorator.java:56)
	at com.netflix.discovery.shared.transport.decorator.EurekaHttpClientDecorator$1.execute(EurekaHttpClientDecorator.java:59)
	at com.netflix.discovery.shared.transport.decorator.RetryableEurekaHttpClient.execute(RetryableEurekaHttpClient.java:120)
	at com.netflix.discovery.shared.transport.decorator.EurekaHttpClientDecorator.register(EurekaHttpClientDecorator.java:56)
	at com.netflix.discovery.shared.transport.decorator.EurekaHttpClientDecorator$1.execute(EurekaHttpClientDecorator.java:59)
	at com.netflix.discovery.shared.transport.decorator.SessionedEurekaHttpClient.execute(SessionedEurekaHttpClient.java:77)
	at com.netflix.discovery.shared.transport.decorator.EurekaHttpClientDecorator.register(EurekaHttpClientDecorator.java:56)
	at com.netflix.discovery.DiscoveryClient.register(DiscoveryClient.java:876)
	at com.netflix.discovery.InstanceInfoReplicator.run(InstanceInfoReplicator.java:121)
	at com.netflix.discovery.InstanceInfoReplicator$1.run(InstanceInfoReplicator.java:101)
	at java.base/java.util.concurrent.Executors$RunnableAdapter.call(Executors.java:572)
	at java.base/java.util.concurrent.FutureTask.run(FutureTask.java:317)
	at java.base/java.util.concurrent.ScheduledThreadPoolExecutor$ScheduledFutureTask.run(ScheduledThreadPoolExecutor.java:304)
	at java.base/java.util.concurrent.ThreadPoolExecutor.runWorker(ThreadPoolExecutor.java:1144)
	at java.base/java.util.concurrent.ThreadPoolExecutor$Worker.run(ThreadPoolExecutor.java:642)
	at java.base/java.lang.Thread.run(Thread.java:1583)
Caused by: org.apache.http.conn.HttpHostConnectException: Connect to localhost:8761 [localhost/127.0.0.1, localhost/0:0:0:0:0:0:0:1] failed: Connection refused: connect
	at org.apache.http.impl.conn.DefaultHttpClientConnectionOperator.connect(DefaultHttpClientConnectionOperator.java:156)
	at org.apache.http.impl.conn.PoolingHttpClientConnectionManager.connect(PoolingHttpClientConnectionManager.java:376)
	at org.apache.http.impl.execchain.MainClientExec.establishRoute(MainClientExec.java:393)
	at org.apache.http.impl.execchain.MainClientExec.execute(MainClientExec.java:236)
	at org.apache.http.impl.execchain.ProtocolExec.execute(ProtocolExec.java:186)
	at org.apache.http.impl.execchain.RetryExec.execute(RetryExec.java:89)
	at org.apache.http.impl.execchain.RedirectExec.execute(RedirectExec.java:110)
	at org.apache.http.impl.client.InternalHttpClient.doExecute(InternalHttpClient.java:185)
	at org.apache.http.impl.client.CloseableHttpClient.execute(CloseableHttpClient.java:83)
	at org.apache.http.impl.client.CloseableHttpClient.execute(CloseableHttpClient.java:56)
	at org.springframework.http.client.HttpComponentsClientHttpRequest.executeInternal(HttpComponentsClientHttpRequest.java:87)
	at org.springframework.http.client.AbstractBufferingClientHttpRequest.executeInternal(AbstractBufferingClientHttpRequest.java:48)
	at org.springframework.http.client.AbstractClientHttpRequest.execute(AbstractClientHttpRequest.java:66)
	at org.springframework.web.client.RestTemplate.doExecute(RestTemplate.java:782)
	... 22 more
Caused by: java.net.ConnectException: Connection refused: connect
	at java.base/sun.nio.ch.Net.connect0(Native Method)
	at java.base/sun.nio.ch.Net.connect(Net.java:597)
	at java.base/sun.nio.ch.Net.connect(Net.java:586)
	at java.base/sun.nio.ch.NioSocketImpl.connect(NioSocketImpl.java:583)
	at java.base/java.net.SocksSocketImpl.connect(SocksSocketImpl.java:327)
	at java.base/java.net.Socket.connect(Socket.java:751)
	at org.apache.http.conn.socket.PlainConnectionSocketFactory.connectSocket(PlainConnectionSocketFactory.java:75)
	at org.apache.http.impl.conn.DefaultHttpClientConnectionOperator.connect(DefaultHttpClientConnectionOperator.java:142)
	... 35 more

2026-03-06 11:53:11 [DiscoveryClient-InstanceInfoReplicator-0] WARN  com.netflix.discovery.shared.transport.decorator.RetryableEurekaHttpClient -Request execution failed with message: I/O error on POST request for "http://localhost:8761/eureka/apps/MSVC-EMPLOYEE": Connect to localhost:8761 [localhost/127.0.0.1, localhost/0:0:0:0:0:0:0:1] failed: Connection refused: connect; nested exception is org.apache.http.conn.HttpHostConnectException: Connect to localhost:8761 [localhost/127.0.0.1, localhost/0:0:0:0:0:0:0:1] failed: Connection refused: connect
2026-03-06 11:53:11 [DiscoveryClient-InstanceInfoReplicator-0] WARN  com.netflix.discovery.DiscoveryClient -DiscoveryClient_MSVC-EMPLOYEE/msvc-employee:6f9a068537d2e9efc8094726504c6e83 - registration failed Cannot execute request on any known server
com.netflix.discovery.shared.transport.TransportException: Cannot execute request on any known server
	at com.netflix.discovery.shared.transport.decorator.RetryableEurekaHttpClient.execute(RetryableEurekaHttpClient.java:112)
	at com.netflix.discovery.shared.transport.decorator.EurekaHttpClientDecorator.register(EurekaHttpClientDecorator.java:56)
	at com.netflix.discovery.shared.transport.decorator.EurekaHttpClientDecorator$1.execute(EurekaHttpClientDecorator.java:59)
	at com.netflix.discovery.shared.transport.decorator.SessionedEurekaHttpClient.execute(SessionedEurekaHttpClient.java:77)
	at com.netflix.discovery.shared.transport.decorator.EurekaHttpClientDecorator.register(EurekaHttpClientDecorator.java:56)
	at com.netflix.discovery.DiscoveryClient.register(DiscoveryClient.java:876)
	at com.netflix.discovery.InstanceInfoReplicator.run(InstanceInfoReplicator.java:121)
	at com.netflix.discovery.InstanceInfoReplicator$1.run(InstanceInfoReplicator.java:101)
	at java.base/java.util.concurrent.Executors$RunnableAdapter.call(Executors.java:572)
	at java.base/java.util.concurrent.FutureTask.run(FutureTask.java:317)
	at java.base/java.util.concurrent.ScheduledThreadPoolExecutor$ScheduledFutureTask.run(ScheduledThreadPoolExecutor.java:304)
	at java.base/java.util.concurrent.ThreadPoolExecutor.runWorker(ThreadPoolExecutor.java:1144)
	at java.base/java.util.concurrent.ThreadPoolExecutor$Worker.run(ThreadPoolExecutor.java:642)
	at java.base/java.lang.Thread.run(Thread.java:1583)
2026-03-06 11:53:11 [DiscoveryClient-InstanceInfoReplicator-0] WARN  com.netflix.discovery.InstanceInfoReplicator -There was a problem with the instance info replicator
com.netflix.discovery.shared.transport.TransportException: Cannot execute request on any known server
	at com.netflix.discovery.shared.transport.decorator.RetryableEurekaHttpClient.execute(RetryableEurekaHttpClient.java:112)
	at com.netflix.discovery.shared.transport.decorator.EurekaHttpClientDecorator.register(EurekaHttpClientDecorator.java:56)
	at com.netflix.discovery.shared.transport.decorator.EurekaHttpClientDecorator$1.execute(EurekaHttpClientDecorator.java:59)
	at com.netflix.discovery.shared.transport.decorator.SessionedEurekaHttpClient.execute(SessionedEurekaHttpClient.java:77)
	at com.netflix.discovery.shared.transport.decorator.EurekaHttpClientDecorator.register(EurekaHttpClientDecorator.java:56)
	at com.netflix.discovery.DiscoveryClient.register(DiscoveryClient.java:876)
	at com.netflix.discovery.InstanceInfoReplicator.run(InstanceInfoReplicator.java:121)
	at com.netflix.discovery.InstanceInfoReplicator$1.run(InstanceInfoReplicator.java:101)
	at java.base/java.util.concurrent.Executors$RunnableAdapter.call(Executors.java:572)
	at java.base/java.util.concurrent.FutureTask.run(FutureTask.java:317)
	at java.base/java.util.concurrent.ScheduledThreadPoolExecutor$ScheduledFutureTask.run(ScheduledThreadPoolExecutor.java:304)
	at java.base/java.util.concurrent.ThreadPoolExecutor.runWorker(ThreadPoolExecutor.java:1144)
	at java.base/java.util.concurrent.ThreadPoolExecutor$Worker.run(ThreadPoolExecutor.java:642)
	at java.base/java.lang.Thread.run(Thread.java:1583)
2026-03-06 11:53:11 [SpringApplicationShutdownHook] INFO  org.springframework.orm.jpa.LocalContainerEntityManagerFactoryBean -Closing JPA EntityManagerFactory for persistence unit 'default'
2026-03-06 11:53:11 [SpringApplicationShutdownHook] INFO  org.hibernate.tool.schema.internal.SchemaDropperImpl$DelayedDropActionImpl -HHH000477: Starting delayed evictData of schema as part of SessionFactory shut-down'
2026-03-06 11:53:11 [SpringApplicationShutdownHook] DEBUG org.hibernate.SQL -
    
    drop table if exists employee CASCADE 
2026-03-06 11:53:11 [SpringApplicationShutdownHook] INFO  com.zaxxer.hikari.HikariDataSource -HikariPool-1 - Shutdown initiated...
2026-03-06 11:53:11 [SpringApplicationShutdownHook] INFO  com.zaxxer.hikari.HikariDataSource -HikariPool-1 - Shutdown completed.
2026-03-06 11:53:11 [SpringApplicationShutdownHook] INFO  com.netflix.discovery.DiscoveryClient -Shutting down DiscoveryClient ...
2026-03-06 11:53:14 [SpringApplicationShutdownHook] INFO  com.netflix.discovery.DiscoveryClient -Unregistering ...
2026-03-06 11:53:14 [SpringApplicationShutdownHook] INFO  com.netflix.discovery.shared.transport.decorator.RedirectingEurekaHttpClient -Request execution error. endpoint=DefaultEndpoint{ serviceUrl='http://localhost:8761/eureka/}, exception=I/O error on DELETE request for "http://localhost:8761/eureka/apps/MSVC-EMPLOYEE/msvc-employee:6f9a068537d2e9efc8094726504c6e83": Connect to localhost:8761 [localhost/127.0.0.1, localhost/0:0:0:0:0:0:0:1] failed: Connection refused: connect; nested exception is org.apache.http.conn.HttpHostConnectException: Connect to localhost:8761 [localhost/127.0.0.1, localhost/0:0:0:0:0:0:0:1] failed: Connection refused: connect stacktrace=org.springframework.web.client.ResourceAccessException: I/O error on DELETE request for "http://localhost:8761/eureka/apps/MSVC-EMPLOYEE/msvc-employee:6f9a068537d2e9efc8094726504c6e83": Connect to localhost:8761 [localhost/127.0.0.1, localhost/0:0:0:0:0:0:0:1] failed: Connection refused: connect; nested exception is org.apache.http.conn.HttpHostConnectException: Connect to localhost:8761 [localhost/127.0.0.1, localhost/0:0:0:0:0:0:0:1] failed: Connection refused: connect
	at org.springframework.web.client.RestTemplate.doExecute(RestTemplate.java:791)
	at org.springframework.web.client.RestTemplate.execute(RestTemplate.java:717)
	at org.springframework.web.client.RestTemplate.exchange(RestTemplate.java:608)
	at org.springframework.cloud.netflix.eureka.http.RestTemplateEurekaHttpClient.cancel(RestTemplateEurekaHttpClient.java:87)
	at com.netflix.discovery.shared.transport.decorator.EurekaHttpClientDecorator$2.execute(EurekaHttpClientDecorator.java:74)
	at com.netflix.discovery.shared.transport.decorator.RedirectingEurekaHttpClient.executeOnNewServer(RedirectingEurekaHttpClient.java:121)
	at com.netflix.discovery.shared.transport.decorator.RedirectingEurekaHttpClient.execute(RedirectingEurekaHttpClient.java:80)
	at com.netflix.discovery.shared.transport.decorator.EurekaHttpClientDecorator.cancel(EurekaHttpClientDecorator.java:71)
	at com.netflix.discovery.shared.transport.decorator.EurekaHttpClientDecorator$2.execute(EurekaHttpClientDecorator.java:74)
	at com.netflix.discovery.shared.transport.decorator.RetryableEurekaHttpClient.execute(RetryableEurekaHttpClient.java:120)
	at com.netflix.discovery.shared.transport.decorator.EurekaHttpClientDecorator.cancel(EurekaHttpClientDecorator.java:71)
	at com.netflix.discovery.shared.transport.decorator.EurekaHttpClientDecorator$2.execute(EurekaHttpClientDecorator.java:74)
	at com.netflix.discovery.shared.transport.decorator.SessionedEurekaHttpClient.execute(SessionedEurekaHttpClient.java:77)
	at com.netflix.discovery.shared.transport.decorator.EurekaHttpClientDecorator.cancel(EurekaHttpClientDecorator.java:71)
	at com.netflix.discovery.DiscoveryClient.unregister(DiscoveryClient.java:972)
	at com.netflix.discovery.DiscoveryClient.shutdown(DiscoveryClient.java:948)
	at java.base/jdk.internal.reflect.DirectMethodHandleAccessor.invoke(DirectMethodHandleAccessor.java:103)
	at java.base/java.lang.reflect.Method.invoke(Method.java:580)
	at org.springframework.beans.factory.annotation.InitDestroyAnnotationBeanPostProcessor$LifecycleElement.invoke(InitDestroyAnnotationBeanPostProcessor.java:389)
	at org.springframework.beans.factory.annotation.InitDestroyAnnotationBeanPostProcessor$LifecycleMetadata.invokeDestroyMethods(InitDestroyAnnotationBeanPostProcessor.java:347)
	at org.springframework.beans.factory.annotation.InitDestroyAnnotationBeanPostProcessor.postProcessBeforeDestruction(InitDestroyAnnotationBeanPostProcessor.java:177)
	at org.springframework.beans.factory.support.DisposableBeanAdapter.destroy(DisposableBeanAdapter.java:197)
	at org.springframework.beans.factory.support.DisposableBeanAdapter.run(DisposableBeanAdapter.java:190)
	at org.springframework.cloud.context.scope.GenericScope$BeanLifecycleWrapper.destroy(GenericScope.java:390)
	at org.springframework.cloud.context.scope.GenericScope.destroy(GenericScope.java:136)
	at org.springframework.beans.factory.support.DisposableBeanAdapter.destroy(DisposableBeanAdapter.java:213)
	at org.springframework.beans.factory.support.DefaultSingletonBeanRegistry.destroyBean(DefaultSingletonBeanRegistry.java:587)
	at org.springframework.beans.factory.support.DefaultSingletonBeanRegistry.destroySingleton(DefaultSingletonBeanRegistry.java:559)
	at org.springframework.beans.factory.support.DefaultListableBeanFactory.destroySingleton(DefaultListableBeanFactory.java:1163)
	at org.springframework.beans.factory.support.DefaultSingletonBeanRegistry.destroySingletons(DefaultSingletonBeanRegistry.java:520)
	at org.springframework.beans.factory.support.DefaultListableBeanFactory.destroySingletons(DefaultListableBeanFactory.java:1156)
	at org.springframework.context.support.AbstractApplicationContext.destroyBeans(AbstractApplicationContext.java:1120)
	at org.springframework.context.support.AbstractApplicationContext.doClose(AbstractApplicationContext.java:1086)
	at org.springframework.boot.web.servlet.context.ServletWebServerApplicationContext.doClose(ServletWebServerApplicationContext.java:174)
	at org.springframework.context.support.AbstractApplicationContext.close(AbstractApplicationContext.java:1032)
	at org.springframework.boot.SpringApplicationShutdownHook.closeAndWait(SpringApplicationShutdownHook.java:145)
	at java.base/java.lang.Iterable.forEach(Iterable.java:75)
	at org.springframework.boot.SpringApplicationShutdownHook.run(SpringApplicationShutdownHook.java:114)
	at java.base/java.lang.Thread.run(Thread.java:1583)
Caused by: org.apache.http.conn.HttpHostConnectException: Connect to localhost:8761 [localhost/127.0.0.1, localhost/0:0:0:0:0:0:0:1] failed: Connection refused: connect
	at org.apache.http.impl.conn.DefaultHttpClientConnectionOperator.connect(DefaultHttpClientConnectionOperator.java:156)
	at org.apache.http.impl.conn.PoolingHttpClientConnectionManager.connect(PoolingHttpClientConnectionManager.java:376)
	at org.apache.http.impl.execchain.MainClientExec.establishRoute(MainClientExec.java:393)
	at org.apache.http.impl.execchain.MainClientExec.execute(MainClientExec.java:236)
	at org.apache.http.impl.execchain.ProtocolExec.execute(ProtocolExec.java:186)
	at org.apache.http.impl.execchain.RetryExec.execute(RetryExec.java:89)
	at org.apache.http.impl.execchain.RedirectExec.execute(RedirectExec.java:110)
	at org.apache.http.impl.client.InternalHttpClient.doExecute(InternalHttpClient.java:185)
	at org.apache.http.impl.client.CloseableHttpClient.execute(CloseableHttpClient.java:83)
	at org.apache.http.impl.client.CloseableHttpClient.execute(CloseableHttpClient.java:56)
	at org.springframework.http.client.HttpComponentsClientHttpRequest.executeInternal(HttpComponentsClientHttpRequest.java:87)
	at org.springframework.http.client.AbstractBufferingClientHttpRequest.executeInternal(AbstractBufferingClientHttpRequest.java:48)
	at org.springframework.http.client.AbstractClientHttpRequest.execute(AbstractClientHttpRequest.java:66)
	at org.springframework.web.client.RestTemplate.doExecute(RestTemplate.java:782)
	... 38 more
Caused by: java.net.ConnectException: Connection refused: connect
	at java.base/sun.nio.ch.Net.connect0(Native Method)
	at java.base/sun.nio.ch.Net.connect(Net.java:597)
	at java.base/sun.nio.ch.Net.connect(Net.java:586)
	at java.base/sun.nio.ch.NioSocketImpl.connect(NioSocketImpl.java:583)
	at java.base/java.net.SocksSocketImpl.connect(SocksSocketImpl.java:327)
	at java.base/java.net.Socket.connect(Socket.java:751)
	at org.apache.http.conn.socket.PlainConnectionSocketFactory.connectSocket(PlainConnectionSocketFactory.java:75)
	at org.apache.http.impl.conn.DefaultHttpClientConnectionOperator.connect(DefaultHttpClientConnectionOperator.java:142)
	... 51 more

2026-03-06 11:53:14 [SpringApplicationShutdownHook] WARN  com.netflix.discovery.shared.transport.decorator.RetryableEurekaHttpClient -Request execution failed with message: I/O error on DELETE request for "http://localhost:8761/eureka/apps/MSVC-EMPLOYEE/msvc-employee:6f9a068537d2e9efc8094726504c6e83": Connect to localhost:8761 [localhost/127.0.0.1, localhost/0:0:0:0:0:0:0:1] failed: Connection refused: connect; nested exception is org.apache.http.conn.HttpHostConnectException: Connect to localhost:8761 [localhost/127.0.0.1, localhost/0:0:0:0:0:0:0:1] failed: Connection refused: connect
2026-03-06 11:53:14 [SpringApplicationShutdownHook] ERROR com.netflix.discovery.DiscoveryClient -DiscoveryClient_MSVC-EMPLOYEE/msvc-employee:6f9a068537d2e9efc8094726504c6e83 - de-registration failedCannot execute request on any known server
com.netflix.discovery.shared.transport.TransportException: Cannot execute request on any known server
	at com.netflix.discovery.shared.transport.decorator.RetryableEurekaHttpClient.execute(RetryableEurekaHttpClient.java:112)
	at com.netflix.discovery.shared.transport.decorator.EurekaHttpClientDecorator.cancel(EurekaHttpClientDecorator.java:71)
	at com.netflix.discovery.shared.transport.decorator.EurekaHttpClientDecorator$2.execute(EurekaHttpClientDecorator.java:74)
	at com.netflix.discovery.shared.transport.decorator.SessionedEurekaHttpClient.execute(SessionedEurekaHttpClient.java:77)
	at com.netflix.discovery.shared.transport.decorator.EurekaHttpClientDecorator.cancel(EurekaHttpClientDecorator.java:71)
	at com.netflix.discovery.DiscoveryClient.unregister(DiscoveryClient.java:972)
	at com.netflix.discovery.DiscoveryClient.shutdown(DiscoveryClient.java:948)
	at java.base/jdk.internal.reflect.DirectMethodHandleAccessor.invoke(DirectMethodHandleAccessor.java:103)
	at java.base/java.lang.reflect.Method.invoke(Method.java:580)
	at org.springframework.beans.factory.annotation.InitDestroyAnnotationBeanPostProcessor$LifecycleElement.invoke(InitDestroyAnnotationBeanPostProcessor.java:389)
	at org.springframework.beans.factory.annotation.InitDestroyAnnotationBeanPostProcessor$LifecycleMetadata.invokeDestroyMethods(InitDestroyAnnotationBeanPostProcessor.java:347)
	at org.springframework.beans.factory.annotation.InitDestroyAnnotationBeanPostProcessor.postProcessBeforeDestruction(InitDestroyAnnotationBeanPostProcessor.java:177)
	at org.springframework.beans.factory.support.DisposableBeanAdapter.destroy(DisposableBeanAdapter.java:197)
	at org.springframework.beans.factory.support.DisposableBeanAdapter.run(DisposableBeanAdapter.java:190)
	at org.springframework.cloud.context.scope.GenericScope$BeanLifecycleWrapper.destroy(GenericScope.java:390)
	at org.springframework.cloud.context.scope.GenericScope.destroy(GenericScope.java:136)
	at org.springframework.beans.factory.support.DisposableBeanAdapter.destroy(DisposableBeanAdapter.java:213)
	at org.springframework.beans.factory.support.DefaultSingletonBeanRegistry.destroyBean(DefaultSingletonBeanRegistry.java:587)
	at org.springframework.beans.factory.support.DefaultSingletonBeanRegistry.destroySingleton(DefaultSingletonBeanRegistry.java:559)
	at org.springframework.beans.factory.support.DefaultListableBeanFactory.destroySingleton(DefaultListableBeanFactory.java:1163)
	at org.springframework.beans.factory.support.DefaultSingletonBeanRegistry.destroySingletons(DefaultSingletonBeanRegistry.java:520)
	at org.springframework.beans.factory.support.DefaultListableBeanFactory.destroySingletons(DefaultListableBeanFactory.java:1156)
	at org.springframework.context.support.AbstractApplicationContext.destroyBeans(AbstractApplicationContext.java:1120)
	at org.springframework.context.support.AbstractApplicationContext.doClose(AbstractApplicationContext.java:1086)
	at org.springframework.boot.web.servlet.context.ServletWebServerApplicationContext.doClose(ServletWebServerApplicationContext.java:174)
	at org.springframework.context.support.AbstractApplicationContext.close(AbstractApplicationContext.java:1032)
	at org.springframework.boot.SpringApplicationShutdownHook.closeAndWait(SpringApplicationShutdownHook.java:145)
	at java.base/java.lang.Iterable.forEach(Iterable.java:75)
	at org.springframework.boot.SpringApplicationShutdownHook.run(SpringApplicationShutdownHook.java:114)
	at java.base/java.lang.Thread.run(Thread.java:1583)
2026-03-06 11:53:14 [SpringApplicationShutdownHook] INFO  com.netflix.discovery.DiscoveryClient -Completed shut down of DiscoveryClient
2026-03-06 11:53:37 [main] INFO  com.system.MsvcEmployeeApplication -Starting MsvcEmployeeApplication using Java 21.0.9 on DESKTOP-1D84HCV with PID 14924 (C:\Users\OWNER\Desktop\microservice-project\msvc-employee\target\classes started by OWNER in C:\Users\OWNER\Desktop\microservice-project\msvc-employee)
2026-03-06 11:53:37 [main] DEBUG com.system.MsvcEmployeeApplication -Running with Spring Boot v2.7.18, Spring v5.3.31
2026-03-06 11:53:37 [main] INFO  com.system.MsvcEmployeeApplication -No active profile set, falling back to 1 default profile: "default"
2026-03-06 11:53:38 [main] INFO  org.springframework.data.repository.config.RepositoryConfigurationDelegate -Bootstrapping Spring Data JPA repositories in DEFAULT mode.
2026-03-06 11:53:39 [main] INFO  org.springframework.data.repository.config.RepositoryConfigurationDelegate -Finished Spring Data repository scanning in 205 ms. Found 1 JPA repository interfaces.
2026-03-06 11:53:39 [main] INFO  org.springframework.cloud.context.scope.GenericScope -BeanFactory id=9922f21d-f44e-3c19-9b63-d67f93297016
2026-03-06 11:53:39 [main] INFO  org.springframework.context.support.PostProcessorRegistrationDelegate$BeanPostProcessorChecker -Bean 'org.springframework.ws.config.annotation.DelegatingWsConfiguration' of type [org.springframework.ws.config.annotation.DelegatingWsConfiguration$$EnhancerBySpringCGLIB$$4abf1b3c] is not eligible for getting processed by all BeanPostProcessors (for example: not eligible for auto-proxying)
2026-03-06 11:53:39 [main] INFO  org.springframework.ws.soap.addressing.server.AnnotationActionEndpointMapping -Supporting [WS-Addressing August 2004, WS-Addressing 1.0]
2026-03-06 11:53:40 [main] INFO  org.springframework.boot.web.embedded.tomcat.TomcatWebServer -Tomcat initialized with port(s): 8082 (http)
2026-03-06 11:53:40 [main] INFO  org.apache.catalina.core.StandardService -Starting service [Tomcat]
2026-03-06 11:53:40 [main] INFO  org.apache.catalina.core.StandardEngine -Starting Servlet engine: [Apache Tomcat/9.0.83]
2026-03-06 11:53:40 [main] INFO  org.apache.catalina.core.ContainerBase.[Tomcat].[localhost].[/] -Initializing Spring embedded WebApplicationContext
2026-03-06 11:53:40 [main] INFO  org.springframework.boot.web.servlet.context.ServletWebServerApplicationContext -Root WebApplicationContext: initialization completed in 3638 ms
2026-03-06 11:53:41 [main] INFO  com.zaxxer.hikari.HikariDataSource -HikariPool-1 - Starting...
2026-03-06 11:53:41 [main] INFO  com.zaxxer.hikari.HikariDataSource -HikariPool-1 - Start completed.
2026-03-06 11:53:41 [main] INFO  org.springframework.boot.autoconfigure.h2.H2ConsoleAutoConfiguration -H2 console available at '/h2-console'. Database available at 'jdbc:h2:mem:superdb'
2026-03-06 11:53:42 [main] INFO  org.hibernate.jpa.internal.util.LogHelper -HHH000204: Processing PersistenceUnitInfo [name: default]
2026-03-06 11:53:42 [main] INFO  org.hibernate.Version -HHH000412: Hibernate ORM core version 5.6.15.Final
2026-03-06 11:53:42 [main] INFO  org.hibernate.annotations.common.Version -HCANN000001: Hibernate Commons Annotations {5.1.2.Final}
2026-03-06 11:53:42 [main] INFO  org.hibernate.dialect.Dialect -HHH000400: Using dialect: org.hibernate.dialect.H2Dialect
2026-03-06 11:53:43 [main] DEBUG org.hibernate.SQL -
    
    drop table if exists employee CASCADE 
2026-03-06 11:53:43 [main] DEBUG org.hibernate.SQL -
    
    create table employee (
       id bigint generated by default as identity,
        age integer not null,
        date_birth varchar(255),
        first_last_name varchar(255),
        first_name varchar(255),
        position varchar(255),
        second_last_name varchar(255),
        second_name varchar(255),
        sex varchar(255),
        status boolean not null,
        system_registration_date date,
        primary key (id)
    )
2026-03-06 11:53:43 [main] INFO  org.hibernate.engine.transaction.jta.platform.internal.JtaPlatformInitiator -HHH000490: Using JtaPlatform implementation: [org.hibernate.engine.transaction.jta.platform.internal.NoJtaPlatform]
2026-03-06 11:53:43 [main] INFO  org.springframework.orm.jpa.LocalContainerEntityManagerFactoryBean -Initialized JPA EntityManagerFactory for persistence unit 'default'
2026-03-06 11:53:44 [main] WARN  org.springframework.boot.autoconfigure.orm.jpa.JpaBaseConfiguration$JpaWebConfiguration -spring.jpa.open-in-view is enabled by default. Therefore, database queries may be performed during view rendering. Explicitly configure spring.jpa.open-in-view to disable this warning
2026-03-06 11:53:45 [main] INFO  org.springframework.cloud.netflix.eureka.config.DiscoveryClientOptionalArgsConfiguration -Eureka HTTP Client uses RestTemplate.
2026-03-06 11:53:45 [main] WARN  org.springframework.cloud.loadbalancer.config.LoadBalancerCacheAutoConfiguration$LoadBalancerCaffeineWarnLogger -Spring Cloud LoadBalancer is currently working with the default cache. While this cache implementation is useful for development and tests, it's recommended to use Caffeine cache in production.You can switch to using Caffeine cache, by adding it and org.springframework.cache.caffeine.CaffeineCacheManager to the classpath.
2026-03-06 11:53:45 [main] INFO  org.springframework.boot.actuate.endpoint.web.EndpointLinksResolver -Exposing 1 endpoint(s) beneath base path '/actuator'
2026-03-06 11:53:45 [main] INFO  org.springframework.cloud.netflix.eureka.InstanceInfoFactory -Setting initial instance status as: STARTING
2026-03-06 11:53:45 [main] INFO  com.netflix.discovery.DiscoveryClient -Initializing Eureka in region us-east-1
2026-03-06 11:53:45 [main] INFO  com.netflix.discovery.shared.resolver.aws.ConfigClusterResolver -Resolving eureka endpoints via configuration
2026-03-06 11:53:46 [main] INFO  com.netflix.discovery.DiscoveryClient -Disable delta property : false
2026-03-06 11:53:46 [main] INFO  com.netflix.discovery.DiscoveryClient -Single vip registry refresh property : null
2026-03-06 11:53:46 [main] INFO  com.netflix.discovery.DiscoveryClient -Force full registry fetch : false
2026-03-06 11:53:46 [main] INFO  com.netflix.discovery.DiscoveryClient -Application is null : false
2026-03-06 11:53:46 [main] INFO  com.netflix.discovery.DiscoveryClient -Registered Applications size is zero : true
2026-03-06 11:53:46 [main] INFO  com.netflix.discovery.DiscoveryClient -Application version is -1: true
2026-03-06 11:53:46 [main] INFO  com.netflix.discovery.DiscoveryClient -Getting all instance registry info from the eureka server
2026-03-06 11:53:46 [main] INFO  com.netflix.discovery.shared.transport.decorator.RedirectingEurekaHttpClient -Request execution error. endpoint=DefaultEndpoint{ serviceUrl='http://localhost:8761/eureka/}, exception=I/O error on GET request for "http://localhost:8761/eureka/apps/": Connect to localhost:8761 [localhost/127.0.0.1, localhost/0:0:0:0:0:0:0:1] failed: Connection refused: connect; nested exception is org.apache.http.conn.HttpHostConnectException: Connect to localhost:8761 [localhost/127.0.0.1, localhost/0:0:0:0:0:0:0:1] failed: Connection refused: connect stacktrace=org.springframework.web.client.ResourceAccessException: I/O error on GET request for "http://localhost:8761/eureka/apps/": Connect to localhost:8761 [localhost/127.0.0.1, localhost/0:0:0:0:0:0:0:1] failed: Connection refused: connect; nested exception is org.apache.http.conn.HttpHostConnectException: Connect to localhost:8761 [localhost/127.0.0.1, localhost/0:0:0:0:0:0:0:1] failed: Connection refused: connect
	at org.springframework.web.client.RestTemplate.doExecute(RestTemplate.java:791)
	at org.springframework.web.client.RestTemplate.execute(RestTemplate.java:717)
	at org.springframework.web.client.RestTemplate.exchange(RestTemplate.java:608)
	at org.springframework.cloud.netflix.eureka.http.RestTemplateEurekaHttpClient.getApplicationsInternal(RestTemplateEurekaHttpClient.java:145)
	at org.springframework.cloud.netflix.eureka.http.RestTemplateEurekaHttpClient.getApplications(RestTemplateEurekaHttpClient.java:135)
	at com.netflix.discovery.shared.transport.decorator.EurekaHttpClientDecorator$6.execute(EurekaHttpClientDecorator.java:137)
	at com.netflix.discovery.shared.transport.decorator.RedirectingEurekaHttpClient.executeOnNewServer(RedirectingEurekaHttpClient.java:121)
	at com.netflix.discovery.shared.transport.decorator.RedirectingEurekaHttpClient.execute(RedirectingEurekaHttpClient.java:80)
	at com.netflix.discovery.shared.transport.decorator.EurekaHttpClientDecorator.getApplications(EurekaHttpClientDecorator.java:134)
	at com.netflix.discovery.shared.transport.decorator.EurekaHttpClientDecorator$6.execute(EurekaHttpClientDecorator.java:137)
	at com.netflix.discovery.shared.transport.decorator.RetryableEurekaHttpClient.execute(RetryableEurekaHttpClient.java:120)
	at com.netflix.discovery.shared.transport.decorator.EurekaHttpClientDecorator.getApplications(EurekaHttpClientDecorator.java:134)
	at com.netflix.discovery.shared.transport.decorator.EurekaHttpClientDecorator$6.execute(EurekaHttpClientDecorator.java:137)
	at com.netflix.discovery.shared.transport.decorator.SessionedEurekaHttpClient.execute(SessionedEurekaHttpClient.java:77)
	at com.netflix.discovery.shared.transport.decorator.EurekaHttpClientDecorator.getApplications(EurekaHttpClientDecorator.java:134)
	at com.netflix.discovery.DiscoveryClient.getAndStoreFullRegistry(DiscoveryClient.java:1101)
	at com.netflix.discovery.DiscoveryClient.fetchRegistry(DiscoveryClient.java:1014)
	at com.netflix.discovery.DiscoveryClient.<init>(DiscoveryClient.java:441)
	at com.netflix.discovery.DiscoveryClient.<init>(DiscoveryClient.java:283)
	at com.netflix.discovery.DiscoveryClient.<init>(DiscoveryClient.java:279)
	at org.springframework.cloud.netflix.eureka.CloudEurekaClient.<init>(CloudEurekaClient.java:66)
	at org.springframework.cloud.netflix.eureka.EurekaClientAutoConfiguration$RefreshableEurekaClientConfiguration.eurekaClient(EurekaClientAutoConfiguration.java:295)
	at java.base/jdk.internal.reflect.DirectMethodHandleAccessor.invoke(DirectMethodHandleAccessor.java:103)
	at java.base/java.lang.reflect.Method.invoke(Method.java:580)
	at org.springframework.beans.factory.support.SimpleInstantiationStrategy.instantiate(SimpleInstantiationStrategy.java:154)
	at org.springframework.beans.factory.support.ConstructorResolver.instantiate(ConstructorResolver.java:648)
	at org.springframework.beans.factory.support.ConstructorResolver.instantiateUsingFactoryMethod(ConstructorResolver.java:633)
	at org.springframework.beans.factory.support.AbstractAutowireCapableBeanFactory.instantiateUsingFactoryMethod(AbstractAutowireCapableBeanFactory.java:1352)
	at org.springframework.beans.factory.support.AbstractAutowireCapableBeanFactory.createBeanInstance(AbstractAutowireCapableBeanFactory.java:1195)
	at org.springframework.beans.factory.support.AbstractAutowireCapableBeanFactory.doCreateBean(AbstractAutowireCapableBeanFactory.java:582)
	at org.springframework.beans.factory.support.AbstractAutowireCapableBeanFactory.createBean(AbstractAutowireCapableBeanFactory.java:542)
	at org.springframework.beans.factory.support.AbstractBeanFactory.lambda$doGetBean$1(AbstractBeanFactory.java:374)
	at org.springframework.cloud.context.scope.GenericScope$BeanLifecycleWrapper.getBean(GenericScope.java:376)
	at org.springframework.cloud.context.scope.GenericScope.get(GenericScope.java:179)
	at org.springframework.beans.factory.support.AbstractBeanFactory.doGetBean(AbstractBeanFactory.java:371)
	at org.springframework.beans.factory.support.AbstractBeanFactory.getBean(AbstractBeanFactory.java:208)
	at org.springframework.aop.target.SimpleBeanTargetSource.getTarget(SimpleBeanTargetSource.java:35)
	at org.springframework.cloud.netflix.eureka.serviceregistry.EurekaRegistration.getTargetObject(EurekaRegistration.java:127)
	at org.springframework.cloud.netflix.eureka.serviceregistry.EurekaRegistration.getEurekaClient(EurekaRegistration.java:115)
	at java.base/jdk.internal.reflect.DirectMethodHandleAccessor.invoke(DirectMethodHandleAccessor.java:103)
	at java.base/java.lang.reflect.Method.invoke(Method.java:580)
	at org.springframework.util.ReflectionUtils.invokeMethod(ReflectionUtils.java:282)
	at org.springframework.cloud.context.scope.GenericScope$LockedScopedProxyFactoryBean.invoke(GenericScope.java:485)
	at org.springframework.aop.framework.ReflectiveMethodInvocation.proceed(ReflectiveMethodInvocation.java:186)
	at org.springframework.aop.framework.CglibAopProxy$CglibMethodInvocation.proceed(CglibAopProxy.java:762)
	at org.springframework.aop.framework.CglibAopProxy$DynamicAdvisedInterceptor.intercept(CglibAopProxy.java:707)
	at org.springframework.cloud.netflix.eureka.serviceregistry.EurekaRegistration$$EnhancerBySpringCGLIB$$5b6cac38.getEurekaClient(<generated>)
	at org.springframework.cloud.netflix.eureka.serviceregistry.EurekaServiceRegistry.maybeInitializeClient(EurekaServiceRegistry.java:54)
	at org.springframework.cloud.netflix.eureka.serviceregistry.EurekaServiceRegistry.register(EurekaServiceRegistry.java:38)
	at org.springframework.cloud.netflix.eureka.serviceregistry.EurekaAutoServiceRegistration.start(EurekaAutoServiceRegistration.java:83)
	at org.springframework.context.support.DefaultLifecycleProcessor.doStart(DefaultLifecycleProcessor.java:179)
	at org.springframework.context.support.DefaultLifecycleProcessor.access$200(DefaultLifecycleProcessor.java:54)
	at org.springframework.context.support.DefaultLifecycleProcessor$LifecycleGroup.start(DefaultLifecycleProcessor.java:357)
	at java.base/java.lang.Iterable.forEach(Iterable.java:75)
	at org.springframework.context.support.DefaultLifecycleProcessor.startBeans(DefaultLifecycleProcessor.java:156)
	at org.springframework.context.support.DefaultLifecycleProcessor.onRefresh(DefaultLifecycleProcessor.java:124)
	at org.springframework.context.support.AbstractApplicationContext.finishRefresh(AbstractApplicationContext.java:946)
	at org.springframework.context.support.AbstractApplicationContext.refresh(AbstractApplicationContext.java:594)
	at org.springframework.boot.web.servlet.context.ServletWebServerApplicationContext.refresh(ServletWebServerApplicationContext.java:147)
	at org.springframework.boot.SpringApplication.refresh(SpringApplication.java:732)
	at org.springframework.boot.SpringApplication.refreshContext(SpringApplication.java:409)
	at org.springframework.boot.SpringApplication.run(SpringApplication.java:308)
	at org.springframework.boot.SpringApplication.run(SpringApplication.java:1300)
	at org.springframework.boot.SpringApplication.run(SpringApplication.java:1289)
	at com.system.MsvcEmployeeApplication.main(MsvcEmployeeApplication.java:14)
Caused by: org.apache.http.conn.HttpHostConnectException: Connect to localhost:8761 [localhost/127.0.0.1, localhost/0:0:0:0:0:0:0:1] failed: Connection refused: connect
	at org.apache.http.impl.conn.DefaultHttpClientConnectionOperator.connect(DefaultHttpClientConnectionOperator.java:156)
	at org.apache.http.impl.conn.PoolingHttpClientConnectionManager.connect(PoolingHttpClientConnectionManager.java:376)
	at org.apache.http.impl.execchain.MainClientExec.establishRoute(MainClientExec.java:393)
	at org.apache.http.impl.execchain.MainClientExec.execute(MainClientExec.java:236)
	at org.apache.http.impl.execchain.ProtocolExec.execute(ProtocolExec.java:186)
	at org.apache.http.impl.execchain.RetryExec.execute(RetryExec.java:89)
	at org.apache.http.impl.execchain.RedirectExec.execute(RedirectExec.java:110)
	at org.apache.http.impl.client.InternalHttpClient.doExecute(InternalHttpClient.java:185)
	at org.apache.http.impl.client.CloseableHttpClient.execute(CloseableHttpClient.java:83)
	at org.apache.http.impl.client.CloseableHttpClient.execute(CloseableHttpClient.java:56)
	at org.springframework.http.client.HttpComponentsClientHttpRequest.executeInternal(HttpComponentsClientHttpRequest.java:87)
	at org.springframework.http.client.AbstractBufferingClientHttpRequest.executeInternal(AbstractBufferingClientHttpRequest.java:48)
	at org.springframework.http.client.AbstractClientHttpRequest.execute(AbstractClientHttpRequest.java:66)
	at org.springframework.web.client.RestTemplate.doExecute(RestTemplate.java:782)
	... 64 more
Caused by: java.net.ConnectException: Connection refused: connect
	at java.base/sun.nio.ch.Net.connect0(Native Method)
	at java.base/sun.nio.ch.Net.connect(Net.java:597)
	at java.base/sun.nio.ch.Net.connect(Net.java:586)
	at java.base/sun.nio.ch.NioSocketImpl.connect(NioSocketImpl.java:583)
	at java.base/java.net.SocksSocketImpl.connect(SocksSocketImpl.java:327)
	at java.base/java.net.Socket.connect(Socket.java:751)
	at org.apache.http.conn.socket.PlainConnectionSocketFactory.connectSocket(PlainConnectionSocketFactory.java:75)
	at org.apache.http.impl.conn.DefaultHttpClientConnectionOperator.connect(DefaultHttpClientConnectionOperator.java:142)
	... 77 more

2026-03-06 11:53:46 [main] WARN  com.netflix.discovery.shared.transport.decorator.RetryableEurekaHttpClient -Request execution failed with message: I/O error on GET request for "http://localhost:8761/eureka/apps/": Connect to localhost:8761 [localhost/127.0.0.1, localhost/0:0:0:0:0:0:0:1] failed: Connection refused: connect; nested exception is org.apache.http.conn.HttpHostConnectException: Connect to localhost:8761 [localhost/127.0.0.1, localhost/0:0:0:0:0:0:0:1] failed: Connection refused: connect
2026-03-06 11:53:46 [main] INFO  com.netflix.discovery.DiscoveryClient -DiscoveryClient_MSVC-EMPLOYEE/msvc-employee:e95d0875ec98eebb6ac828ca9ba4531e - was unable to refresh its cache! This periodic background refresh will be retried in 30 seconds. status = Cannot execute request on any known server stacktrace = com.netflix.discovery.shared.transport.TransportException: Cannot execute request on any known server
	at com.netflix.discovery.shared.transport.decorator.RetryableEurekaHttpClient.execute(RetryableEurekaHttpClient.java:112)
	at com.netflix.discovery.shared.transport.decorator.EurekaHttpClientDecorator.getApplications(EurekaHttpClientDecorator.java:134)
	at com.netflix.discovery.shared.transport.decorator.EurekaHttpClientDecorator$6.execute(EurekaHttpClientDecorator.java:137)
	at com.netflix.discovery.shared.transport.decorator.SessionedEurekaHttpClient.execute(SessionedEurekaHttpClient.java:77)
	at com.netflix.discovery.shared.transport.decorator.EurekaHttpClientDecorator.getApplications(EurekaHttpClientDecorator.java:134)
	at com.netflix.discovery.DiscoveryClient.getAndStoreFullRegistry(DiscoveryClient.java:1101)
	at com.netflix.discovery.DiscoveryClient.fetchRegistry(DiscoveryClient.java:1014)
	at com.netflix.discovery.DiscoveryClient.<init>(DiscoveryClient.java:441)
	at com.netflix.discovery.DiscoveryClient.<init>(DiscoveryClient.java:283)
	at com.netflix.discovery.DiscoveryClient.<init>(DiscoveryClient.java:279)
	at org.springframework.cloud.netflix.eureka.CloudEurekaClient.<init>(CloudEurekaClient.java:66)
	at org.springframework.cloud.netflix.eureka.EurekaClientAutoConfiguration$RefreshableEurekaClientConfiguration.eurekaClient(EurekaClientAutoConfiguration.java:295)
	at java.base/jdk.internal.reflect.DirectMethodHandleAccessor.invoke(DirectMethodHandleAccessor.java:103)
	at java.base/java.lang.reflect.Method.invoke(Method.java:580)
	at org.springframework.beans.factory.support.SimpleInstantiationStrategy.instantiate(SimpleInstantiationStrategy.java:154)
	at org.springframework.beans.factory.support.ConstructorResolver.instantiate(ConstructorResolver.java:648)
	at org.springframework.beans.factory.support.ConstructorResolver.instantiateUsingFactoryMethod(ConstructorResolver.java:633)
	at org.springframework.beans.factory.support.AbstractAutowireCapableBeanFactory.instantiateUsingFactoryMethod(AbstractAutowireCapableBeanFactory.java:1352)
	at org.springframework.beans.factory.support.AbstractAutowireCapableBeanFactory.createBeanInstance(AbstractAutowireCapableBeanFactory.java:1195)
	at org.springframework.beans.factory.support.AbstractAutowireCapableBeanFactory.doCreateBean(AbstractAutowireCapableBeanFactory.java:582)
	at org.springframework.beans.factory.support.AbstractAutowireCapableBeanFactory.createBean(AbstractAutowireCapableBeanFactory.java:542)
	at org.springframework.beans.factory.support.AbstractBeanFactory.lambda$doGetBean$1(AbstractBeanFactory.java:374)
	at org.springframework.cloud.context.scope.GenericScope$BeanLifecycleWrapper.getBean(GenericScope.java:376)
	at org.springframework.cloud.context.scope.GenericScope.get(GenericScope.java:179)
	at org.springframework.beans.factory.support.AbstractBeanFactory.doGetBean(AbstractBeanFactory.java:371)
	at org.springframework.beans.factory.support.AbstractBeanFactory.getBean(AbstractBeanFactory.java:208)
	at org.springframework.aop.target.SimpleBeanTargetSource.getTarget(SimpleBeanTargetSource.java:35)
	at org.springframework.cloud.netflix.eureka.serviceregistry.EurekaRegistration.getTargetObject(EurekaRegistration.java:127)
	at org.springframework.cloud.netflix.eureka.serviceregistry.EurekaRegistration.getEurekaClient(EurekaRegistration.java:115)
	at java.base/jdk.internal.reflect.DirectMethodHandleAccessor.invoke(DirectMethodHandleAccessor.java:103)
	at java.base/java.lang.reflect.Method.invoke(Method.java:580)
	at org.springframework.util.ReflectionUtils.invokeMethod(ReflectionUtils.java:282)
	at org.springframework.cloud.context.scope.GenericScope$LockedScopedProxyFactoryBean.invoke(GenericScope.java:485)
	at org.springframework.aop.framework.ReflectiveMethodInvocation.proceed(ReflectiveMethodInvocation.java:186)
	at org.springframework.aop.framework.CglibAopProxy$CglibMethodInvocation.proceed(CglibAopProxy.java:762)
	at org.springframework.aop.framework.CglibAopProxy$DynamicAdvisedInterceptor.intercept(CglibAopProxy.java:707)
	at org.springframework.cloud.netflix.eureka.serviceregistry.EurekaRegistration$$EnhancerBySpringCGLIB$$5b6cac38.getEurekaClient(<generated>)
	at org.springframework.cloud.netflix.eureka.serviceregistry.EurekaServiceRegistry.maybeInitializeClient(EurekaServiceRegistry.java:54)
	at org.springframework.cloud.netflix.eureka.serviceregistry.EurekaServiceRegistry.register(EurekaServiceRegistry.java:38)
	at org.springframework.cloud.netflix.eureka.serviceregistry.EurekaAutoServiceRegistration.start(EurekaAutoServiceRegistration.java:83)
	at org.springframework.context.support.DefaultLifecycleProcessor.doStart(DefaultLifecycleProcessor.java:179)
	at org.springframework.context.support.DefaultLifecycleProcessor.access$200(DefaultLifecycleProcessor.java:54)
	at org.springframework.context.support.DefaultLifecycleProcessor$LifecycleGroup.start(DefaultLifecycleProcessor.java:357)
	at java.base/java.lang.Iterable.forEach(Iterable.java:75)
	at org.springframework.context.support.DefaultLifecycleProcessor.startBeans(DefaultLifecycleProcessor.java:156)
	at org.springframework.context.support.DefaultLifecycleProcessor.onRefresh(DefaultLifecycleProcessor.java:124)
	at org.springframework.context.support.AbstractApplicationContext.finishRefresh(AbstractApplicationContext.java:946)
	at org.springframework.context.support.AbstractApplicationContext.refresh(AbstractApplicationContext.java:594)
	at org.springframework.boot.web.servlet.context.ServletWebServerApplicationContext.refresh(ServletWebServerApplicationContext.java:147)
	at org.springframework.boot.SpringApplication.refresh(SpringApplication.java:732)
	at org.springframework.boot.SpringApplication.refreshContext(SpringApplication.java:409)
	at org.springframework.boot.SpringApplication.run(SpringApplication.java:308)
	at org.springframework.boot.SpringApplication.run(SpringApplication.java:1300)
	at org.springframework.boot.SpringApplication.run(SpringApplication.java:1289)
	at com.system.MsvcEmployeeApplication.main(MsvcEmployeeApplication.java:14)

2026-03-06 11:53:46 [main] INFO  com.netflix.discovery.DiscoveryClient -Initial registry fetch from primary servers failed
2026-03-06 11:53:46 [main] WARN  com.netflix.discovery.DiscoveryClient -Using default backup registry implementation which does not do anything.
2026-03-06 11:53:46 [main] INFO  com.netflix.discovery.DiscoveryClient -Initial registry fetch from backup servers failed
2026-03-06 11:53:46 [main] INFO  com.netflix.discovery.DiscoveryClient -Starting heartbeat executor: renew interval is: 30
2026-03-06 11:53:46 [main] INFO  com.netflix.discovery.InstanceInfoReplicator -InstanceInfoReplicator onDemand update allowed rate per min is 4
2026-03-06 11:53:46 [main] INFO  com.netflix.discovery.DiscoveryClient -Discovery Client initialized at timestamp 1772819626526 with initial instances count: 0
2026-03-06 11:53:46 [main] INFO  org.springframework.cloud.netflix.eureka.serviceregistry.EurekaServiceRegistry -Registering application MSVC-EMPLOYEE with eureka with status UP
2026-03-06 11:53:46 [main] INFO  com.netflix.discovery.DiscoveryClient -Saw local status change event StatusChangeEvent [timestamp=1772819626533, current=UP, previous=STARTING]
2026-03-06 11:53:46 [DiscoveryClient-InstanceInfoReplicator-0] INFO  com.netflix.discovery.DiscoveryClient -DiscoveryClient_MSVC-EMPLOYEE/msvc-employee:e95d0875ec98eebb6ac828ca9ba4531e: registering service...
2026-03-06 11:53:46 [main] INFO  org.springframework.boot.web.embedded.tomcat.TomcatWebServer -Tomcat started on port(s): 8082 (http) with context path ''
2026-03-06 11:53:46 [main] INFO  org.springframework.cloud.netflix.eureka.serviceregistry.EurekaAutoServiceRegistration -Updating port to 8082
2026-03-06 11:53:46 [DiscoveryClient-InstanceInfoReplicator-0] INFO  com.netflix.discovery.shared.transport.decorator.RedirectingEurekaHttpClient -Request execution error. endpoint=DefaultEndpoint{ serviceUrl='http://localhost:8761/eureka/}, exception=I/O error on POST request for "http://localhost:8761/eureka/apps/MSVC-EMPLOYEE": Connect to localhost:8761 [localhost/127.0.0.1, localhost/0:0:0:0:0:0:0:1] failed: Connection refused: connect; nested exception is org.apache.http.conn.HttpHostConnectException: Connect to localhost:8761 [localhost/127.0.0.1, localhost/0:0:0:0:0:0:0:1] failed: Connection refused: connect stacktrace=org.springframework.web.client.ResourceAccessException: I/O error on POST request for "http://localhost:8761/eureka/apps/MSVC-EMPLOYEE": Connect to localhost:8761 [localhost/127.0.0.1, localhost/0:0:0:0:0:0:0:1] failed: Connection refused: connect; nested exception is org.apache.http.conn.HttpHostConnectException: Connect to localhost:8761 [localhost/127.0.0.1, localhost/0:0:0:0:0:0:0:1] failed: Connection refused: connect
	at org.springframework.web.client.RestTemplate.doExecute(RestTemplate.java:791)
	at org.springframework.web.client.RestTemplate.execute(RestTemplate.java:717)
	at org.springframework.web.client.RestTemplate.exchange(RestTemplate.java:608)
	at org.springframework.cloud.netflix.eureka.http.RestTemplateEurekaHttpClient.register(RestTemplateEurekaHttpClient.java:77)
	at com.netflix.discovery.shared.transport.decorator.EurekaHttpClientDecorator$1.execute(EurekaHttpClientDecorator.java:59)
	at com.netflix.discovery.shared.transport.decorator.RedirectingEurekaHttpClient.executeOnNewServer(RedirectingEurekaHttpClient.java:121)
	at com.netflix.discovery.shared.transport.decorator.RedirectingEurekaHttpClient.execute(RedirectingEurekaHttpClient.java:80)
	at com.netflix.discovery.shared.transport.decorator.EurekaHttpClientDecorator.register(EurekaHttpClientDecorator.java:56)
	at com.netflix.discovery.shared.transport.decorator.EurekaHttpClientDecorator$1.execute(EurekaHttpClientDecorator.java:59)
	at com.netflix.discovery.shared.transport.decorator.RetryableEurekaHttpClient.execute(RetryableEurekaHttpClient.java:120)
	at com.netflix.discovery.shared.transport.decorator.EurekaHttpClientDecorator.register(EurekaHttpClientDecorator.java:56)
	at com.netflix.discovery.shared.transport.decorator.EurekaHttpClientDecorator$1.execute(EurekaHttpClientDecorator.java:59)
	at com.netflix.discovery.shared.transport.decorator.SessionedEurekaHttpClient.execute(SessionedEurekaHttpClient.java:77)
	at com.netflix.discovery.shared.transport.decorator.EurekaHttpClientDecorator.register(EurekaHttpClientDecorator.java:56)
	at com.netflix.discovery.DiscoveryClient.register(DiscoveryClient.java:876)
	at com.netflix.discovery.InstanceInfoReplicator.run(InstanceInfoReplicator.java:121)
	at com.netflix.discovery.InstanceInfoReplicator$1.run(InstanceInfoReplicator.java:101)
	at java.base/java.util.concurrent.Executors$RunnableAdapter.call(Executors.java:572)
	at java.base/java.util.concurrent.FutureTask.run(FutureTask.java:317)
	at java.base/java.util.concurrent.ScheduledThreadPoolExecutor$ScheduledFutureTask.run(ScheduledThreadPoolExecutor.java:304)
	at java.base/java.util.concurrent.ThreadPoolExecutor.runWorker(ThreadPoolExecutor.java:1144)
	at java.base/java.util.concurrent.ThreadPoolExecutor$Worker.run(ThreadPoolExecutor.java:642)
	at java.base/java.lang.Thread.run(Thread.java:1583)
Caused by: org.apache.http.conn.HttpHostConnectException: Connect to localhost:8761 [localhost/127.0.0.1, localhost/0:0:0:0:0:0:0:1] failed: Connection refused: connect
	at org.apache.http.impl.conn.DefaultHttpClientConnectionOperator.connect(DefaultHttpClientConnectionOperator.java:156)
	at org.apache.http.impl.conn.PoolingHttpClientConnectionManager.connect(PoolingHttpClientConnectionManager.java:376)
	at org.apache.http.impl.execchain.MainClientExec.establishRoute(MainClientExec.java:393)
	at org.apache.http.impl.execchain.MainClientExec.execute(MainClientExec.java:236)
	at org.apache.http.impl.execchain.ProtocolExec.execute(ProtocolExec.java:186)
	at org.apache.http.impl.execchain.RetryExec.execute(RetryExec.java:89)
	at org.apache.http.impl.execchain.RedirectExec.execute(RedirectExec.java:110)
	at org.apache.http.impl.client.InternalHttpClient.doExecute(InternalHttpClient.java:185)
	at org.apache.http.impl.client.CloseableHttpClient.execute(CloseableHttpClient.java:83)
	at org.apache.http.impl.client.CloseableHttpClient.execute(CloseableHttpClient.java:56)
	at org.springframework.http.client.HttpComponentsClientHttpRequest.executeInternal(HttpComponentsClientHttpRequest.java:87)
	at org.springframework.http.client.AbstractBufferingClientHttpRequest.executeInternal(AbstractBufferingClientHttpRequest.java:48)
	at org.springframework.http.client.AbstractClientHttpRequest.execute(AbstractClientHttpRequest.java:66)
	at org.springframework.web.client.RestTemplate.doExecute(RestTemplate.java:782)
	... 22 more
Caused by: java.net.ConnectException: Connection refused: connect
	at java.base/sun.nio.ch.Net.connect0(Native Method)
	at java.base/sun.nio.ch.Net.connect(Net.java:597)
	at java.base/sun.nio.ch.Net.connect(Net.java:586)
	at java.base/sun.nio.ch.NioSocketImpl.connect(NioSocketImpl.java:583)
	at java.base/java.net.SocksSocketImpl.connect(SocksSocketImpl.java:327)
	at java.base/java.net.Socket.connect(Socket.java:751)
	at org.apache.http.conn.socket.PlainConnectionSocketFactory.connectSocket(PlainConnectionSocketFactory.java:75)
	at org.apache.http.impl.conn.DefaultHttpClientConnectionOperator.connect(DefaultHttpClientConnectionOperator.java:142)
	... 35 more

2026-03-06 11:53:46 [DiscoveryClient-InstanceInfoReplicator-0] WARN  com.netflix.discovery.shared.transport.decorator.RetryableEurekaHttpClient -Request execution failed with message: I/O error on POST request for "http://localhost:8761/eureka/apps/MSVC-EMPLOYEE": Connect to localhost:8761 [localhost/127.0.0.1, localhost/0:0:0:0:0:0:0:1] failed: Connection refused: connect; nested exception is org.apache.http.conn.HttpHostConnectException: Connect to localhost:8761 [localhost/127.0.0.1, localhost/0:0:0:0:0:0:0:1] failed: Connection refused: connect
2026-03-06 11:53:46 [main] INFO  com.system.MsvcEmployeeApplication -Started MsvcEmployeeApplication in 10.419 seconds (JVM running for 11.336)
2026-03-06 11:53:46 [DiscoveryClient-InstanceInfoReplicator-0] WARN  com.netflix.discovery.DiscoveryClient -DiscoveryClient_MSVC-EMPLOYEE/msvc-employee:e95d0875ec98eebb6ac828ca9ba4531e - registration failed Cannot execute request on any known server
com.netflix.discovery.shared.transport.TransportException: Cannot execute request on any known server
	at com.netflix.discovery.shared.transport.decorator.RetryableEurekaHttpClient.execute(RetryableEurekaHttpClient.java:112)
	at com.netflix.discovery.shared.transport.decorator.EurekaHttpClientDecorator.register(EurekaHttpClientDecorator.java:56)
	at com.netflix.discovery.shared.transport.decorator.EurekaHttpClientDecorator$1.execute(EurekaHttpClientDecorator.java:59)
	at com.netflix.discovery.shared.transport.decorator.SessionedEurekaHttpClient.execute(SessionedEurekaHttpClient.java:77)
	at com.netflix.discovery.shared.transport.decorator.EurekaHttpClientDecorator.register(EurekaHttpClientDecorator.java:56)
	at com.netflix.discovery.DiscoveryClient.register(DiscoveryClient.java:876)
	at com.netflix.discovery.InstanceInfoReplicator.run(InstanceInfoReplicator.java:121)
	at com.netflix.discovery.InstanceInfoReplicator$1.run(InstanceInfoReplicator.java:101)
	at java.base/java.util.concurrent.Executors$RunnableAdapter.call(Executors.java:572)
	at java.base/java.util.concurrent.FutureTask.run(FutureTask.java:317)
	at java.base/java.util.concurrent.ScheduledThreadPoolExecutor$ScheduledFutureTask.run(ScheduledThreadPoolExecutor.java:304)
	at java.base/java.util.concurrent.ThreadPoolExecutor.runWorker(ThreadPoolExecutor.java:1144)
	at java.base/java.util.concurrent.ThreadPoolExecutor$Worker.run(ThreadPoolExecutor.java:642)
	at java.base/java.lang.Thread.run(Thread.java:1583)
2026-03-06 11:53:46 [DiscoveryClient-InstanceInfoReplicator-0] WARN  com.netflix.discovery.InstanceInfoReplicator -There was a problem with the instance info replicator
com.netflix.discovery.shared.transport.TransportException: Cannot execute request on any known server
	at com.netflix.discovery.shared.transport.decorator.RetryableEurekaHttpClient.execute(RetryableEurekaHttpClient.java:112)
	at com.netflix.discovery.shared.transport.decorator.EurekaHttpClientDecorator.register(EurekaHttpClientDecorator.java:56)
	at com.netflix.discovery.shared.transport.decorator.EurekaHttpClientDecorator$1.execute(EurekaHttpClientDecorator.java:59)
	at com.netflix.discovery.shared.transport.decorator.SessionedEurekaHttpClient.execute(SessionedEurekaHttpClient.java:77)
	at com.netflix.discovery.shared.transport.decorator.EurekaHttpClientDecorator.register(EurekaHttpClientDecorator.java:56)
	at com.netflix.discovery.DiscoveryClient.register(DiscoveryClient.java:876)
	at com.netflix.discovery.InstanceInfoReplicator.run(InstanceInfoReplicator.java:121)
	at com.netflix.discovery.InstanceInfoReplicator$1.run(InstanceInfoReplicator.java:101)
	at java.base/java.util.concurrent.Executors$RunnableAdapter.call(Executors.java:572)
	at java.base/java.util.concurrent.FutureTask.run(FutureTask.java:317)
	at java.base/java.util.concurrent.ScheduledThreadPoolExecutor$ScheduledFutureTask.run(ScheduledThreadPoolExecutor.java:304)
	at java.base/java.util.concurrent.ThreadPoolExecutor.runWorker(ThreadPoolExecutor.java:1144)
	at java.base/java.util.concurrent.ThreadPoolExecutor$Worker.run(ThreadPoolExecutor.java:642)
	at java.base/java.lang.Thread.run(Thread.java:1583)
2026-03-06 11:54:16 [DiscoveryClient-CacheRefreshExecutor-0] INFO  com.netflix.discovery.DiscoveryClient -Disable delta property : false
2026-03-06 11:54:16 [DiscoveryClient-CacheRefreshExecutor-0] INFO  com.netflix.discovery.DiscoveryClient -Single vip registry refresh property : null
2026-03-06 11:54:16 [DiscoveryClient-CacheRefreshExecutor-0] INFO  com.netflix.discovery.DiscoveryClient -Force full registry fetch : false
2026-03-06 11:54:16 [DiscoveryClient-CacheRefreshExecutor-0] INFO  com.netflix.discovery.DiscoveryClient -Application is null : false
2026-03-06 11:54:16 [DiscoveryClient-CacheRefreshExecutor-0] INFO  com.netflix.discovery.DiscoveryClient -Registered Applications size is zero : true
2026-03-06 11:54:16 [DiscoveryClient-CacheRefreshExecutor-0] INFO  com.netflix.discovery.DiscoveryClient -Application version is -1: true
2026-03-06 11:54:16 [DiscoveryClient-CacheRefreshExecutor-0] INFO  com.netflix.discovery.DiscoveryClient -Getting all instance registry info from the eureka server
2026-03-06 11:54:16 [DiscoveryClient-CacheRefreshExecutor-0] INFO  com.netflix.discovery.shared.transport.decorator.RedirectingEurekaHttpClient -Request execution error. endpoint=DefaultEndpoint{ serviceUrl='http://localhost:8761/eureka/}, exception=I/O error on GET request for "http://localhost:8761/eureka/apps/": Connect to localhost:8761 [localhost/127.0.0.1, localhost/0:0:0:0:0:0:0:1] failed: Connection refused: connect; nested exception is org.apache.http.conn.HttpHostConnectException: Connect to localhost:8761 [localhost/127.0.0.1, localhost/0:0:0:0:0:0:0:1] failed: Connection refused: connect stacktrace=org.springframework.web.client.ResourceAccessException: I/O error on GET request for "http://localhost:8761/eureka/apps/": Connect to localhost:8761 [localhost/127.0.0.1, localhost/0:0:0:0:0:0:0:1] failed: Connection refused: connect; nested exception is org.apache.http.conn.HttpHostConnectException: Connect to localhost:8761 [localhost/127.0.0.1, localhost/0:0:0:0:0:0:0:1] failed: Connection refused: connect
	at org.springframework.web.client.RestTemplate.doExecute(RestTemplate.java:791)
	at org.springframework.web.client.RestTemplate.execute(RestTemplate.java:717)
	at org.springframework.web.client.RestTemplate.exchange(RestTemplate.java:608)
	at org.springframework.cloud.netflix.eureka.http.RestTemplateEurekaHttpClient.getApplicationsInternal(RestTemplateEurekaHttpClient.java:145)
	at org.springframework.cloud.netflix.eureka.http.RestTemplateEurekaHttpClient.getApplications(RestTemplateEurekaHttpClient.java:135)
	at com.netflix.discovery.shared.transport.decorator.EurekaHttpClientDecorator$6.execute(EurekaHttpClientDecorator.java:137)
	at com.netflix.discovery.shared.transport.decorator.RedirectingEurekaHttpClient.executeOnNewServer(RedirectingEurekaHttpClient.java:121)
	at com.netflix.discovery.shared.transport.decorator.RedirectingEurekaHttpClient.execute(RedirectingEurekaHttpClient.java:80)
	at com.netflix.discovery.shared.transport.decorator.EurekaHttpClientDecorator.getApplications(EurekaHttpClientDecorator.java:134)
	at com.netflix.discovery.shared.transport.decorator.EurekaHttpClientDecorator$6.execute(EurekaHttpClientDecorator.java:137)
	at com.netflix.discovery.shared.transport.decorator.RetryableEurekaHttpClient.execute(RetryableEurekaHttpClient.java:120)
	at com.netflix.discovery.shared.transport.decorator.EurekaHttpClientDecorator.getApplications(EurekaHttpClientDecorator.java:134)
	at com.netflix.discovery.shared.transport.decorator.EurekaHttpClientDecorator$6.execute(EurekaHttpClientDecorator.java:137)
	at com.netflix.discovery.shared.transport.decorator.SessionedEurekaHttpClient.execute(SessionedEurekaHttpClient.java:77)
	at com.netflix.discovery.shared.transport.decorator.EurekaHttpClientDecorator.getApplications(EurekaHttpClientDecorator.java:134)
	at com.netflix.discovery.DiscoveryClient.getAndStoreFullRegistry(DiscoveryClient.java:1101)
	at com.netflix.discovery.DiscoveryClient.fetchRegistry(DiscoveryClient.java:1014)
	at com.netflix.discovery.DiscoveryClient.refreshRegistry(DiscoveryClient.java:1531)
	at com.netflix.discovery.DiscoveryClient$CacheRefreshThread.run(DiscoveryClient.java:1498)
	at java.base/java.util.concurrent.Executors$RunnableAdapter.call(Executors.java:572)
	at java.base/java.util.concurrent.FutureTask.run(FutureTask.java:317)
	at java.base/java.util.concurrent.ThreadPoolExecutor.runWorker(ThreadPoolExecutor.java:1144)
	at java.base/java.util.concurrent.ThreadPoolExecutor$Worker.run(ThreadPoolExecutor.java:642)
	at java.base/java.lang.Thread.run(Thread.java:1583)
Caused by: org.apache.http.conn.HttpHostConnectException: Connect to localhost:8761 [localhost/127.0.0.1, localhost/0:0:0:0:0:0:0:1] failed: Connection refused: connect
	at org.apache.http.impl.conn.DefaultHttpClientConnectionOperator.connect(DefaultHttpClientConnectionOperator.java:156)
	at org.apache.http.impl.conn.PoolingHttpClientConnectionManager.connect(PoolingHttpClientConnectionManager.java:376)
	at org.apache.http.impl.execchain.MainClientExec.establishRoute(MainClientExec.java:393)
	at org.apache.http.impl.execchain.MainClientExec.execute(MainClientExec.java:236)
	at org.apache.http.impl.execchain.ProtocolExec.execute(ProtocolExec.java:186)
	at org.apache.http.impl.execchain.RetryExec.execute(RetryExec.java:89)
	at org.apache.http.impl.execchain.RedirectExec.execute(RedirectExec.java:110)
	at org.apache.http.impl.client.InternalHttpClient.doExecute(InternalHttpClient.java:185)
	at org.apache.http.impl.client.CloseableHttpClient.execute(CloseableHttpClient.java:83)
	at org.apache.http.impl.client.CloseableHttpClient.execute(CloseableHttpClient.java:56)
	at org.springframework.http.client.HttpComponentsClientHttpRequest.executeInternal(HttpComponentsClientHttpRequest.java:87)
	at org.springframework.http.client.AbstractBufferingClientHttpRequest.executeInternal(AbstractBufferingClientHttpRequest.java:48)
	at org.springframework.http.client.AbstractClientHttpRequest.execute(AbstractClientHttpRequest.java:66)
	at org.springframework.web.client.RestTemplate.doExecute(RestTemplate.java:782)
	... 23 more
Caused by: java.net.ConnectException: Connection refused: connect
	at java.base/sun.nio.ch.Net.connect0(Native Method)
	at java.base/sun.nio.ch.Net.connect(Net.java:597)
	at java.base/sun.nio.ch.Net.connect(Net.java:586)
	at java.base/sun.nio.ch.NioSocketImpl.connect(NioSocketImpl.java:583)
	at java.base/java.net.SocksSocketImpl.connect(SocksSocketImpl.java:327)
	at java.base/java.net.Socket.connect(Socket.java:751)
	at org.apache.http.conn.socket.PlainConnectionSocketFactory.connectSocket(PlainConnectionSocketFactory.java:75)
	at org.apache.http.impl.conn.DefaultHttpClientConnectionOperator.connect(DefaultHttpClientConnectionOperator.java:142)
	... 36 more

2026-03-06 11:54:16 [DiscoveryClient-HeartbeatExecutor-0] INFO  com.netflix.discovery.shared.transport.decorator.RedirectingEurekaHttpClient -Request execution error. endpoint=DefaultEndpoint{ serviceUrl='http://localhost:8761/eureka/}, exception=I/O error on PUT request for "http://localhost:8761/eureka/apps/MSVC-EMPLOYEE/msvc-employee:e95d0875ec98eebb6ac828ca9ba4531e": Connect to localhost:8761 [localhost/127.0.0.1, localhost/0:0:0:0:0:0:0:1] failed: Connection refused: connect; nested exception is org.apache.http.conn.HttpHostConnectException: Connect to localhost:8761 [localhost/127.0.0.1, localhost/0:0:0:0:0:0:0:1] failed: Connection refused: connect stacktrace=org.springframework.web.client.ResourceAccessException: I/O error on PUT request for "http://localhost:8761/eureka/apps/MSVC-EMPLOYEE/msvc-employee:e95d0875ec98eebb6ac828ca9ba4531e": Connect to localhost:8761 [localhost/127.0.0.1, localhost/0:0:0:0:0:0:0:1] failed: Connection refused: connect; nested exception is org.apache.http.conn.HttpHostConnectException: Connect to localhost:8761 [localhost/127.0.0.1, localhost/0:0:0:0:0:0:0:1] failed: Connection refused: connect
	at org.springframework.web.client.RestTemplate.doExecute(RestTemplate.java:791)
	at org.springframework.web.client.RestTemplate.execute(RestTemplate.java:717)
	at org.springframework.web.client.RestTemplate.exchange(RestTemplate.java:608)
	at org.springframework.cloud.netflix.eureka.http.RestTemplateEurekaHttpClient.sendHeartBeat(RestTemplateEurekaHttpClient.java:99)
	at com.netflix.discovery.shared.transport.decorator.EurekaHttpClientDecorator$3.execute(EurekaHttpClientDecorator.java:92)
	at com.netflix.discovery.shared.transport.decorator.RedirectingEurekaHttpClient.executeOnNewServer(RedirectingEurekaHttpClient.java:121)
	at com.netflix.discovery.shared.transport.decorator.RedirectingEurekaHttpClient.execute(RedirectingEurekaHttpClient.java:80)
	at com.netflix.discovery.shared.transport.decorator.EurekaHttpClientDecorator.sendHeartBeat(EurekaHttpClientDecorator.java:89)
	at com.netflix.discovery.shared.transport.decorator.EurekaHttpClientDecorator$3.execute(EurekaHttpClientDecorator.java:92)
	at com.netflix.discovery.shared.transport.decorator.RetryableEurekaHttpClient.execute(RetryableEurekaHttpClient.java:120)
	at com.netflix.discovery.shared.transport.decorator.EurekaHttpClientDecorator.sendHeartBeat(EurekaHttpClientDecorator.java:89)
	at com.netflix.discovery.shared.transport.decorator.EurekaHttpClientDecorator$3.execute(EurekaHttpClientDecorator.java:92)
	at com.netflix.discovery.shared.transport.decorator.SessionedEurekaHttpClient.execute(SessionedEurekaHttpClient.java:77)
	at com.netflix.discovery.shared.transport.decorator.EurekaHttpClientDecorator.sendHeartBeat(EurekaHttpClientDecorator.java:89)
	at com.netflix.discovery.DiscoveryClient.renew(DiscoveryClient.java:893)
	at com.netflix.discovery.DiscoveryClient$HeartbeatThread.run(DiscoveryClient.java:1457)
	at java.base/java.util.concurrent.Executors$RunnableAdapter.call(Executors.java:572)
	at java.base/java.util.concurrent.FutureTask.run(FutureTask.java:317)
	at java.base/java.util.concurrent.ThreadPoolExecutor.runWorker(ThreadPoolExecutor.java:1144)
	at java.base/java.util.concurrent.ThreadPoolExecutor$Worker.run(ThreadPoolExecutor.java:642)
	at java.base/java.lang.Thread.run(Thread.java:1583)
Caused by: org.apache.http.conn.HttpHostConnectException: Connect to localhost:8761 [localhost/127.0.0.1, localhost/0:0:0:0:0:0:0:1] failed: Connection refused: connect
	at org.apache.http.impl.conn.DefaultHttpClientConnectionOperator.connect(DefaultHttpClientConnectionOperator.java:156)
	at org.apache.http.impl.conn.PoolingHttpClientConnectionManager.connect(PoolingHttpClientConnectionManager.java:376)
	at org.apache.http.impl.execchain.MainClientExec.establishRoute(MainClientExec.java:393)
	at org.apache.http.impl.execchain.MainClientExec.execute(MainClientExec.java:236)
	at org.apache.http.impl.execchain.ProtocolExec.execute(ProtocolExec.java:186)
	at org.apache.http.impl.execchain.RetryExec.execute(RetryExec.java:89)
	at org.apache.http.impl.execchain.RedirectExec.execute(RedirectExec.java:110)
	at org.apache.http.impl.client.InternalHttpClient.doExecute(InternalHttpClient.java:185)
	at org.apache.http.impl.client.CloseableHttpClient.execute(CloseableHttpClient.java:83)
	at org.apache.http.impl.client.CloseableHttpClient.execute(CloseableHttpClient.java:56)
	at org.springframework.http.client.HttpComponentsClientHttpRequest.executeInternal(HttpComponentsClientHttpRequest.java:87)
	at org.springframework.http.client.AbstractBufferingClientHttpRequest.executeInternal(AbstractBufferingClientHttpRequest.java:48)
	at org.springframework.http.client.AbstractClientHttpRequest.execute(AbstractClientHttpRequest.java:66)
	at org.springframework.web.client.RestTemplate.doExecute(RestTemplate.java:782)
	... 20 more
Caused by: java.net.ConnectException: Connection refused: connect
	at java.base/sun.nio.ch.Net.connect0(Native Method)
	at java.base/sun.nio.ch.Net.connect(Net.java:597)
	at java.base/sun.nio.ch.Net.connect(Net.java:586)
	at java.base/sun.nio.ch.NioSocketImpl.connect(NioSocketImpl.java:583)
	at java.base/java.net.SocksSocketImpl.connect(SocksSocketImpl.java:327)
	at java.base/java.net.Socket.connect(Socket.java:751)
	at org.apache.http.conn.socket.PlainConnectionSocketFactory.connectSocket(PlainConnectionSocketFactory.java:75)
	at org.apache.http.impl.conn.DefaultHttpClientConnectionOperator.connect(DefaultHttpClientConnectionOperator.java:142)
	... 33 more

2026-03-06 11:54:16 [DiscoveryClient-HeartbeatExecutor-0] WARN  com.netflix.discovery.shared.transport.decorator.RetryableEurekaHttpClient -Request execution failed with message: I/O error on PUT request for "http://localhost:8761/eureka/apps/MSVC-EMPLOYEE/msvc-employee:e95d0875ec98eebb6ac828ca9ba4531e": Connect to localhost:8761 [localhost/127.0.0.1, localhost/0:0:0:0:0:0:0:1] failed: Connection refused: connect; nested exception is org.apache.http.conn.HttpHostConnectException: Connect to localhost:8761 [localhost/127.0.0.1, localhost/0:0:0:0:0:0:0:1] failed: Connection refused: connect
2026-03-06 11:54:16 [DiscoveryClient-CacheRefreshExecutor-0] WARN  com.netflix.discovery.shared.transport.decorator.RetryableEurekaHttpClient -Request execution failed with message: I/O error on GET request for "http://localhost:8761/eureka/apps/": Connect to localhost:8761 [localhost/127.0.0.1, localhost/0:0:0:0:0:0:0:1] failed: Connection refused: connect; nested exception is org.apache.http.conn.HttpHostConnectException: Connect to localhost:8761 [localhost/127.0.0.1, localhost/0:0:0:0:0:0:0:1] failed: Connection refused: connect
2026-03-06 11:54:16 [DiscoveryClient-CacheRefreshExecutor-0] INFO  com.netflix.discovery.DiscoveryClient -DiscoveryClient_MSVC-EMPLOYEE/msvc-employee:e95d0875ec98eebb6ac828ca9ba4531e - was unable to refresh its cache! This periodic background refresh will be retried in 30 seconds. status = Cannot execute request on any known server stacktrace = com.netflix.discovery.shared.transport.TransportException: Cannot execute request on any known server
	at com.netflix.discovery.shared.transport.decorator.RetryableEurekaHttpClient.execute(RetryableEurekaHttpClient.java:112)
	at com.netflix.discovery.shared.transport.decorator.EurekaHttpClientDecorator.getApplications(EurekaHttpClientDecorator.java:134)
	at com.netflix.discovery.shared.transport.decorator.EurekaHttpClientDecorator$6.execute(EurekaHttpClientDecorator.java:137)
	at com.netflix.discovery.shared.transport.decorator.SessionedEurekaHttpClient.execute(SessionedEurekaHttpClient.java:77)
	at com.netflix.discovery.shared.transport.decorator.EurekaHttpClientDecorator.getApplications(EurekaHttpClientDecorator.java:134)
	at com.netflix.discovery.DiscoveryClient.getAndStoreFullRegistry(DiscoveryClient.java:1101)
	at com.netflix.discovery.DiscoveryClient.fetchRegistry(DiscoveryClient.java:1014)
	at com.netflix.discovery.DiscoveryClient.refreshRegistry(DiscoveryClient.java:1531)
	at com.netflix.discovery.DiscoveryClient$CacheRefreshThread.run(DiscoveryClient.java:1498)
	at java.base/java.util.concurrent.Executors$RunnableAdapter.call(Executors.java:572)
	at java.base/java.util.concurrent.FutureTask.run(FutureTask.java:317)
	at java.base/java.util.concurrent.ThreadPoolExecutor.runWorker(ThreadPoolExecutor.java:1144)
	at java.base/java.util.concurrent.ThreadPoolExecutor$Worker.run(ThreadPoolExecutor.java:642)
	at java.base/java.lang.Thread.run(Thread.java:1583)

2026-03-06 11:54:16 [DiscoveryClient-HeartbeatExecutor-0] ERROR com.netflix.discovery.DiscoveryClient -DiscoveryClient_MSVC-EMPLOYEE/msvc-employee:e95d0875ec98eebb6ac828ca9ba4531e - was unable to send heartbeat!
com.netflix.discovery.shared.transport.TransportException: Cannot execute request on any known server
	at com.netflix.discovery.shared.transport.decorator.RetryableEurekaHttpClient.execute(RetryableEurekaHttpClient.java:112)
	at com.netflix.discovery.shared.transport.decorator.EurekaHttpClientDecorator.sendHeartBeat(EurekaHttpClientDecorator.java:89)
	at com.netflix.discovery.shared.transport.decorator.EurekaHttpClientDecorator$3.execute(EurekaHttpClientDecorator.java:92)
	at com.netflix.discovery.shared.transport.decorator.SessionedEurekaHttpClient.execute(SessionedEurekaHttpClient.java:77)
	at com.netflix.discovery.shared.transport.decorator.EurekaHttpClientDecorator.sendHeartBeat(EurekaHttpClientDecorator.java:89)
	at com.netflix.discovery.DiscoveryClient.renew(DiscoveryClient.java:893)
	at com.netflix.discovery.DiscoveryClient$HeartbeatThread.run(DiscoveryClient.java:1457)
	at java.base/java.util.concurrent.Executors$RunnableAdapter.call(Executors.java:572)
	at java.base/java.util.concurrent.FutureTask.run(FutureTask.java:317)
	at java.base/java.util.concurrent.ThreadPoolExecutor.runWorker(ThreadPoolExecutor.java:1144)
	at java.base/java.util.concurrent.ThreadPoolExecutor$Worker.run(ThreadPoolExecutor.java:642)
	at java.base/java.lang.Thread.run(Thread.java:1583)
2026-03-06 11:54:16 [DiscoveryClient-InstanceInfoReplicator-0] INFO  com.netflix.discovery.DiscoveryClient -DiscoveryClient_MSVC-EMPLOYEE/msvc-employee:e95d0875ec98eebb6ac828ca9ba4531e: registering service...
2026-03-06 11:54:16 [DiscoveryClient-InstanceInfoReplicator-0] INFO  com.netflix.discovery.shared.transport.decorator.RedirectingEurekaHttpClient -Request execution error. endpoint=DefaultEndpoint{ serviceUrl='http://localhost:8761/eureka/}, exception=I/O error on POST request for "http://localhost:8761/eureka/apps/MSVC-EMPLOYEE": Connect to localhost:8761 [localhost/127.0.0.1, localhost/0:0:0:0:0:0:0:1] failed: Connection refused: connect; nested exception is org.apache.http.conn.HttpHostConnectException: Connect to localhost:8761 [localhost/127.0.0.1, localhost/0:0:0:0:0:0:0:1] failed: Connection refused: connect stacktrace=org.springframework.web.client.ResourceAccessException: I/O error on POST request for "http://localhost:8761/eureka/apps/MSVC-EMPLOYEE": Connect to localhost:8761 [localhost/127.0.0.1, localhost/0:0:0:0:0:0:0:1] failed: Connection refused: connect; nested exception is org.apache.http.conn.HttpHostConnectException: Connect to localhost:8761 [localhost/127.0.0.1, localhost/0:0:0:0:0:0:0:1] failed: Connection refused: connect
	at org.springframework.web.client.RestTemplate.doExecute(RestTemplate.java:791)
	at org.springframework.web.client.RestTemplate.execute(RestTemplate.java:717)
	at org.springframework.web.client.RestTemplate.exchange(RestTemplate.java:608)
	at org.springframework.cloud.netflix.eureka.http.RestTemplateEurekaHttpClient.register(RestTemplateEurekaHttpClient.java:77)
	at com.netflix.discovery.shared.transport.decorator.EurekaHttpClientDecorator$1.execute(EurekaHttpClientDecorator.java:59)
	at com.netflix.discovery.shared.transport.decorator.RedirectingEurekaHttpClient.executeOnNewServer(RedirectingEurekaHttpClient.java:121)
	at com.netflix.discovery.shared.transport.decorator.RedirectingEurekaHttpClient.execute(RedirectingEurekaHttpClient.java:80)
	at com.netflix.discovery.shared.transport.decorator.EurekaHttpClientDecorator.register(EurekaHttpClientDecorator.java:56)
	at com.netflix.discovery.shared.transport.decorator.EurekaHttpClientDecorator$1.execute(EurekaHttpClientDecorator.java:59)
	at com.netflix.discovery.shared.transport.decorator.RetryableEurekaHttpClient.execute(RetryableEurekaHttpClient.java:120)
	at com.netflix.discovery.shared.transport.decorator.EurekaHttpClientDecorator.register(EurekaHttpClientDecorator.java:56)
	at com.netflix.discovery.shared.transport.decorator.EurekaHttpClientDecorator$1.execute(EurekaHttpClientDecorator.java:59)
	at com.netflix.discovery.shared.transport.decorator.SessionedEurekaHttpClient.execute(SessionedEurekaHttpClient.java:77)
	at com.netflix.discovery.shared.transport.decorator.EurekaHttpClientDecorator.register(EurekaHttpClientDecorator.java:56)
	at com.netflix.discovery.DiscoveryClient.register(DiscoveryClient.java:876)
	at com.netflix.discovery.InstanceInfoReplicator.run(InstanceInfoReplicator.java:121)
	at java.base/java.util.concurrent.Executors$RunnableAdapter.call(Executors.java:572)
	at java.base/java.util.concurrent.FutureTask.run(FutureTask.java:317)
	at java.base/java.util.concurrent.ScheduledThreadPoolExecutor$ScheduledFutureTask.run(ScheduledThreadPoolExecutor.java:304)
	at java.base/java.util.concurrent.ThreadPoolExecutor.runWorker(ThreadPoolExecutor.java:1144)
	at java.base/java.util.concurrent.ThreadPoolExecutor$Worker.run(ThreadPoolExecutor.java:642)
	at java.base/java.lang.Thread.run(Thread.java:1583)
Caused by: org.apache.http.conn.HttpHostConnectException: Connect to localhost:8761 [localhost/127.0.0.1, localhost/0:0:0:0:0:0:0:1] failed: Connection refused: connect
	at org.apache.http.impl.conn.DefaultHttpClientConnectionOperator.connect(DefaultHttpClientConnectionOperator.java:156)
	at org.apache.http.impl.conn.PoolingHttpClientConnectionManager.connect(PoolingHttpClientConnectionManager.java:376)
	at org.apache.http.impl.execchain.MainClientExec.establishRoute(MainClientExec.java:393)
	at org.apache.http.impl.execchain.MainClientExec.execute(MainClientExec.java:236)
	at org.apache.http.impl.execchain.ProtocolExec.execute(ProtocolExec.java:186)
	at org.apache.http.impl.execchain.RetryExec.execute(RetryExec.java:89)
	at org.apache.http.impl.execchain.RedirectExec.execute(RedirectExec.java:110)
	at org.apache.http.impl.client.InternalHttpClient.doExecute(InternalHttpClient.java:185)
	at org.apache.http.impl.client.CloseableHttpClient.execute(CloseableHttpClient.java:83)
	at org.apache.http.impl.client.CloseableHttpClient.execute(CloseableHttpClient.java:56)
	at org.springframework.http.client.HttpComponentsClientHttpRequest.executeInternal(HttpComponentsClientHttpRequest.java:87)
	at org.springframework.http.client.AbstractBufferingClientHttpRequest.executeInternal(AbstractBufferingClientHttpRequest.java:48)
	at org.springframework.http.client.AbstractClientHttpRequest.execute(AbstractClientHttpRequest.java:66)
	at org.springframework.web.client.RestTemplate.doExecute(RestTemplate.java:782)
	... 21 more
Caused by: java.net.ConnectException: Connection refused: connect
	at java.base/sun.nio.ch.Net.connect0(Native Method)
	at java.base/sun.nio.ch.Net.connect(Net.java:597)
	at java.base/sun.nio.ch.Net.connect(Net.java:586)
	at java.base/sun.nio.ch.NioSocketImpl.connect(NioSocketImpl.java:583)
	at java.base/java.net.SocksSocketImpl.connect(SocksSocketImpl.java:327)
	at java.base/java.net.Socket.connect(Socket.java:751)
	at org.apache.http.conn.socket.PlainConnectionSocketFactory.connectSocket(PlainConnectionSocketFactory.java:75)
	at org.apache.http.impl.conn.DefaultHttpClientConnectionOperator.connect(DefaultHttpClientConnectionOperator.java:142)
	... 34 more

2026-03-06 11:54:16 [DiscoveryClient-InstanceInfoReplicator-0] WARN  com.netflix.discovery.shared.transport.decorator.RetryableEurekaHttpClient -Request execution failed with message: I/O error on POST request for "http://localhost:8761/eureka/apps/MSVC-EMPLOYEE": Connect to localhost:8761 [localhost/127.0.0.1, localhost/0:0:0:0:0:0:0:1] failed: Connection refused: connect; nested exception is org.apache.http.conn.HttpHostConnectException: Connect to localhost:8761 [localhost/127.0.0.1, localhost/0:0:0:0:0:0:0:1] failed: Connection refused: connect
2026-03-06 11:54:16 [DiscoveryClient-InstanceInfoReplicator-0] WARN  com.netflix.discovery.DiscoveryClient -DiscoveryClient_MSVC-EMPLOYEE/msvc-employee:e95d0875ec98eebb6ac828ca9ba4531e - registration failed Cannot execute request on any known server
com.netflix.discovery.shared.transport.TransportException: Cannot execute request on any known server
	at com.netflix.discovery.shared.transport.decorator.RetryableEurekaHttpClient.execute(RetryableEurekaHttpClient.java:112)
	at com.netflix.discovery.shared.transport.decorator.EurekaHttpClientDecorator.register(EurekaHttpClientDecorator.java:56)
	at com.netflix.discovery.shared.transport.decorator.EurekaHttpClientDecorator$1.execute(EurekaHttpClientDecorator.java:59)
	at com.netflix.discovery.shared.transport.decorator.SessionedEurekaHttpClient.execute(SessionedEurekaHttpClient.java:77)
	at com.netflix.discovery.shared.transport.decorator.EurekaHttpClientDecorator.register(EurekaHttpClientDecorator.java:56)
	at com.netflix.discovery.DiscoveryClient.register(DiscoveryClient.java:876)
	at com.netflix.discovery.InstanceInfoReplicator.run(InstanceInfoReplicator.java:121)
	at java.base/java.util.concurrent.Executors$RunnableAdapter.call(Executors.java:572)
	at java.base/java.util.concurrent.FutureTask.run(FutureTask.java:317)
	at java.base/java.util.concurrent.ScheduledThreadPoolExecutor$ScheduledFutureTask.run(ScheduledThreadPoolExecutor.java:304)
	at java.base/java.util.concurrent.ThreadPoolExecutor.runWorker(ThreadPoolExecutor.java:1144)
	at java.base/java.util.concurrent.ThreadPoolExecutor$Worker.run(ThreadPoolExecutor.java:642)
	at java.base/java.lang.Thread.run(Thread.java:1583)
2026-03-06 11:54:16 [DiscoveryClient-InstanceInfoReplicator-0] WARN  com.netflix.discovery.InstanceInfoReplicator -There was a problem with the instance info replicator
com.netflix.discovery.shared.transport.TransportException: Cannot execute request on any known server
	at com.netflix.discovery.shared.transport.decorator.RetryableEurekaHttpClient.execute(RetryableEurekaHttpClient.java:112)
	at com.netflix.discovery.shared.transport.decorator.EurekaHttpClientDecorator.register(EurekaHttpClientDecorator.java:56)
	at com.netflix.discovery.shared.transport.decorator.EurekaHttpClientDecorator$1.execute(EurekaHttpClientDecorator.java:59)
	at com.netflix.discovery.shared.transport.decorator.SessionedEurekaHttpClient.execute(SessionedEurekaHttpClient.java:77)
	at com.netflix.discovery.shared.transport.decorator.EurekaHttpClientDecorator.register(EurekaHttpClientDecorator.java:56)
	at com.netflix.discovery.DiscoveryClient.register(DiscoveryClient.java:876)
	at com.netflix.discovery.InstanceInfoReplicator.run(InstanceInfoReplicator.java:121)
	at java.base/java.util.concurrent.Executors$RunnableAdapter.call(Executors.java:572)
	at java.base/java.util.concurrent.FutureTask.run(FutureTask.java:317)
	at java.base/java.util.concurrent.ScheduledThreadPoolExecutor$ScheduledFutureTask.run(ScheduledThreadPoolExecutor.java:304)
	at java.base/java.util.concurrent.ThreadPoolExecutor.runWorker(ThreadPoolExecutor.java:1144)
	at java.base/java.util.concurrent.ThreadPoolExecutor$Worker.run(ThreadPoolExecutor.java:642)
	at java.base/java.lang.Thread.run(Thread.java:1583)
2026-03-06 11:54:46 [DiscoveryClient-CacheRefreshExecutor-0] INFO  com.netflix.discovery.DiscoveryClient -Disable delta property : false
2026-03-06 11:54:46 [DiscoveryClient-CacheRefreshExecutor-0] INFO  com.netflix.discovery.DiscoveryClient -Single vip registry refresh property : null
2026-03-06 11:54:46 [DiscoveryClient-CacheRefreshExecutor-0] INFO  com.netflix.discovery.DiscoveryClient -Force full registry fetch : false
2026-03-06 11:54:46 [DiscoveryClient-CacheRefreshExecutor-0] INFO  com.netflix.discovery.DiscoveryClient -Application is null : false
2026-03-06 11:54:46 [DiscoveryClient-CacheRefreshExecutor-0] INFO  com.netflix.discovery.DiscoveryClient -Registered Applications size is zero : true
2026-03-06 11:54:46 [DiscoveryClient-CacheRefreshExecutor-0] INFO  com.netflix.discovery.DiscoveryClient -Application version is -1: true
2026-03-06 11:54:46 [DiscoveryClient-CacheRefreshExecutor-0] INFO  com.netflix.discovery.DiscoveryClient -Getting all instance registry info from the eureka server
2026-03-06 11:54:46 [DiscoveryClient-HeartbeatExecutor-0] INFO  com.netflix.discovery.shared.transport.decorator.RedirectingEurekaHttpClient -Request execution error. endpoint=DefaultEndpoint{ serviceUrl='http://localhost:8761/eureka/}, exception=I/O error on PUT request for "http://localhost:8761/eureka/apps/MSVC-EMPLOYEE/msvc-employee:e95d0875ec98eebb6ac828ca9ba4531e": Connect to localhost:8761 [localhost/127.0.0.1, localhost/0:0:0:0:0:0:0:1] failed: Connection refused: connect; nested exception is org.apache.http.conn.HttpHostConnectException: Connect to localhost:8761 [localhost/127.0.0.1, localhost/0:0:0:0:0:0:0:1] failed: Connection refused: connect stacktrace=org.springframework.web.client.ResourceAccessException: I/O error on PUT request for "http://localhost:8761/eureka/apps/MSVC-EMPLOYEE/msvc-employee:e95d0875ec98eebb6ac828ca9ba4531e": Connect to localhost:8761 [localhost/127.0.0.1, localhost/0:0:0:0:0:0:0:1] failed: Connection refused: connect; nested exception is org.apache.http.conn.HttpHostConnectException: Connect to localhost:8761 [localhost/127.0.0.1, localhost/0:0:0:0:0:0:0:1] failed: Connection refused: connect
	at org.springframework.web.client.RestTemplate.doExecute(RestTemplate.java:791)
	at org.springframework.web.client.RestTemplate.execute(RestTemplate.java:717)
	at org.springframework.web.client.RestTemplate.exchange(RestTemplate.java:608)
	at org.springframework.cloud.netflix.eureka.http.RestTemplateEurekaHttpClient.sendHeartBeat(RestTemplateEurekaHttpClient.java:99)
	at com.netflix.discovery.shared.transport.decorator.EurekaHttpClientDecorator$3.execute(EurekaHttpClientDecorator.java:92)
	at com.netflix.discovery.shared.transport.decorator.RedirectingEurekaHttpClient.executeOnNewServer(RedirectingEurekaHttpClient.java:121)
	at com.netflix.discovery.shared.transport.decorator.RedirectingEurekaHttpClient.execute(RedirectingEurekaHttpClient.java:80)
	at com.netflix.discovery.shared.transport.decorator.EurekaHttpClientDecorator.sendHeartBeat(EurekaHttpClientDecorator.java:89)
	at com.netflix.discovery.shared.transport.decorator.EurekaHttpClientDecorator$3.execute(EurekaHttpClientDecorator.java:92)
	at com.netflix.discovery.shared.transport.decorator.RetryableEurekaHttpClient.execute(RetryableEurekaHttpClient.java:120)
	at com.netflix.discovery.shared.transport.decorator.EurekaHttpClientDecorator.sendHeartBeat(EurekaHttpClientDecorator.java:89)
	at com.netflix.discovery.shared.transport.decorator.EurekaHttpClientDecorator$3.execute(EurekaHttpClientDecorator.java:92)
	at com.netflix.discovery.shared.transport.decorator.SessionedEurekaHttpClient.execute(SessionedEurekaHttpClient.java:77)
	at com.netflix.discovery.shared.transport.decorator.EurekaHttpClientDecorator.sendHeartBeat(EurekaHttpClientDecorator.java:89)
	at com.netflix.discovery.DiscoveryClient.renew(DiscoveryClient.java:893)
	at com.netflix.discovery.DiscoveryClient$HeartbeatThread.run(DiscoveryClient.java:1457)
	at java.base/java.util.concurrent.Executors$RunnableAdapter.call(Executors.java:572)
	at java.base/java.util.concurrent.FutureTask.run(FutureTask.java:317)
	at java.base/java.util.concurrent.ThreadPoolExecutor.runWorker(ThreadPoolExecutor.java:1144)
	at java.base/java.util.concurrent.ThreadPoolExecutor$Worker.run(ThreadPoolExecutor.java:642)
	at java.base/java.lang.Thread.run(Thread.java:1583)
Caused by: org.apache.http.conn.HttpHostConnectException: Connect to localhost:8761 [localhost/127.0.0.1, localhost/0:0:0:0:0:0:0:1] failed: Connection refused: connect
	at org.apache.http.impl.conn.DefaultHttpClientConnectionOperator.connect(DefaultHttpClientConnectionOperator.java:156)
	at org.apache.http.impl.conn.PoolingHttpClientConnectionManager.connect(PoolingHttpClientConnectionManager.java:376)
	at org.apache.http.impl.execchain.MainClientExec.establishRoute(MainClientExec.java:393)
	at org.apache.http.impl.execchain.MainClientExec.execute(MainClientExec.java:236)
	at org.apache.http.impl.execchain.ProtocolExec.execute(ProtocolExec.java:186)
	at org.apache.http.impl.execchain.RetryExec.execute(RetryExec.java:89)
	at org.apache.http.impl.execchain.RedirectExec.execute(RedirectExec.java:110)
	at org.apache.http.impl.client.InternalHttpClient.doExecute(InternalHttpClient.java:185)
	at org.apache.http.impl.client.CloseableHttpClient.execute(CloseableHttpClient.java:83)
	at org.apache.http.impl.client.CloseableHttpClient.execute(CloseableHttpClient.java:56)
	at org.springframework.http.client.HttpComponentsClientHttpRequest.executeInternal(HttpComponentsClientHttpRequest.java:87)
	at org.springframework.http.client.AbstractBufferingClientHttpRequest.executeInternal(AbstractBufferingClientHttpRequest.java:48)
	at org.springframework.http.client.AbstractClientHttpRequest.execute(AbstractClientHttpRequest.java:66)
	at org.springframework.web.client.RestTemplate.doExecute(RestTemplate.java:782)
	... 20 more
Caused by: java.net.ConnectException: Connection refused: connect
	at java.base/sun.nio.ch.Net.connect0(Native Method)
	at java.base/sun.nio.ch.Net.connect(Net.java:597)
	at java.base/sun.nio.ch.Net.connect(Net.java:586)
	at java.base/sun.nio.ch.NioSocketImpl.connect(NioSocketImpl.java:583)
	at java.base/java.net.SocksSocketImpl.connect(SocksSocketImpl.java:327)
	at java.base/java.net.Socket.connect(Socket.java:751)
	at org.apache.http.conn.socket.PlainConnectionSocketFactory.connectSocket(PlainConnectionSocketFactory.java:75)
	at org.apache.http.impl.conn.DefaultHttpClientConnectionOperator.connect(DefaultHttpClientConnectionOperator.java:142)
	... 33 more

2026-03-06 11:54:46 [DiscoveryClient-HeartbeatExecutor-0] WARN  com.netflix.discovery.shared.transport.decorator.RetryableEurekaHttpClient -Request execution failed with message: I/O error on PUT request for "http://localhost:8761/eureka/apps/MSVC-EMPLOYEE/msvc-employee:e95d0875ec98eebb6ac828ca9ba4531e": Connect to localhost:8761 [localhost/127.0.0.1, localhost/0:0:0:0:0:0:0:1] failed: Connection refused: connect; nested exception is org.apache.http.conn.HttpHostConnectException: Connect to localhost:8761 [localhost/127.0.0.1, localhost/0:0:0:0:0:0:0:1] failed: Connection refused: connect
2026-03-06 11:54:46 [DiscoveryClient-HeartbeatExecutor-0] ERROR com.netflix.discovery.DiscoveryClient -DiscoveryClient_MSVC-EMPLOYEE/msvc-employee:e95d0875ec98eebb6ac828ca9ba4531e - was unable to send heartbeat!
com.netflix.discovery.shared.transport.TransportException: Cannot execute request on any known server
	at com.netflix.discovery.shared.transport.decorator.RetryableEurekaHttpClient.execute(RetryableEurekaHttpClient.java:112)
	at com.netflix.discovery.shared.transport.decorator.EurekaHttpClientDecorator.sendHeartBeat(EurekaHttpClientDecorator.java:89)
	at com.netflix.discovery.shared.transport.decorator.EurekaHttpClientDecorator$3.execute(EurekaHttpClientDecorator.java:92)
	at com.netflix.discovery.shared.transport.decorator.SessionedEurekaHttpClient.execute(SessionedEurekaHttpClient.java:77)
	at com.netflix.discovery.shared.transport.decorator.EurekaHttpClientDecorator.sendHeartBeat(EurekaHttpClientDecorator.java:89)
	at com.netflix.discovery.DiscoveryClient.renew(DiscoveryClient.java:893)
	at com.netflix.discovery.DiscoveryClient$HeartbeatThread.run(DiscoveryClient.java:1457)
	at java.base/java.util.concurrent.Executors$RunnableAdapter.call(Executors.java:572)
	at java.base/java.util.concurrent.FutureTask.run(FutureTask.java:317)
	at java.base/java.util.concurrent.ThreadPoolExecutor.runWorker(ThreadPoolExecutor.java:1144)
	at java.base/java.util.concurrent.ThreadPoolExecutor$Worker.run(ThreadPoolExecutor.java:642)
	at java.base/java.lang.Thread.run(Thread.java:1583)
2026-03-06 11:54:46 [DiscoveryClient-CacheRefreshExecutor-0] INFO  com.netflix.discovery.shared.transport.decorator.RedirectingEurekaHttpClient -Request execution error. endpoint=DefaultEndpoint{ serviceUrl='http://localhost:8761/eureka/}, exception=I/O error on GET request for "http://localhost:8761/eureka/apps/": Connect to localhost:8761 [localhost/127.0.0.1, localhost/0:0:0:0:0:0:0:1] failed: Connection refused: connect; nested exception is org.apache.http.conn.HttpHostConnectException: Connect to localhost:8761 [localhost/127.0.0.1, localhost/0:0:0:0:0:0:0:1] failed: Connection refused: connect stacktrace=org.springframework.web.client.ResourceAccessException: I/O error on GET request for "http://localhost:8761/eureka/apps/": Connect to localhost:8761 [localhost/127.0.0.1, localhost/0:0:0:0:0:0:0:1] failed: Connection refused: connect; nested exception is org.apache.http.conn.HttpHostConnectException: Connect to localhost:8761 [localhost/127.0.0.1, localhost/0:0:0:0:0:0:0:1] failed: Connection refused: connect
	at org.springframework.web.client.RestTemplate.doExecute(RestTemplate.java:791)
	at org.springframework.web.client.RestTemplate.execute(RestTemplate.java:717)
	at org.springframework.web.client.RestTemplate.exchange(RestTemplate.java:608)
	at org.springframework.cloud.netflix.eureka.http.RestTemplateEurekaHttpClient.getApplicationsInternal(RestTemplateEurekaHttpClient.java:145)
	at org.springframework.cloud.netflix.eureka.http.RestTemplateEurekaHttpClient.getApplications(RestTemplateEurekaHttpClient.java:135)
	at com.netflix.discovery.shared.transport.decorator.EurekaHttpClientDecorator$6.execute(EurekaHttpClientDecorator.java:137)
	at com.netflix.discovery.shared.transport.decorator.RedirectingEurekaHttpClient.executeOnNewServer(RedirectingEurekaHttpClient.java:121)
	at com.netflix.discovery.shared.transport.decorator.RedirectingEurekaHttpClient.execute(RedirectingEurekaHttpClient.java:80)
	at com.netflix.discovery.shared.transport.decorator.EurekaHttpClientDecorator.getApplications(EurekaHttpClientDecorator.java:134)
	at com.netflix.discovery.shared.transport.decorator.EurekaHttpClientDecorator$6.execute(EurekaHttpClientDecorator.java:137)
	at com.netflix.discovery.shared.transport.decorator.RetryableEurekaHttpClient.execute(RetryableEurekaHttpClient.java:120)
	at com.netflix.discovery.shared.transport.decorator.EurekaHttpClientDecorator.getApplications(EurekaHttpClientDecorator.java:134)
	at com.netflix.discovery.shared.transport.decorator.EurekaHttpClientDecorator$6.execute(EurekaHttpClientDecorator.java:137)
	at com.netflix.discovery.shared.transport.decorator.SessionedEurekaHttpClient.execute(SessionedEurekaHttpClient.java:77)
	at com.netflix.discovery.shared.transport.decorator.EurekaHttpClientDecorator.getApplications(EurekaHttpClientDecorator.java:134)
	at com.netflix.discovery.DiscoveryClient.getAndStoreFullRegistry(DiscoveryClient.java:1101)
	at com.netflix.discovery.DiscoveryClient.fetchRegistry(DiscoveryClient.java:1014)
	at com.netflix.discovery.DiscoveryClient.refreshRegistry(DiscoveryClient.java:1531)
	at com.netflix.discovery.DiscoveryClient$CacheRefreshThread.run(DiscoveryClient.java:1498)
	at java.base/java.util.concurrent.Executors$RunnableAdapter.call(Executors.java:572)
	at java.base/java.util.concurrent.FutureTask.run(FutureTask.java:317)
	at java.base/java.util.concurrent.ThreadPoolExecutor.runWorker(ThreadPoolExecutor.java:1144)
	at java.base/java.util.concurrent.ThreadPoolExecutor$Worker.run(ThreadPoolExecutor.java:642)
	at java.base/java.lang.Thread.run(Thread.java:1583)
Caused by: org.apache.http.conn.HttpHostConnectException: Connect to localhost:8761 [localhost/127.0.0.1, localhost/0:0:0:0:0:0:0:1] failed: Connection refused: connect
	at org.apache.http.impl.conn.DefaultHttpClientConnectionOperator.connect(DefaultHttpClientConnectionOperator.java:156)
	at org.apache.http.impl.conn.PoolingHttpClientConnectionManager.connect(PoolingHttpClientConnectionManager.java:376)
	at org.apache.http.impl.execchain.MainClientExec.establishRoute(MainClientExec.java:393)
	at org.apache.http.impl.execchain.MainClientExec.execute(MainClientExec.java:236)
	at org.apache.http.impl.execchain.ProtocolExec.execute(ProtocolExec.java:186)
	at org.apache.http.impl.execchain.RetryExec.execute(RetryExec.java:89)
	at org.apache.http.impl.execchain.RedirectExec.execute(RedirectExec.java:110)
	at org.apache.http.impl.client.InternalHttpClient.doExecute(InternalHttpClient.java:185)
	at org.apache.http.impl.client.CloseableHttpClient.execute(CloseableHttpClient.java:83)
	at org.apache.http.impl.client.CloseableHttpClient.execute(CloseableHttpClient.java:56)
	at org.springframework.http.client.HttpComponentsClientHttpRequest.executeInternal(HttpComponentsClientHttpRequest.java:87)
	at org.springframework.http.client.AbstractBufferingClientHttpRequest.executeInternal(AbstractBufferingClientHttpRequest.java:48)
	at org.springframework.http.client.AbstractClientHttpRequest.execute(AbstractClientHttpRequest.java:66)
	at org.springframework.web.client.RestTemplate.doExecute(RestTemplate.java:782)
	... 23 more
Caused by: java.net.ConnectException: Connection refused: connect
	at java.base/sun.nio.ch.Net.connect0(Native Method)
	at java.base/sun.nio.ch.Net.connect(Net.java:597)
	at java.base/sun.nio.ch.Net.connect(Net.java:586)
	at java.base/sun.nio.ch.NioSocketImpl.connect(NioSocketImpl.java:583)
	at java.base/java.net.SocksSocketImpl.connect(SocksSocketImpl.java:327)
	at java.base/java.net.Socket.connect(Socket.java:751)
	at org.apache.http.conn.socket.PlainConnectionSocketFactory.connectSocket(PlainConnectionSocketFactory.java:75)
	at org.apache.http.impl.conn.DefaultHttpClientConnectionOperator.connect(DefaultHttpClientConnectionOperator.java:142)
	... 36 more

2026-03-06 11:54:46 [DiscoveryClient-CacheRefreshExecutor-0] WARN  com.netflix.discovery.shared.transport.decorator.RetryableEurekaHttpClient -Request execution failed with message: I/O error on GET request for "http://localhost:8761/eureka/apps/": Connect to localhost:8761 [localhost/127.0.0.1, localhost/0:0:0:0:0:0:0:1] failed: Connection refused: connect; nested exception is org.apache.http.conn.HttpHostConnectException: Connect to localhost:8761 [localhost/127.0.0.1, localhost/0:0:0:0:0:0:0:1] failed: Connection refused: connect
2026-03-06 11:54:46 [DiscoveryClient-CacheRefreshExecutor-0] INFO  com.netflix.discovery.DiscoveryClient -DiscoveryClient_MSVC-EMPLOYEE/msvc-employee:e95d0875ec98eebb6ac828ca9ba4531e - was unable to refresh its cache! This periodic background refresh will be retried in 30 seconds. status = Cannot execute request on any known server stacktrace = com.netflix.discovery.shared.transport.TransportException: Cannot execute request on any known server
	at com.netflix.discovery.shared.transport.decorator.RetryableEurekaHttpClient.execute(RetryableEurekaHttpClient.java:112)
	at com.netflix.discovery.shared.transport.decorator.EurekaHttpClientDecorator.getApplications(EurekaHttpClientDecorator.java:134)
	at com.netflix.discovery.shared.transport.decorator.EurekaHttpClientDecorator$6.execute(EurekaHttpClientDecorator.java:137)
	at com.netflix.discovery.shared.transport.decorator.SessionedEurekaHttpClient.execute(SessionedEurekaHttpClient.java:77)
	at com.netflix.discovery.shared.transport.decorator.EurekaHttpClientDecorator.getApplications(EurekaHttpClientDecorator.java:134)
	at com.netflix.discovery.DiscoveryClient.getAndStoreFullRegistry(DiscoveryClient.java:1101)
	at com.netflix.discovery.DiscoveryClient.fetchRegistry(DiscoveryClient.java:1014)
	at com.netflix.discovery.DiscoveryClient.refreshRegistry(DiscoveryClient.java:1531)
	at com.netflix.discovery.DiscoveryClient$CacheRefreshThread.run(DiscoveryClient.java:1498)
	at java.base/java.util.concurrent.Executors$RunnableAdapter.call(Executors.java:572)
	at java.base/java.util.concurrent.FutureTask.run(FutureTask.java:317)
	at java.base/java.util.concurrent.ThreadPoolExecutor.runWorker(ThreadPoolExecutor.java:1144)
	at java.base/java.util.concurrent.ThreadPoolExecutor$Worker.run(ThreadPoolExecutor.java:642)
	at java.base/java.lang.Thread.run(Thread.java:1583)

2026-03-06 11:54:46 [DiscoveryClient-InstanceInfoReplicator-0] INFO  com.netflix.discovery.DiscoveryClient -DiscoveryClient_MSVC-EMPLOYEE/msvc-employee:e95d0875ec98eebb6ac828ca9ba4531e: registering service...
2026-03-06 11:54:46 [DiscoveryClient-InstanceInfoReplicator-0] INFO  com.netflix.discovery.shared.transport.decorator.RedirectingEurekaHttpClient -Request execution error. endpoint=DefaultEndpoint{ serviceUrl='http://localhost:8761/eureka/}, exception=I/O error on POST request for "http://localhost:8761/eureka/apps/MSVC-EMPLOYEE": Connect to localhost:8761 [localhost/127.0.0.1, localhost/0:0:0:0:0:0:0:1] failed: Connection refused: connect; nested exception is org.apache.http.conn.HttpHostConnectException: Connect to localhost:8761 [localhost/127.0.0.1, localhost/0:0:0:0:0:0:0:1] failed: Connection refused: connect stacktrace=org.springframework.web.client.ResourceAccessException: I/O error on POST request for "http://localhost:8761/eureka/apps/MSVC-EMPLOYEE": Connect to localhost:8761 [localhost/127.0.0.1, localhost/0:0:0:0:0:0:0:1] failed: Connection refused: connect; nested exception is org.apache.http.conn.HttpHostConnectException: Connect to localhost:8761 [localhost/127.0.0.1, localhost/0:0:0:0:0:0:0:1] failed: Connection refused: connect
	at org.springframework.web.client.RestTemplate.doExecute(RestTemplate.java:791)
	at org.springframework.web.client.RestTemplate.execute(RestTemplate.java:717)
	at org.springframework.web.client.RestTemplate.exchange(RestTemplate.java:608)
	at org.springframework.cloud.netflix.eureka.http.RestTemplateEurekaHttpClient.register(RestTemplateEurekaHttpClient.java:77)
	at com.netflix.discovery.shared.transport.decorator.EurekaHttpClientDecorator$1.execute(EurekaHttpClientDecorator.java:59)
	at com.netflix.discovery.shared.transport.decorator.RedirectingEurekaHttpClient.executeOnNewServer(RedirectingEurekaHttpClient.java:121)
	at com.netflix.discovery.shared.transport.decorator.RedirectingEurekaHttpClient.execute(RedirectingEurekaHttpClient.java:80)
	at com.netflix.discovery.shared.transport.decorator.EurekaHttpClientDecorator.register(EurekaHttpClientDecorator.java:56)
	at com.netflix.discovery.shared.transport.decorator.EurekaHttpClientDecorator$1.execute(EurekaHttpClientDecorator.java:59)
	at com.netflix.discovery.shared.transport.decorator.RetryableEurekaHttpClient.execute(RetryableEurekaHttpClient.java:120)
	at com.netflix.discovery.shared.transport.decorator.EurekaHttpClientDecorator.register(EurekaHttpClientDecorator.java:56)
	at com.netflix.discovery.shared.transport.decorator.EurekaHttpClientDecorator$1.execute(EurekaHttpClientDecorator.java:59)
	at com.netflix.discovery.shared.transport.decorator.SessionedEurekaHttpClient.execute(SessionedEurekaHttpClient.java:77)
	at com.netflix.discovery.shared.transport.decorator.EurekaHttpClientDecorator.register(EurekaHttpClientDecorator.java:56)
	at com.netflix.discovery.DiscoveryClient.register(DiscoveryClient.java:876)
	at com.netflix.discovery.InstanceInfoReplicator.run(InstanceInfoReplicator.java:121)
	at java.base/java.util.concurrent.Executors$RunnableAdapter.call(Executors.java:572)
	at java.base/java.util.concurrent.FutureTask.run(FutureTask.java:317)
	at java.base/java.util.concurrent.ScheduledThreadPoolExecutor$ScheduledFutureTask.run(ScheduledThreadPoolExecutor.java:304)
	at java.base/java.util.concurrent.ThreadPoolExecutor.runWorker(ThreadPoolExecutor.java:1144)
	at java.base/java.util.concurrent.ThreadPoolExecutor$Worker.run(ThreadPoolExecutor.java:642)
	at java.base/java.lang.Thread.run(Thread.java:1583)
Caused by: org.apache.http.conn.HttpHostConnectException: Connect to localhost:8761 [localhost/127.0.0.1, localhost/0:0:0:0:0:0:0:1] failed: Connection refused: connect
	at org.apache.http.impl.conn.DefaultHttpClientConnectionOperator.connect(DefaultHttpClientConnectionOperator.java:156)
	at org.apache.http.impl.conn.PoolingHttpClientConnectionManager.connect(PoolingHttpClientConnectionManager.java:376)
	at org.apache.http.impl.execchain.MainClientExec.establishRoute(MainClientExec.java:393)
	at org.apache.http.impl.execchain.MainClientExec.execute(MainClientExec.java:236)
	at org.apache.http.impl.execchain.ProtocolExec.execute(ProtocolExec.java:186)
	at org.apache.http.impl.execchain.RetryExec.execute(RetryExec.java:89)
	at org.apache.http.impl.execchain.RedirectExec.execute(RedirectExec.java:110)
	at org.apache.http.impl.client.InternalHttpClient.doExecute(InternalHttpClient.java:185)
	at org.apache.http.impl.client.CloseableHttpClient.execute(CloseableHttpClient.java:83)
	at org.apache.http.impl.client.CloseableHttpClient.execute(CloseableHttpClient.java:56)
	at org.springframework.http.client.HttpComponentsClientHttpRequest.executeInternal(HttpComponentsClientHttpRequest.java:87)
	at org.springframework.http.client.AbstractBufferingClientHttpRequest.executeInternal(AbstractBufferingClientHttpRequest.java:48)
	at org.springframework.http.client.AbstractClientHttpRequest.execute(AbstractClientHttpRequest.java:66)
	at org.springframework.web.client.RestTemplate.doExecute(RestTemplate.java:782)
	... 21 more
Caused by: java.net.ConnectException: Connection refused: connect
	at java.base/sun.nio.ch.Net.connect0(Native Method)
	at java.base/sun.nio.ch.Net.connect(Net.java:597)
	at java.base/sun.nio.ch.Net.connect(Net.java:586)
	at java.base/sun.nio.ch.NioSocketImpl.connect(NioSocketImpl.java:583)
	at java.base/java.net.SocksSocketImpl.connect(SocksSocketImpl.java:327)
	at java.base/java.net.Socket.connect(Socket.java:751)
	at org.apache.http.conn.socket.PlainConnectionSocketFactory.connectSocket(PlainConnectionSocketFactory.java:75)
	at org.apache.http.impl.conn.DefaultHttpClientConnectionOperator.connect(DefaultHttpClientConnectionOperator.java:142)
	... 34 more

2026-03-06 11:54:46 [DiscoveryClient-InstanceInfoReplicator-0] WARN  com.netflix.discovery.shared.transport.decorator.RetryableEurekaHttpClient -Request execution failed with message: I/O error on POST request for "http://localhost:8761/eureka/apps/MSVC-EMPLOYEE": Connect to localhost:8761 [localhost/127.0.0.1, localhost/0:0:0:0:0:0:0:1] failed: Connection refused: connect; nested exception is org.apache.http.conn.HttpHostConnectException: Connect to localhost:8761 [localhost/127.0.0.1, localhost/0:0:0:0:0:0:0:1] failed: Connection refused: connect
2026-03-06 11:54:46 [DiscoveryClient-InstanceInfoReplicator-0] WARN  com.netflix.discovery.DiscoveryClient -DiscoveryClient_MSVC-EMPLOYEE/msvc-employee:e95d0875ec98eebb6ac828ca9ba4531e - registration failed Cannot execute request on any known server
com.netflix.discovery.shared.transport.TransportException: Cannot execute request on any known server
	at com.netflix.discovery.shared.transport.decorator.RetryableEurekaHttpClient.execute(RetryableEurekaHttpClient.java:112)
	at com.netflix.discovery.shared.transport.decorator.EurekaHttpClientDecorator.register(EurekaHttpClientDecorator.java:56)
	at com.netflix.discovery.shared.transport.decorator.EurekaHttpClientDecorator$1.execute(EurekaHttpClientDecorator.java:59)
	at com.netflix.discovery.shared.transport.decorator.SessionedEurekaHttpClient.execute(SessionedEurekaHttpClient.java:77)
	at com.netflix.discovery.shared.transport.decorator.EurekaHttpClientDecorator.register(EurekaHttpClientDecorator.java:56)
	at com.netflix.discovery.DiscoveryClient.register(DiscoveryClient.java:876)
	at com.netflix.discovery.InstanceInfoReplicator.run(InstanceInfoReplicator.java:121)
	at java.base/java.util.concurrent.Executors$RunnableAdapter.call(Executors.java:572)
	at java.base/java.util.concurrent.FutureTask.run(FutureTask.java:317)
	at java.base/java.util.concurrent.ScheduledThreadPoolExecutor$ScheduledFutureTask.run(ScheduledThreadPoolExecutor.java:304)
	at java.base/java.util.concurrent.ThreadPoolExecutor.runWorker(ThreadPoolExecutor.java:1144)
	at java.base/java.util.concurrent.ThreadPoolExecutor$Worker.run(ThreadPoolExecutor.java:642)
	at java.base/java.lang.Thread.run(Thread.java:1583)
2026-03-06 11:54:46 [DiscoveryClient-InstanceInfoReplicator-0] WARN  com.netflix.discovery.InstanceInfoReplicator -There was a problem with the instance info replicator
com.netflix.discovery.shared.transport.TransportException: Cannot execute request on any known server
	at com.netflix.discovery.shared.transport.decorator.RetryableEurekaHttpClient.execute(RetryableEurekaHttpClient.java:112)
	at com.netflix.discovery.shared.transport.decorator.EurekaHttpClientDecorator.register(EurekaHttpClientDecorator.java:56)
	at com.netflix.discovery.shared.transport.decorator.EurekaHttpClientDecorator$1.execute(EurekaHttpClientDecorator.java:59)
	at com.netflix.discovery.shared.transport.decorator.SessionedEurekaHttpClient.execute(SessionedEurekaHttpClient.java:77)
	at com.netflix.discovery.shared.transport.decorator.EurekaHttpClientDecorator.register(EurekaHttpClientDecorator.java:56)
	at com.netflix.discovery.DiscoveryClient.register(DiscoveryClient.java:876)
	at com.netflix.discovery.InstanceInfoReplicator.run(InstanceInfoReplicator.java:121)
	at java.base/java.util.concurrent.Executors$RunnableAdapter.call(Executors.java:572)
	at java.base/java.util.concurrent.FutureTask.run(FutureTask.java:317)
	at java.base/java.util.concurrent.ScheduledThreadPoolExecutor$ScheduledFutureTask.run(ScheduledThreadPoolExecutor.java:304)
	at java.base/java.util.concurrent.ThreadPoolExecutor.runWorker(ThreadPoolExecutor.java:1144)
	at java.base/java.util.concurrent.ThreadPoolExecutor$Worker.run(ThreadPoolExecutor.java:642)
	at java.base/java.lang.Thread.run(Thread.java:1583)
2026-03-06 11:55:16 [DiscoveryClient-CacheRefreshExecutor-0] INFO  com.netflix.discovery.DiscoveryClient -Disable delta property : false
2026-03-06 11:55:16 [DiscoveryClient-CacheRefreshExecutor-0] INFO  com.netflix.discovery.DiscoveryClient -Single vip registry refresh property : null
2026-03-06 11:55:16 [DiscoveryClient-CacheRefreshExecutor-0] INFO  com.netflix.discovery.DiscoveryClient -Force full registry fetch : false
2026-03-06 11:55:16 [DiscoveryClient-CacheRefreshExecutor-0] INFO  com.netflix.discovery.DiscoveryClient -Application is null : false
2026-03-06 11:55:16 [DiscoveryClient-CacheRefreshExecutor-0] INFO  com.netflix.discovery.DiscoveryClient -Registered Applications size is zero : true
2026-03-06 11:55:16 [DiscoveryClient-CacheRefreshExecutor-0] INFO  com.netflix.discovery.DiscoveryClient -Application version is -1: true
2026-03-06 11:55:16 [DiscoveryClient-CacheRefreshExecutor-0] INFO  com.netflix.discovery.DiscoveryClient -Getting all instance registry info from the eureka server
2026-03-06 11:55:16 [DiscoveryClient-HeartbeatExecutor-0] INFO  com.netflix.discovery.shared.transport.decorator.RedirectingEurekaHttpClient -Request execution error. endpoint=DefaultEndpoint{ serviceUrl='http://localhost:8761/eureka/}, exception=I/O error on PUT request for "http://localhost:8761/eureka/apps/MSVC-EMPLOYEE/msvc-employee:e95d0875ec98eebb6ac828ca9ba4531e": Connect to localhost:8761 [localhost/127.0.0.1, localhost/0:0:0:0:0:0:0:1] failed: Connection refused: connect; nested exception is org.apache.http.conn.HttpHostConnectException: Connect to localhost:8761 [localhost/127.0.0.1, localhost/0:0:0:0:0:0:0:1] failed: Connection refused: connect stacktrace=org.springframework.web.client.ResourceAccessException: I/O error on PUT request for "http://localhost:8761/eureka/apps/MSVC-EMPLOYEE/msvc-employee:e95d0875ec98eebb6ac828ca9ba4531e": Connect to localhost:8761 [localhost/127.0.0.1, localhost/0:0:0:0:0:0:0:1] failed: Connection refused: connect; nested exception is org.apache.http.conn.HttpHostConnectException: Connect to localhost:8761 [localhost/127.0.0.1, localhost/0:0:0:0:0:0:0:1] failed: Connection refused: connect
	at org.springframework.web.client.RestTemplate.doExecute(RestTemplate.java:791)
	at org.springframework.web.client.RestTemplate.execute(RestTemplate.java:717)
	at org.springframework.web.client.RestTemplate.exchange(RestTemplate.java:608)
	at org.springframework.cloud.netflix.eureka.http.RestTemplateEurekaHttpClient.sendHeartBeat(RestTemplateEurekaHttpClient.java:99)
	at com.netflix.discovery.shared.transport.decorator.EurekaHttpClientDecorator$3.execute(EurekaHttpClientDecorator.java:92)
	at com.netflix.discovery.shared.transport.decorator.RedirectingEurekaHttpClient.executeOnNewServer(RedirectingEurekaHttpClient.java:121)
	at com.netflix.discovery.shared.transport.decorator.RedirectingEurekaHttpClient.execute(RedirectingEurekaHttpClient.java:80)
	at com.netflix.discovery.shared.transport.decorator.EurekaHttpClientDecorator.sendHeartBeat(EurekaHttpClientDecorator.java:89)
	at com.netflix.discovery.shared.transport.decorator.EurekaHttpClientDecorator$3.execute(EurekaHttpClientDecorator.java:92)
	at com.netflix.discovery.shared.transport.decorator.RetryableEurekaHttpClient.execute(RetryableEurekaHttpClient.java:120)
	at com.netflix.discovery.shared.transport.decorator.EurekaHttpClientDecorator.sendHeartBeat(EurekaHttpClientDecorator.java:89)
	at com.netflix.discovery.shared.transport.decorator.EurekaHttpClientDecorator$3.execute(EurekaHttpClientDecorator.java:92)
	at com.netflix.discovery.shared.transport.decorator.SessionedEurekaHttpClient.execute(SessionedEurekaHttpClient.java:77)
	at com.netflix.discovery.shared.transport.decorator.EurekaHttpClientDecorator.sendHeartBeat(EurekaHttpClientDecorator.java:89)
	at com.netflix.discovery.DiscoveryClient.renew(DiscoveryClient.java:893)
	at com.netflix.discovery.DiscoveryClient$HeartbeatThread.run(DiscoveryClient.java:1457)
	at java.base/java.util.concurrent.Executors$RunnableAdapter.call(Executors.java:572)
	at java.base/java.util.concurrent.FutureTask.run(FutureTask.java:317)
	at java.base/java.util.concurrent.ThreadPoolExecutor.runWorker(ThreadPoolExecutor.java:1144)
	at java.base/java.util.concurrent.ThreadPoolExecutor$Worker.run(ThreadPoolExecutor.java:642)
	at java.base/java.lang.Thread.run(Thread.java:1583)
Caused by: org.apache.http.conn.HttpHostConnectException: Connect to localhost:8761 [localhost/127.0.0.1, localhost/0:0:0:0:0:0:0:1] failed: Connection refused: connect
	at org.apache.http.impl.conn.DefaultHttpClientConnectionOperator.connect(DefaultHttpClientConnectionOperator.java:156)
	at org.apache.http.impl.conn.PoolingHttpClientConnectionManager.connect(PoolingHttpClientConnectionManager.java:376)
	at org.apache.http.impl.execchain.MainClientExec.establishRoute(MainClientExec.java:393)
	at org.apache.http.impl.execchain.MainClientExec.execute(MainClientExec.java:236)
	at org.apache.http.impl.execchain.ProtocolExec.execute(ProtocolExec.java:186)
	at org.apache.http.impl.execchain.RetryExec.execute(RetryExec.java:89)
	at org.apache.http.impl.execchain.RedirectExec.execute(RedirectExec.java:110)
	at org.apache.http.impl.client.InternalHttpClient.doExecute(InternalHttpClient.java:185)
	at org.apache.http.impl.client.CloseableHttpClient.execute(CloseableHttpClient.java:83)
	at org.apache.http.impl.client.CloseableHttpClient.execute(CloseableHttpClient.java:56)
	at org.springframework.http.client.HttpComponentsClientHttpRequest.executeInternal(HttpComponentsClientHttpRequest.java:87)
	at org.springframework.http.client.AbstractBufferingClientHttpRequest.executeInternal(AbstractBufferingClientHttpRequest.java:48)
	at org.springframework.http.client.AbstractClientHttpRequest.execute(AbstractClientHttpRequest.java:66)
	at org.springframework.web.client.RestTemplate.doExecute(RestTemplate.java:782)
	... 20 more
Caused by: java.net.ConnectException: Connection refused: connect
	at java.base/sun.nio.ch.Net.connect0(Native Method)
	at java.base/sun.nio.ch.Net.connect(Net.java:597)
	at java.base/sun.nio.ch.Net.connect(Net.java:586)
	at java.base/sun.nio.ch.NioSocketImpl.connect(NioSocketImpl.java:583)
	at java.base/java.net.SocksSocketImpl.connect(SocksSocketImpl.java:327)
	at java.base/java.net.Socket.connect(Socket.java:751)
	at org.apache.http.conn.socket.PlainConnectionSocketFactory.connectSocket(PlainConnectionSocketFactory.java:75)
	at org.apache.http.impl.conn.DefaultHttpClientConnectionOperator.connect(DefaultHttpClientConnectionOperator.java:142)
	... 33 more

2026-03-06 11:55:16 [DiscoveryClient-HeartbeatExecutor-0] WARN  com.netflix.discovery.shared.transport.decorator.RetryableEurekaHttpClient -Request execution failed with message: I/O error on PUT request for "http://localhost:8761/eureka/apps/MSVC-EMPLOYEE/msvc-employee:e95d0875ec98eebb6ac828ca9ba4531e": Connect to localhost:8761 [localhost/127.0.0.1, localhost/0:0:0:0:0:0:0:1] failed: Connection refused: connect; nested exception is org.apache.http.conn.HttpHostConnectException: Connect to localhost:8761 [localhost/127.0.0.1, localhost/0:0:0:0:0:0:0:1] failed: Connection refused: connect
2026-03-06 11:55:16 [DiscoveryClient-HeartbeatExecutor-0] ERROR com.netflix.discovery.DiscoveryClient -DiscoveryClient_MSVC-EMPLOYEE/msvc-employee:e95d0875ec98eebb6ac828ca9ba4531e - was unable to send heartbeat!
com.netflix.discovery.shared.transport.TransportException: Cannot execute request on any known server
	at com.netflix.discovery.shared.transport.decorator.RetryableEurekaHttpClient.execute(RetryableEurekaHttpClient.java:112)
	at com.netflix.discovery.shared.transport.decorator.EurekaHttpClientDecorator.sendHeartBeat(EurekaHttpClientDecorator.java:89)
	at com.netflix.discovery.shared.transport.decorator.EurekaHttpClientDecorator$3.execute(EurekaHttpClientDecorator.java:92)
	at com.netflix.discovery.shared.transport.decorator.SessionedEurekaHttpClient.execute(SessionedEurekaHttpClient.java:77)
	at com.netflix.discovery.shared.transport.decorator.EurekaHttpClientDecorator.sendHeartBeat(EurekaHttpClientDecorator.java:89)
	at com.netflix.discovery.DiscoveryClient.renew(DiscoveryClient.java:893)
	at com.netflix.discovery.DiscoveryClient$HeartbeatThread.run(DiscoveryClient.java:1457)
	at java.base/java.util.concurrent.Executors$RunnableAdapter.call(Executors.java:572)
	at java.base/java.util.concurrent.FutureTask.run(FutureTask.java:317)
	at java.base/java.util.concurrent.ThreadPoolExecutor.runWorker(ThreadPoolExecutor.java:1144)
	at java.base/java.util.concurrent.ThreadPoolExecutor$Worker.run(ThreadPoolExecutor.java:642)
	at java.base/java.lang.Thread.run(Thread.java:1583)
2026-03-06 11:55:16 [DiscoveryClient-CacheRefreshExecutor-0] INFO  com.netflix.discovery.shared.transport.decorator.RedirectingEurekaHttpClient -Request execution error. endpoint=DefaultEndpoint{ serviceUrl='http://localhost:8761/eureka/}, exception=I/O error on GET request for "http://localhost:8761/eureka/apps/": Connect to localhost:8761 [localhost/127.0.0.1, localhost/0:0:0:0:0:0:0:1] failed: Connection refused: connect; nested exception is org.apache.http.conn.HttpHostConnectException: Connect to localhost:8761 [localhost/127.0.0.1, localhost/0:0:0:0:0:0:0:1] failed: Connection refused: connect stacktrace=org.springframework.web.client.ResourceAccessException: I/O error on GET request for "http://localhost:8761/eureka/apps/": Connect to localhost:8761 [localhost/127.0.0.1, localhost/0:0:0:0:0:0:0:1] failed: Connection refused: connect; nested exception is org.apache.http.conn.HttpHostConnectException: Connect to localhost:8761 [localhost/127.0.0.1, localhost/0:0:0:0:0:0:0:1] failed: Connection refused: connect
	at org.springframework.web.client.RestTemplate.doExecute(RestTemplate.java:791)
	at org.springframework.web.client.RestTemplate.execute(RestTemplate.java:717)
	at org.springframework.web.client.RestTemplate.exchange(RestTemplate.java:608)
	at org.springframework.cloud.netflix.eureka.http.RestTemplateEurekaHttpClient.getApplicationsInternal(RestTemplateEurekaHttpClient.java:145)
	at org.springframework.cloud.netflix.eureka.http.RestTemplateEurekaHttpClient.getApplications(RestTemplateEurekaHttpClient.java:135)
	at com.netflix.discovery.shared.transport.decorator.EurekaHttpClientDecorator$6.execute(EurekaHttpClientDecorator.java:137)
	at com.netflix.discovery.shared.transport.decorator.RedirectingEurekaHttpClient.executeOnNewServer(RedirectingEurekaHttpClient.java:121)
	at com.netflix.discovery.shared.transport.decorator.RedirectingEurekaHttpClient.execute(RedirectingEurekaHttpClient.java:80)
	at com.netflix.discovery.shared.transport.decorator.EurekaHttpClientDecorator.getApplications(EurekaHttpClientDecorator.java:134)
	at com.netflix.discovery.shared.transport.decorator.EurekaHttpClientDecorator$6.execute(EurekaHttpClientDecorator.java:137)
	at com.netflix.discovery.shared.transport.decorator.RetryableEurekaHttpClient.execute(RetryableEurekaHttpClient.java:120)
	at com.netflix.discovery.shared.transport.decorator.EurekaHttpClientDecorator.getApplications(EurekaHttpClientDecorator.java:134)
	at com.netflix.discovery.shared.transport.decorator.EurekaHttpClientDecorator$6.execute(EurekaHttpClientDecorator.java:137)
	at com.netflix.discovery.shared.transport.decorator.SessionedEurekaHttpClient.execute(SessionedEurekaHttpClient.java:77)
	at com.netflix.discovery.shared.transport.decorator.EurekaHttpClientDecorator.getApplications(EurekaHttpClientDecorator.java:134)
	at com.netflix.discovery.DiscoveryClient.getAndStoreFullRegistry(DiscoveryClient.java:1101)
	at com.netflix.discovery.DiscoveryClient.fetchRegistry(DiscoveryClient.java:1014)
	at com.netflix.discovery.DiscoveryClient.refreshRegistry(DiscoveryClient.java:1531)
	at com.netflix.discovery.DiscoveryClient$CacheRefreshThread.run(DiscoveryClient.java:1498)
	at java.base/java.util.concurrent.Executors$RunnableAdapter.call(Executors.java:572)
	at java.base/java.util.concurrent.FutureTask.run(FutureTask.java:317)
	at java.base/java.util.concurrent.ThreadPoolExecutor.runWorker(ThreadPoolExecutor.java:1144)
	at java.base/java.util.concurrent.ThreadPoolExecutor$Worker.run(ThreadPoolExecutor.java:642)
	at java.base/java.lang.Thread.run(Thread.java:1583)
Caused by: org.apache.http.conn.HttpHostConnectException: Connect to localhost:8761 [localhost/127.0.0.1, localhost/0:0:0:0:0:0:0:1] failed: Connection refused: connect
	at org.apache.http.impl.conn.DefaultHttpClientConnectionOperator.connect(DefaultHttpClientConnectionOperator.java:156)
	at org.apache.http.impl.conn.PoolingHttpClientConnectionManager.connect(PoolingHttpClientConnectionManager.java:376)
	at org.apache.http.impl.execchain.MainClientExec.establishRoute(MainClientExec.java:393)
	at org.apache.http.impl.execchain.MainClientExec.execute(MainClientExec.java:236)
	at org.apache.http.impl.execchain.ProtocolExec.execute(ProtocolExec.java:186)
	at org.apache.http.impl.execchain.RetryExec.execute(RetryExec.java:89)
	at org.apache.http.impl.execchain.RedirectExec.execute(RedirectExec.java:110)
	at org.apache.http.impl.client.InternalHttpClient.doExecute(InternalHttpClient.java:185)
	at org.apache.http.impl.client.CloseableHttpClient.execute(CloseableHttpClient.java:83)
	at org.apache.http.impl.client.CloseableHttpClient.execute(CloseableHttpClient.java:56)
	at org.springframework.http.client.HttpComponentsClientHttpRequest.executeInternal(HttpComponentsClientHttpRequest.java:87)
	at org.springframework.http.client.AbstractBufferingClientHttpRequest.executeInternal(AbstractBufferingClientHttpRequest.java:48)
	at org.springframework.http.client.AbstractClientHttpRequest.execute(AbstractClientHttpRequest.java:66)
	at org.springframework.web.client.RestTemplate.doExecute(RestTemplate.java:782)
	... 23 more
Caused by: java.net.ConnectException: Connection refused: connect
	at java.base/sun.nio.ch.Net.connect0(Native Method)
	at java.base/sun.nio.ch.Net.connect(Net.java:597)
	at java.base/sun.nio.ch.Net.connect(Net.java:586)
	at java.base/sun.nio.ch.NioSocketImpl.connect(NioSocketImpl.java:583)
	at java.base/java.net.SocksSocketImpl.connect(SocksSocketImpl.java:327)
	at java.base/java.net.Socket.connect(Socket.java:751)
	at org.apache.http.conn.socket.PlainConnectionSocketFactory.connectSocket(PlainConnectionSocketFactory.java:75)
	at org.apache.http.impl.conn.DefaultHttpClientConnectionOperator.connect(DefaultHttpClientConnectionOperator.java:142)
	... 36 more

2026-03-06 11:55:16 [DiscoveryClient-CacheRefreshExecutor-0] WARN  com.netflix.discovery.shared.transport.decorator.RetryableEurekaHttpClient -Request execution failed with message: I/O error on GET request for "http://localhost:8761/eureka/apps/": Connect to localhost:8761 [localhost/127.0.0.1, localhost/0:0:0:0:0:0:0:1] failed: Connection refused: connect; nested exception is org.apache.http.conn.HttpHostConnectException: Connect to localhost:8761 [localhost/127.0.0.1, localhost/0:0:0:0:0:0:0:1] failed: Connection refused: connect
2026-03-06 11:55:16 [DiscoveryClient-CacheRefreshExecutor-0] INFO  com.netflix.discovery.DiscoveryClient -DiscoveryClient_MSVC-EMPLOYEE/msvc-employee:e95d0875ec98eebb6ac828ca9ba4531e - was unable to refresh its cache! This periodic background refresh will be retried in 30 seconds. status = Cannot execute request on any known server stacktrace = com.netflix.discovery.shared.transport.TransportException: Cannot execute request on any known server
	at com.netflix.discovery.shared.transport.decorator.RetryableEurekaHttpClient.execute(RetryableEurekaHttpClient.java:112)
	at com.netflix.discovery.shared.transport.decorator.EurekaHttpClientDecorator.getApplications(EurekaHttpClientDecorator.java:134)
	at com.netflix.discovery.shared.transport.decorator.EurekaHttpClientDecorator$6.execute(EurekaHttpClientDecorator.java:137)
	at com.netflix.discovery.shared.transport.decorator.SessionedEurekaHttpClient.execute(SessionedEurekaHttpClient.java:77)
	at com.netflix.discovery.shared.transport.decorator.EurekaHttpClientDecorator.getApplications(EurekaHttpClientDecorator.java:134)
	at com.netflix.discovery.DiscoveryClient.getAndStoreFullRegistry(DiscoveryClient.java:1101)
	at com.netflix.discovery.DiscoveryClient.fetchRegistry(DiscoveryClient.java:1014)
	at com.netflix.discovery.DiscoveryClient.refreshRegistry(DiscoveryClient.java:1531)
	at com.netflix.discovery.DiscoveryClient$CacheRefreshThread.run(DiscoveryClient.java:1498)
	at java.base/java.util.concurrent.Executors$RunnableAdapter.call(Executors.java:572)
	at java.base/java.util.concurrent.FutureTask.run(FutureTask.java:317)
	at java.base/java.util.concurrent.ThreadPoolExecutor.runWorker(ThreadPoolExecutor.java:1144)
	at java.base/java.util.concurrent.ThreadPoolExecutor$Worker.run(ThreadPoolExecutor.java:642)
	at java.base/java.lang.Thread.run(Thread.java:1583)

2026-03-06 11:55:16 [DiscoveryClient-InstanceInfoReplicator-0] INFO  com.netflix.discovery.DiscoveryClient -DiscoveryClient_MSVC-EMPLOYEE/msvc-employee:e95d0875ec98eebb6ac828ca9ba4531e: registering service...
2026-03-06 11:55:16 [DiscoveryClient-InstanceInfoReplicator-0] INFO  com.netflix.discovery.shared.transport.decorator.RedirectingEurekaHttpClient -Request execution error. endpoint=DefaultEndpoint{ serviceUrl='http://localhost:8761/eureka/}, exception=I/O error on POST request for "http://localhost:8761/eureka/apps/MSVC-EMPLOYEE": Connect to localhost:8761 [localhost/127.0.0.1, localhost/0:0:0:0:0:0:0:1] failed: Connection refused: connect; nested exception is org.apache.http.conn.HttpHostConnectException: Connect to localhost:8761 [localhost/127.0.0.1, localhost/0:0:0:0:0:0:0:1] failed: Connection refused: connect stacktrace=org.springframework.web.client.ResourceAccessException: I/O error on POST request for "http://localhost:8761/eureka/apps/MSVC-EMPLOYEE": Connect to localhost:8761 [localhost/127.0.0.1, localhost/0:0:0:0:0:0:0:1] failed: Connection refused: connect; nested exception is org.apache.http.conn.HttpHostConnectException: Connect to localhost:8761 [localhost/127.0.0.1, localhost/0:0:0:0:0:0:0:1] failed: Connection refused: connect
	at org.springframework.web.client.RestTemplate.doExecute(RestTemplate.java:791)
	at org.springframework.web.client.RestTemplate.execute(RestTemplate.java:717)
	at org.springframework.web.client.RestTemplate.exchange(RestTemplate.java:608)
	at org.springframework.cloud.netflix.eureka.http.RestTemplateEurekaHttpClient.register(RestTemplateEurekaHttpClient.java:77)
	at com.netflix.discovery.shared.transport.decorator.EurekaHttpClientDecorator$1.execute(EurekaHttpClientDecorator.java:59)
	at com.netflix.discovery.shared.transport.decorator.RedirectingEurekaHttpClient.executeOnNewServer(RedirectingEurekaHttpClient.java:121)
	at com.netflix.discovery.shared.transport.decorator.RedirectingEurekaHttpClient.execute(RedirectingEurekaHttpClient.java:80)
	at com.netflix.discovery.shared.transport.decorator.EurekaHttpClientDecorator.register(EurekaHttpClientDecorator.java:56)
	at com.netflix.discovery.shared.transport.decorator.EurekaHttpClientDecorator$1.execute(EurekaHttpClientDecorator.java:59)
	at com.netflix.discovery.shared.transport.decorator.RetryableEurekaHttpClient.execute(RetryableEurekaHttpClient.java:120)
	at com.netflix.discovery.shared.transport.decorator.EurekaHttpClientDecorator.register(EurekaHttpClientDecorator.java:56)
	at com.netflix.discovery.shared.transport.decorator.EurekaHttpClientDecorator$1.execute(EurekaHttpClientDecorator.java:59)
	at com.netflix.discovery.shared.transport.decorator.SessionedEurekaHttpClient.execute(SessionedEurekaHttpClient.java:77)
	at com.netflix.discovery.shared.transport.decorator.EurekaHttpClientDecorator.register(EurekaHttpClientDecorator.java:56)
	at com.netflix.discovery.DiscoveryClient.register(DiscoveryClient.java:876)
	at com.netflix.discovery.InstanceInfoReplicator.run(InstanceInfoReplicator.java:121)
	at java.base/java.util.concurrent.Executors$RunnableAdapter.call(Executors.java:572)
	at java.base/java.util.concurrent.FutureTask.run(FutureTask.java:317)
	at java.base/java.util.concurrent.ScheduledThreadPoolExecutor$ScheduledFutureTask.run(ScheduledThreadPoolExecutor.java:304)
	at java.base/java.util.concurrent.ThreadPoolExecutor.runWorker(ThreadPoolExecutor.java:1144)
	at java.base/java.util.concurrent.ThreadPoolExecutor$Worker.run(ThreadPoolExecutor.java:642)
	at java.base/java.lang.Thread.run(Thread.java:1583)
Caused by: org.apache.http.conn.HttpHostConnectException: Connect to localhost:8761 [localhost/127.0.0.1, localhost/0:0:0:0:0:0:0:1] failed: Connection refused: connect
	at org.apache.http.impl.conn.DefaultHttpClientConnectionOperator.connect(DefaultHttpClientConnectionOperator.java:156)
	at org.apache.http.impl.conn.PoolingHttpClientConnectionManager.connect(PoolingHttpClientConnectionManager.java:376)
	at org.apache.http.impl.execchain.MainClientExec.establishRoute(MainClientExec.java:393)
	at org.apache.http.impl.execchain.MainClientExec.execute(MainClientExec.java:236)
	at org.apache.http.impl.execchain.ProtocolExec.execute(ProtocolExec.java:186)
	at org.apache.http.impl.execchain.RetryExec.execute(RetryExec.java:89)
	at org.apache.http.impl.execchain.RedirectExec.execute(RedirectExec.java:110)
	at org.apache.http.impl.client.InternalHttpClient.doExecute(InternalHttpClient.java:185)
	at org.apache.http.impl.client.CloseableHttpClient.execute(CloseableHttpClient.java:83)
	at org.apache.http.impl.client.CloseableHttpClient.execute(CloseableHttpClient.java:56)
	at org.springframework.http.client.HttpComponentsClientHttpRequest.executeInternal(HttpComponentsClientHttpRequest.java:87)
	at org.springframework.http.client.AbstractBufferingClientHttpRequest.executeInternal(AbstractBufferingClientHttpRequest.java:48)
	at org.springframework.http.client.AbstractClientHttpRequest.execute(AbstractClientHttpRequest.java:66)
	at org.springframework.web.client.RestTemplate.doExecute(RestTemplate.java:782)
	... 21 more
Caused by: java.net.ConnectException: Connection refused: connect
	at java.base/sun.nio.ch.Net.connect0(Native Method)
	at java.base/sun.nio.ch.Net.connect(Net.java:597)
	at java.base/sun.nio.ch.Net.connect(Net.java:586)
	at java.base/sun.nio.ch.NioSocketImpl.connect(NioSocketImpl.java:583)
	at java.base/java.net.SocksSocketImpl.connect(SocksSocketImpl.java:327)
	at java.base/java.net.Socket.connect(Socket.java:751)
	at org.apache.http.conn.socket.PlainConnectionSocketFactory.connectSocket(PlainConnectionSocketFactory.java:75)
	at org.apache.http.impl.conn.DefaultHttpClientConnectionOperator.connect(DefaultHttpClientConnectionOperator.java:142)
	... 34 more

2026-03-06 11:55:16 [DiscoveryClient-InstanceInfoReplicator-0] WARN  com.netflix.discovery.shared.transport.decorator.RetryableEurekaHttpClient -Request execution failed with message: I/O error on POST request for "http://localhost:8761/eureka/apps/MSVC-EMPLOYEE": Connect to localhost:8761 [localhost/127.0.0.1, localhost/0:0:0:0:0:0:0:1] failed: Connection refused: connect; nested exception is org.apache.http.conn.HttpHostConnectException: Connect to localhost:8761 [localhost/127.0.0.1, localhost/0:0:0:0:0:0:0:1] failed: Connection refused: connect
2026-03-06 11:55:16 [DiscoveryClient-InstanceInfoReplicator-0] WARN  com.netflix.discovery.DiscoveryClient -DiscoveryClient_MSVC-EMPLOYEE/msvc-employee:e95d0875ec98eebb6ac828ca9ba4531e - registration failed Cannot execute request on any known server
com.netflix.discovery.shared.transport.TransportException: Cannot execute request on any known server
	at com.netflix.discovery.shared.transport.decorator.RetryableEurekaHttpClient.execute(RetryableEurekaHttpClient.java:112)
	at com.netflix.discovery.shared.transport.decorator.EurekaHttpClientDecorator.register(EurekaHttpClientDecorator.java:56)
	at com.netflix.discovery.shared.transport.decorator.EurekaHttpClientDecorator$1.execute(EurekaHttpClientDecorator.java:59)
	at com.netflix.discovery.shared.transport.decorator.SessionedEurekaHttpClient.execute(SessionedEurekaHttpClient.java:77)
	at com.netflix.discovery.shared.transport.decorator.EurekaHttpClientDecorator.register(EurekaHttpClientDecorator.java:56)
	at com.netflix.discovery.DiscoveryClient.register(DiscoveryClient.java:876)
	at com.netflix.discovery.InstanceInfoReplicator.run(InstanceInfoReplicator.java:121)
	at java.base/java.util.concurrent.Executors$RunnableAdapter.call(Executors.java:572)
	at java.base/java.util.concurrent.FutureTask.run(FutureTask.java:317)
	at java.base/java.util.concurrent.ScheduledThreadPoolExecutor$ScheduledFutureTask.run(ScheduledThreadPoolExecutor.java:304)
	at java.base/java.util.concurrent.ThreadPoolExecutor.runWorker(ThreadPoolExecutor.java:1144)
	at java.base/java.util.concurrent.ThreadPoolExecutor$Worker.run(ThreadPoolExecutor.java:642)
	at java.base/java.lang.Thread.run(Thread.java:1583)
2026-03-06 11:55:16 [DiscoveryClient-InstanceInfoReplicator-0] WARN  com.netflix.discovery.InstanceInfoReplicator -There was a problem with the instance info replicator
com.netflix.discovery.shared.transport.TransportException: Cannot execute request on any known server
	at com.netflix.discovery.shared.transport.decorator.RetryableEurekaHttpClient.execute(RetryableEurekaHttpClient.java:112)
	at com.netflix.discovery.shared.transport.decorator.EurekaHttpClientDecorator.register(EurekaHttpClientDecorator.java:56)
	at com.netflix.discovery.shared.transport.decorator.EurekaHttpClientDecorator$1.execute(EurekaHttpClientDecorator.java:59)
	at com.netflix.discovery.shared.transport.decorator.SessionedEurekaHttpClient.execute(SessionedEurekaHttpClient.java:77)
	at com.netflix.discovery.shared.transport.decorator.EurekaHttpClientDecorator.register(EurekaHttpClientDecorator.java:56)
	at com.netflix.discovery.DiscoveryClient.register(DiscoveryClient.java:876)
	at com.netflix.discovery.InstanceInfoReplicator.run(InstanceInfoReplicator.java:121)
	at java.base/java.util.concurrent.Executors$RunnableAdapter.call(Executors.java:572)
	at java.base/java.util.concurrent.FutureTask.run(FutureTask.java:317)
	at java.base/java.util.concurrent.ScheduledThreadPoolExecutor$ScheduledFutureTask.run(ScheduledThreadPoolExecutor.java:304)
	at java.base/java.util.concurrent.ThreadPoolExecutor.runWorker(ThreadPoolExecutor.java:1144)
	at java.base/java.util.concurrent.ThreadPoolExecutor$Worker.run(ThreadPoolExecutor.java:642)
	at java.base/java.lang.Thread.run(Thread.java:1583)
2026-03-06 11:55:38 [SpringApplicationShutdownHook] INFO  org.springframework.cloud.netflix.eureka.serviceregistry.EurekaServiceRegistry -Unregistering application MSVC-EMPLOYEE with eureka with status DOWN
2026-03-06 11:55:38 [SpringApplicationShutdownHook] INFO  com.netflix.discovery.DiscoveryClient -Saw local status change event StatusChangeEvent [timestamp=1772819738713, current=DOWN, previous=UP]
2026-03-06 11:55:38 [DiscoveryClient-InstanceInfoReplicator-0] INFO  com.netflix.discovery.DiscoveryClient -DiscoveryClient_MSVC-EMPLOYEE/msvc-employee:e95d0875ec98eebb6ac828ca9ba4531e: registering service...
2026-03-06 11:55:38 [DiscoveryClient-InstanceInfoReplicator-0] INFO  com.netflix.discovery.shared.transport.decorator.RedirectingEurekaHttpClient -Request execution error. endpoint=DefaultEndpoint{ serviceUrl='http://localhost:8761/eureka/}, exception=I/O error on POST request for "http://localhost:8761/eureka/apps/MSVC-EMPLOYEE": Connect to localhost:8761 [localhost/127.0.0.1, localhost/0:0:0:0:0:0:0:1] failed: Connection refused: connect; nested exception is org.apache.http.conn.HttpHostConnectException: Connect to localhost:8761 [localhost/127.0.0.1, localhost/0:0:0:0:0:0:0:1] failed: Connection refused: connect stacktrace=org.springframework.web.client.ResourceAccessException: I/O error on POST request for "http://localhost:8761/eureka/apps/MSVC-EMPLOYEE": Connect to localhost:8761 [localhost/127.0.0.1, localhost/0:0:0:0:0:0:0:1] failed: Connection refused: connect; nested exception is org.apache.http.conn.HttpHostConnectException: Connect to localhost:8761 [localhost/127.0.0.1, localhost/0:0:0:0:0:0:0:1] failed: Connection refused: connect
	at org.springframework.web.client.RestTemplate.doExecute(RestTemplate.java:791)
	at org.springframework.web.client.RestTemplate.execute(RestTemplate.java:717)
	at org.springframework.web.client.RestTemplate.exchange(RestTemplate.java:608)
	at org.springframework.cloud.netflix.eureka.http.RestTemplateEurekaHttpClient.register(RestTemplateEurekaHttpClient.java:77)
	at com.netflix.discovery.shared.transport.decorator.EurekaHttpClientDecorator$1.execute(EurekaHttpClientDecorator.java:59)
	at com.netflix.discovery.shared.transport.decorator.RedirectingEurekaHttpClient.executeOnNewServer(RedirectingEurekaHttpClient.java:121)
	at com.netflix.discovery.shared.transport.decorator.RedirectingEurekaHttpClient.execute(RedirectingEurekaHttpClient.java:80)
	at com.netflix.discovery.shared.transport.decorator.EurekaHttpClientDecorator.register(EurekaHttpClientDecorator.java:56)
	at com.netflix.discovery.shared.transport.decorator.EurekaHttpClientDecorator$1.execute(EurekaHttpClientDecorator.java:59)
	at com.netflix.discovery.shared.transport.decorator.RetryableEurekaHttpClient.execute(RetryableEurekaHttpClient.java:120)
	at com.netflix.discovery.shared.transport.decorator.EurekaHttpClientDecorator.register(EurekaHttpClientDecorator.java:56)
	at com.netflix.discovery.shared.transport.decorator.EurekaHttpClientDecorator$1.execute(EurekaHttpClientDecorator.java:59)
	at com.netflix.discovery.shared.transport.decorator.SessionedEurekaHttpClient.execute(SessionedEurekaHttpClient.java:77)
	at com.netflix.discovery.shared.transport.decorator.EurekaHttpClientDecorator.register(EurekaHttpClientDecorator.java:56)
	at com.netflix.discovery.DiscoveryClient.register(DiscoveryClient.java:876)
	at com.netflix.discovery.InstanceInfoReplicator.run(InstanceInfoReplicator.java:121)
	at com.netflix.discovery.InstanceInfoReplicator$1.run(InstanceInfoReplicator.java:101)
	at java.base/java.util.concurrent.Executors$RunnableAdapter.call(Executors.java:572)
	at java.base/java.util.concurrent.FutureTask.run(FutureTask.java:317)
	at java.base/java.util.concurrent.ScheduledThreadPoolExecutor$ScheduledFutureTask.run(ScheduledThreadPoolExecutor.java:304)
	at java.base/java.util.concurrent.ThreadPoolExecutor.runWorker(ThreadPoolExecutor.java:1144)
	at java.base/java.util.concurrent.ThreadPoolExecutor$Worker.run(ThreadPoolExecutor.java:642)
	at java.base/java.lang.Thread.run(Thread.java:1583)
Caused by: org.apache.http.conn.HttpHostConnectException: Connect to localhost:8761 [localhost/127.0.0.1, localhost/0:0:0:0:0:0:0:1] failed: Connection refused: connect
	at org.apache.http.impl.conn.DefaultHttpClientConnectionOperator.connect(DefaultHttpClientConnectionOperator.java:156)
	at org.apache.http.impl.conn.PoolingHttpClientConnectionManager.connect(PoolingHttpClientConnectionManager.java:376)
	at org.apache.http.impl.execchain.MainClientExec.establishRoute(MainClientExec.java:393)
	at org.apache.http.impl.execchain.MainClientExec.execute(MainClientExec.java:236)
	at org.apache.http.impl.execchain.ProtocolExec.execute(ProtocolExec.java:186)
	at org.apache.http.impl.execchain.RetryExec.execute(RetryExec.java:89)
	at org.apache.http.impl.execchain.RedirectExec.execute(RedirectExec.java:110)
	at org.apache.http.impl.client.InternalHttpClient.doExecute(InternalHttpClient.java:185)
	at org.apache.http.impl.client.CloseableHttpClient.execute(CloseableHttpClient.java:83)
	at org.apache.http.impl.client.CloseableHttpClient.execute(CloseableHttpClient.java:56)
	at org.springframework.http.client.HttpComponentsClientHttpRequest.executeInternal(HttpComponentsClientHttpRequest.java:87)
	at org.springframework.http.client.AbstractBufferingClientHttpRequest.executeInternal(AbstractBufferingClientHttpRequest.java:48)
	at org.springframework.http.client.AbstractClientHttpRequest.execute(AbstractClientHttpRequest.java:66)
	at org.springframework.web.client.RestTemplate.doExecute(RestTemplate.java:782)
	... 22 more
Caused by: java.net.ConnectException: Connection refused: connect
	at java.base/sun.nio.ch.Net.connect0(Native Method)
	at java.base/sun.nio.ch.Net.connect(Net.java:597)
	at java.base/sun.nio.ch.Net.connect(Net.java:586)
	at java.base/sun.nio.ch.NioSocketImpl.connect(NioSocketImpl.java:583)
	at java.base/java.net.SocksSocketImpl.connect(SocksSocketImpl.java:327)
	at java.base/java.net.Socket.connect(Socket.java:751)
	at org.apache.http.conn.socket.PlainConnectionSocketFactory.connectSocket(PlainConnectionSocketFactory.java:75)
	at org.apache.http.impl.conn.DefaultHttpClientConnectionOperator.connect(DefaultHttpClientConnectionOperator.java:142)
	... 35 more

2026-03-06 11:55:38 [DiscoveryClient-InstanceInfoReplicator-0] WARN  com.netflix.discovery.shared.transport.decorator.RetryableEurekaHttpClient -Request execution failed with message: I/O error on POST request for "http://localhost:8761/eureka/apps/MSVC-EMPLOYEE": Connect to localhost:8761 [localhost/127.0.0.1, localhost/0:0:0:0:0:0:0:1] failed: Connection refused: connect; nested exception is org.apache.http.conn.HttpHostConnectException: Connect to localhost:8761 [localhost/127.0.0.1, localhost/0:0:0:0:0:0:0:1] failed: Connection refused: connect
2026-03-06 11:55:38 [DiscoveryClient-InstanceInfoReplicator-0] WARN  com.netflix.discovery.DiscoveryClient -DiscoveryClient_MSVC-EMPLOYEE/msvc-employee:e95d0875ec98eebb6ac828ca9ba4531e - registration failed Cannot execute request on any known server
com.netflix.discovery.shared.transport.TransportException: Cannot execute request on any known server
	at com.netflix.discovery.shared.transport.decorator.RetryableEurekaHttpClient.execute(RetryableEurekaHttpClient.java:112)
	at com.netflix.discovery.shared.transport.decorator.EurekaHttpClientDecorator.register(EurekaHttpClientDecorator.java:56)
	at com.netflix.discovery.shared.transport.decorator.EurekaHttpClientDecorator$1.execute(EurekaHttpClientDecorator.java:59)
	at com.netflix.discovery.shared.transport.decorator.SessionedEurekaHttpClient.execute(SessionedEurekaHttpClient.java:77)
	at com.netflix.discovery.shared.transport.decorator.EurekaHttpClientDecorator.register(EurekaHttpClientDecorator.java:56)
	at com.netflix.discovery.DiscoveryClient.register(DiscoveryClient.java:876)
	at com.netflix.discovery.InstanceInfoReplicator.run(InstanceInfoReplicator.java:121)
	at com.netflix.discovery.InstanceInfoReplicator$1.run(InstanceInfoReplicator.java:101)
	at java.base/java.util.concurrent.Executors$RunnableAdapter.call(Executors.java:572)
	at java.base/java.util.concurrent.FutureTask.run(FutureTask.java:317)
	at java.base/java.util.concurrent.ScheduledThreadPoolExecutor$ScheduledFutureTask.run(ScheduledThreadPoolExecutor.java:304)
	at java.base/java.util.concurrent.ThreadPoolExecutor.runWorker(ThreadPoolExecutor.java:1144)
	at java.base/java.util.concurrent.ThreadPoolExecutor$Worker.run(ThreadPoolExecutor.java:642)
	at java.base/java.lang.Thread.run(Thread.java:1583)
2026-03-06 11:55:38 [DiscoveryClient-InstanceInfoReplicator-0] WARN  com.netflix.discovery.InstanceInfoReplicator -There was a problem with the instance info replicator
com.netflix.discovery.shared.transport.TransportException: Cannot execute request on any known server
	at com.netflix.discovery.shared.transport.decorator.RetryableEurekaHttpClient.execute(RetryableEurekaHttpClient.java:112)
	at com.netflix.discovery.shared.transport.decorator.EurekaHttpClientDecorator.register(EurekaHttpClientDecorator.java:56)
	at com.netflix.discovery.shared.transport.decorator.EurekaHttpClientDecorator$1.execute(EurekaHttpClientDecorator.java:59)
	at com.netflix.discovery.shared.transport.decorator.SessionedEurekaHttpClient.execute(SessionedEurekaHttpClient.java:77)
	at com.netflix.discovery.shared.transport.decorator.EurekaHttpClientDecorator.register(EurekaHttpClientDecorator.java:56)
	at com.netflix.discovery.DiscoveryClient.register(DiscoveryClient.java:876)
	at com.netflix.discovery.InstanceInfoReplicator.run(InstanceInfoReplicator.java:121)
	at com.netflix.discovery.InstanceInfoReplicator$1.run(InstanceInfoReplicator.java:101)
	at java.base/java.util.concurrent.Executors$RunnableAdapter.call(Executors.java:572)
	at java.base/java.util.concurrent.FutureTask.run(FutureTask.java:317)
	at java.base/java.util.concurrent.ScheduledThreadPoolExecutor$ScheduledFutureTask.run(ScheduledThreadPoolExecutor.java:304)
	at java.base/java.util.concurrent.ThreadPoolExecutor.runWorker(ThreadPoolExecutor.java:1144)
	at java.base/java.util.concurrent.ThreadPoolExecutor$Worker.run(ThreadPoolExecutor.java:642)
	at java.base/java.lang.Thread.run(Thread.java:1583)
2026-03-06 11:55:38 [SpringApplicationShutdownHook] INFO  org.springframework.orm.jpa.LocalContainerEntityManagerFactoryBean -Closing JPA EntityManagerFactory for persistence unit 'default'
2026-03-06 11:55:38 [SpringApplicationShutdownHook] INFO  org.hibernate.tool.schema.internal.SchemaDropperImpl$DelayedDropActionImpl -HHH000477: Starting delayed evictData of schema as part of SessionFactory shut-down'
2026-03-06 11:55:38 [SpringApplicationShutdownHook] DEBUG org.hibernate.SQL -
    
    drop table if exists employee CASCADE 
2026-03-06 11:55:38 [SpringApplicationShutdownHook] INFO  com.zaxxer.hikari.HikariDataSource -HikariPool-1 - Shutdown initiated...
2026-03-06 11:55:38 [SpringApplicationShutdownHook] INFO  com.zaxxer.hikari.HikariDataSource -HikariPool-1 - Shutdown completed.
2026-03-06 11:55:38 [SpringApplicationShutdownHook] INFO  com.netflix.discovery.DiscoveryClient -Shutting down DiscoveryClient ...
2026-03-06 11:56:17 [main] INFO  com.system.MsvcEmployeeApplication -Starting MsvcEmployeeApplication using Java 21.0.9 on DESKTOP-1D84HCV with PID 14396 (C:\Users\OWNER\Desktop\microservice-project\msvc-employee\target\classes started by OWNER in C:\Users\OWNER\Desktop\microservice-project\msvc-employee)
2026-03-06 11:56:17 [main] DEBUG com.system.MsvcEmployeeApplication -Running with Spring Boot v2.7.18, Spring v5.3.31
2026-03-06 11:56:17 [main] INFO  com.system.MsvcEmployeeApplication -No active profile set, falling back to 1 default profile: "default"
2026-03-06 11:56:21 [main] INFO  org.springframework.data.repository.config.RepositoryConfigurationDelegate -Bootstrapping Spring Data JPA repositories in DEFAULT mode.
2026-03-06 11:56:22 [main] INFO  org.springframework.data.repository.config.RepositoryConfigurationDelegate -Finished Spring Data repository scanning in 487 ms. Found 1 JPA repository interfaces.
2026-03-06 11:56:22 [main] INFO  org.springframework.cloud.context.scope.GenericScope -BeanFactory id=9922f21d-f44e-3c19-9b63-d67f93297016
2026-03-06 11:56:23 [main] INFO  org.springframework.context.support.PostProcessorRegistrationDelegate$BeanPostProcessorChecker -Bean 'org.springframework.ws.config.annotation.DelegatingWsConfiguration' of type [org.springframework.ws.config.annotation.DelegatingWsConfiguration$$EnhancerBySpringCGLIB$$246469dd] is not eligible for getting processed by all BeanPostProcessors (for example: not eligible for auto-proxying)
2026-03-06 11:56:23 [main] INFO  org.springframework.ws.soap.addressing.server.AnnotationActionEndpointMapping -Supporting [WS-Addressing August 2004, WS-Addressing 1.0]
2026-03-06 11:56:24 [main] INFO  org.springframework.boot.web.embedded.tomcat.TomcatWebServer -Tomcat initialized with port(s): 8082 (http)
2026-03-06 11:56:24 [main] INFO  org.apache.catalina.core.StandardService -Starting service [Tomcat]
2026-03-06 11:56:24 [main] INFO  org.apache.catalina.core.StandardEngine -Starting Servlet engine: [Apache Tomcat/9.0.83]
2026-03-06 11:56:24 [main] INFO  org.apache.catalina.core.ContainerBase.[Tomcat].[localhost].[/] -Initializing Spring embedded WebApplicationContext
2026-03-06 11:56:24 [main] INFO  org.springframework.boot.web.servlet.context.ServletWebServerApplicationContext -Root WebApplicationContext: initialization completed in 7216 ms
2026-03-06 11:56:25 [main] INFO  com.zaxxer.hikari.HikariDataSource -HikariPool-1 - Starting...
2026-03-06 11:56:25 [main] INFO  com.zaxxer.hikari.HikariDataSource -HikariPool-1 - Start completed.
2026-03-06 11:56:25 [main] INFO  org.springframework.boot.autoconfigure.h2.H2ConsoleAutoConfiguration -H2 console available at '/h2-console'. Database available at 'jdbc:h2:mem:superdb'
2026-03-06 11:56:26 [main] INFO  org.hibernate.jpa.internal.util.LogHelper -HHH000204: Processing PersistenceUnitInfo [name: default]
2026-03-06 11:56:26 [main] INFO  org.hibernate.Version -HHH000412: Hibernate ORM core version 5.6.15.Final
2026-03-06 11:56:27 [main] INFO  org.hibernate.annotations.common.Version -HCANN000001: Hibernate Commons Annotations {5.1.2.Final}
2026-03-06 11:56:27 [main] INFO  org.hibernate.dialect.Dialect -HHH000400: Using dialect: org.hibernate.dialect.H2Dialect
2026-03-06 11:56:28 [main] DEBUG org.hibernate.SQL -
    
    drop table if exists employee CASCADE 
2026-03-06 11:56:28 [main] DEBUG org.hibernate.SQL -
    
    create table employee (
       id bigint generated by default as identity,
        age integer not null,
        date_birth varchar(255),
        first_last_name varchar(255),
        first_name varchar(255),
        position varchar(255),
        second_last_name varchar(255),
        second_name varchar(255),
        sex varchar(255),
        status boolean not null,
        system_registration_date date,
        primary key (id)
    )
2026-03-06 11:56:28 [main] INFO  org.hibernate.engine.transaction.jta.platform.internal.JtaPlatformInitiator -HHH000490: Using JtaPlatform implementation: [org.hibernate.engine.transaction.jta.platform.internal.NoJtaPlatform]
2026-03-06 11:56:28 [main] INFO  org.springframework.orm.jpa.LocalContainerEntityManagerFactoryBean -Initialized JPA EntityManagerFactory for persistence unit 'default'
2026-03-06 11:56:29 [main] WARN  org.springframework.boot.autoconfigure.orm.jpa.JpaBaseConfiguration$JpaWebConfiguration -spring.jpa.open-in-view is enabled by default. Therefore, database queries may be performed during view rendering. Explicitly configure spring.jpa.open-in-view to disable this warning
2026-03-06 11:56:30 [main] INFO  org.springframework.cloud.netflix.eureka.config.DiscoveryClientOptionalArgsConfiguration -Eureka HTTP Client uses RestTemplate.
2026-03-06 11:56:31 [main] WARN  org.springframework.cloud.loadbalancer.config.LoadBalancerCacheAutoConfiguration$LoadBalancerCaffeineWarnLogger -Spring Cloud LoadBalancer is currently working with the default cache. While this cache implementation is useful for development and tests, it's recommended to use Caffeine cache in production.You can switch to using Caffeine cache, by adding it and org.springframework.cache.caffeine.CaffeineCacheManager to the classpath.
2026-03-06 11:56:31 [main] INFO  org.springframework.boot.actuate.endpoint.web.EndpointLinksResolver -Exposing 1 endpoint(s) beneath base path '/actuator'
2026-03-06 11:56:31 [main] INFO  org.springframework.cloud.netflix.eureka.InstanceInfoFactory -Setting initial instance status as: STARTING
2026-03-06 11:56:31 [main] INFO  com.netflix.discovery.DiscoveryClient -Initializing Eureka in region us-east-1
2026-03-06 11:56:31 [main] INFO  com.netflix.discovery.shared.resolver.aws.ConfigClusterResolver -Resolving eureka endpoints via configuration
2026-03-06 11:56:31 [main] INFO  com.netflix.discovery.DiscoveryClient -Disable delta property : false
2026-03-06 11:56:31 [main] INFO  com.netflix.discovery.DiscoveryClient -Single vip registry refresh property : null
2026-03-06 11:56:31 [main] INFO  com.netflix.discovery.DiscoveryClient -Force full registry fetch : false
2026-03-06 11:56:31 [main] INFO  com.netflix.discovery.DiscoveryClient -Application is null : false
2026-03-06 11:56:31 [main] INFO  com.netflix.discovery.DiscoveryClient -Registered Applications size is zero : true
2026-03-06 11:56:31 [main] INFO  com.netflix.discovery.DiscoveryClient -Application version is -1: true
2026-03-06 11:56:31 [main] INFO  com.netflix.discovery.DiscoveryClient -Getting all instance registry info from the eureka server
2026-03-06 11:56:32 [main] INFO  com.netflix.discovery.DiscoveryClient -The response status is 200
2026-03-06 11:56:32 [main] INFO  com.netflix.discovery.DiscoveryClient -Starting heartbeat executor: renew interval is: 30
2026-03-06 11:56:32 [main] INFO  com.netflix.discovery.InstanceInfoReplicator -InstanceInfoReplicator onDemand update allowed rate per min is 4
2026-03-06 11:56:32 [main] INFO  com.netflix.discovery.DiscoveryClient -Discovery Client initialized at timestamp 1772819792456 with initial instances count: 0
2026-03-06 11:56:32 [main] INFO  org.springframework.cloud.netflix.eureka.serviceregistry.EurekaServiceRegistry -Registering application MSVC-EMPLOYEE with eureka with status UP
2026-03-06 11:56:32 [main] INFO  com.netflix.discovery.DiscoveryClient -Saw local status change event StatusChangeEvent [timestamp=1772819792462, current=UP, previous=STARTING]
2026-03-06 11:56:32 [DiscoveryClient-InstanceInfoReplicator-0] INFO  com.netflix.discovery.DiscoveryClient -DiscoveryClient_MSVC-EMPLOYEE/msvc-employee:19a4616dc44a29a12ce8b9acf462d85d: registering service...
2026-03-06 11:56:32 [main] INFO  org.springframework.boot.web.embedded.tomcat.TomcatWebServer -Tomcat started on port(s): 8082 (http) with context path ''
2026-03-06 11:56:32 [main] INFO  org.springframework.cloud.netflix.eureka.serviceregistry.EurekaAutoServiceRegistration -Updating port to 8082
2026-03-06 11:56:32 [main] INFO  com.system.MsvcEmployeeApplication -Started MsvcEmployeeApplication in 16.651 seconds (JVM running for 18.582)
2026-03-06 11:56:32 [DiscoveryClient-InstanceInfoReplicator-0] INFO  com.netflix.discovery.DiscoveryClient -DiscoveryClient_MSVC-EMPLOYEE/msvc-employee:19a4616dc44a29a12ce8b9acf462d85d - registration status: 204
2026-03-06 11:56:52 [http-nio-8082-exec-1] INFO  org.apache.catalina.core.ContainerBase.[Tomcat].[localhost].[/] -Initializing Spring DispatcherServlet 'dispatcherServlet'
2026-03-06 11:56:52 [http-nio-8082-exec-1] INFO  org.springframework.web.servlet.DispatcherServlet -Initializing Servlet 'dispatcherServlet'
2026-03-06 11:56:53 [http-nio-8082-exec-1] INFO  org.springframework.web.servlet.DispatcherServlet -Completed initialization in 2 ms
2026-03-06 11:57:02 [DiscoveryClient-CacheRefreshExecutor-0] INFO  com.netflix.discovery.DiscoveryClient -Disable delta property : false
2026-03-06 11:57:02 [DiscoveryClient-CacheRefreshExecutor-0] INFO  com.netflix.discovery.DiscoveryClient -Single vip registry refresh property : null
2026-03-06 11:57:02 [DiscoveryClient-CacheRefreshExecutor-0] INFO  com.netflix.discovery.DiscoveryClient -Force full registry fetch : false
2026-03-06 11:57:02 [DiscoveryClient-CacheRefreshExecutor-0] INFO  com.netflix.discovery.DiscoveryClient -Application is null : false
2026-03-06 11:57:02 [DiscoveryClient-CacheRefreshExecutor-0] INFO  com.netflix.discovery.DiscoveryClient -Registered Applications size is zero : true
2026-03-06 11:57:02 [DiscoveryClient-CacheRefreshExecutor-0] INFO  com.netflix.discovery.DiscoveryClient -Application version is -1: false
2026-03-06 11:57:02 [DiscoveryClient-CacheRefreshExecutor-0] INFO  com.netflix.discovery.DiscoveryClient -Getting all instance registry info from the eureka server
2026-03-06 11:57:02 [DiscoveryClient-CacheRefreshExecutor-0] INFO  com.netflix.discovery.DiscoveryClient -The response status is 200
2026-03-06 12:01:31 [AsyncResolver-bootstrap-executor-0] INFO  com.netflix.discovery.shared.resolver.aws.ConfigClusterResolver -Resolving eureka endpoints via configuration
2026-03-06 12:06:31 [AsyncResolver-bootstrap-executor-0] INFO  com.netflix.discovery.shared.resolver.aws.ConfigClusterResolver -Resolving eureka endpoints via configuration
2026-03-06 12:11:31 [AsyncResolver-bootstrap-executor-0] INFO  com.netflix.discovery.shared.resolver.aws.ConfigClusterResolver -Resolving eureka endpoints via configuration
2026-03-06 12:16:31 [AsyncResolver-bootstrap-executor-0] INFO  com.netflix.discovery.shared.resolver.aws.ConfigClusterResolver -Resolving eureka endpoints via configuration
2026-03-06 12:21:31 [AsyncResolver-bootstrap-executor-0] INFO  com.netflix.discovery.shared.resolver.aws.ConfigClusterResolver -Resolving eureka endpoints via configuration
2026-03-06 12:26:31 [AsyncResolver-bootstrap-executor-0] INFO  com.netflix.discovery.shared.resolver.aws.ConfigClusterResolver -Resolving eureka endpoints via configuration
2026-03-06 12:31:31 [AsyncResolver-bootstrap-executor-0] INFO  com.netflix.discovery.shared.resolver.aws.ConfigClusterResolver -Resolving eureka endpoints via configuration
2026-03-06 12:36:31 [AsyncResolver-bootstrap-executor-0] INFO  com.netflix.discovery.shared.resolver.aws.ConfigClusterResolver -Resolving eureka endpoints via configuration
2026-03-06 12:41:31 [AsyncResolver-bootstrap-executor-0] INFO  com.netflix.discovery.shared.resolver.aws.ConfigClusterResolver -Resolving eureka endpoints via configuration
2026-03-06 12:46:31 [AsyncResolver-bootstrap-executor-0] INFO  com.netflix.discovery.shared.resolver.aws.ConfigClusterResolver -Resolving eureka endpoints via configuration
2026-03-06 12:51:31 [AsyncResolver-bootstrap-executor-0] INFO  com.netflix.discovery.shared.resolver.aws.ConfigClusterResolver -Resolving eureka endpoints via configuration
2026-03-06 12:56:31 [AsyncResolver-bootstrap-executor-0] INFO  com.netflix.discovery.shared.resolver.aws.ConfigClusterResolver -Resolving eureka endpoints via configuration
2026-03-06 13:01:31 [AsyncResolver-bootstrap-executor-0] INFO  com.netflix.discovery.shared.resolver.aws.ConfigClusterResolver -Resolving eureka endpoints via configuration
2026-03-06 13:06:31 [AsyncResolver-bootstrap-executor-0] INFO  com.netflix.discovery.shared.resolver.aws.ConfigClusterResolver -Resolving eureka endpoints via configuration
2026-03-06 13:09:45 [http-nio-8082-exec-5] WARN  org.springframework.web.servlet.mvc.support.DefaultHandlerExceptionResolver -Resolved [org.springframework.web.HttpRequestMethodNotSupportedException: Request method 'GET' not supported]
2026-03-06 13:10:15 [http-nio-8082-exec-6] WARN  org.springframework.web.servlet.mvc.support.DefaultHandlerExceptionResolver -Resolved [org.springframework.web.HttpRequestMethodNotSupportedException: Request method 'GET' not supported]
2026-03-06 13:10:25 [http-nio-8082-exec-7] DEBUG org.hibernate.SQL -
    select
        employee0_.id as id1_0_,
        employee0_.age as age2_0_,
        employee0_.date_birth as date_bir3_0_,
        employee0_.first_last_name as first_la4_0_,
        employee0_.first_name as first_na5_0_,
        employee0_.position as position6_0_,
        employee0_.second_last_name as second_l7_0_,
        employee0_.second_name as second_n8_0_,
        employee0_.sex as sex9_0_,
        employee0_.status as status10_0_,
        employee0_.system_registration_date as system_11_0_ 
    from
        employee employee0_
2026-03-06 13:11:18 [http-nio-8082-exec-9] DEBUG org.hibernate.SQL -
    select
        employee0_.id as id1_0_,
        employee0_.age as age2_0_,
        employee0_.date_birth as date_bir3_0_,
        employee0_.first_last_name as first_la4_0_,
        employee0_.first_name as first_na5_0_,
        employee0_.position as position6_0_,
        employee0_.second_last_name as second_l7_0_,
        employee0_.second_name as second_n8_0_,
        employee0_.sex as sex9_0_,
        employee0_.status as status10_0_,
        employee0_.system_registration_date as system_11_0_ 
    from
        employee employee0_
2026-03-06 13:11:27 [http-nio-8082-exec-10] DEBUG org.hibernate.SQL -
    insert 
    into
        employee
        (id, age, date_birth, first_last_name, first_name, position, second_last_name, second_name, sex, status, system_registration_date) 
    values
        (default, ?, ?, ?, ?, ?, ?, ?, ?, ?, ?)
2026-03-06 13:11:27 [http-nio-8082-exec-10] TRACE org.hibernate.type.descriptor.sql.BasicBinder -binding parameter [1] as [INTEGER] - [0]
2026-03-06 13:11:27 [http-nio-8082-exec-10] TRACE org.hibernate.type.descriptor.sql.BasicBinder -binding parameter [2] as [VARCHAR] - [null]
2026-03-06 13:11:27 [http-nio-8082-exec-10] TRACE org.hibernate.type.descriptor.sql.BasicBinder -binding parameter [3] as [VARCHAR] - [o]
2026-03-06 13:11:27 [http-nio-8082-exec-10] TRACE org.hibernate.type.descriptor.sql.BasicBinder -binding parameter [4] as [VARCHAR] - [h]
2026-03-06 13:11:27 [http-nio-8082-exec-10] TRACE org.hibernate.type.descriptor.sql.BasicBinder -binding parameter [5] as [VARCHAR] - [jefe]
2026-03-06 13:11:27 [http-nio-8082-exec-10] TRACE org.hibernate.type.descriptor.sql.BasicBinder -binding parameter [6] as [VARCHAR] - [o]
2026-03-06 13:11:27 [http-nio-8082-exec-10] TRACE org.hibernate.type.descriptor.sql.BasicBinder -binding parameter [7] as [VARCHAR] - [h]
2026-03-06 13:11:27 [http-nio-8082-exec-10] TRACE org.hibernate.type.descriptor.sql.BasicBinder -binding parameter [8] as [VARCHAR] - [null]
2026-03-06 13:11:27 [http-nio-8082-exec-10] TRACE org.hibernate.type.descriptor.sql.BasicBinder -binding parameter [9] as [BOOLEAN] - [true]
2026-03-06 13:11:27 [http-nio-8082-exec-10] TRACE org.hibernate.type.descriptor.sql.BasicBinder -binding parameter [10] as [DATE] - [2026-03-06]
2026-03-06 13:11:31 [http-nio-8082-exec-1] DEBUG org.hibernate.SQL -
    select
        employee0_.id as id1_0_,
        employee0_.age as age2_0_,
        employee0_.date_birth as date_bir3_0_,
        employee0_.first_last_name as first_la4_0_,
        employee0_.first_name as first_na5_0_,
        employee0_.position as position6_0_,
        employee0_.second_last_name as second_l7_0_,
        employee0_.second_name as second_n8_0_,
        employee0_.sex as sex9_0_,
        employee0_.status as status10_0_,
        employee0_.system_registration_date as system_11_0_ 
    from
        employee employee0_
2026-03-06 13:11:31 [http-nio-8082-exec-1] TRACE org.hibernate.type.descriptor.sql.BasicExtractor -extracted value ([id1_0_] : [BIGINT]) - [1]
2026-03-06 13:11:31 [http-nio-8082-exec-1] TRACE org.hibernate.type.descriptor.sql.BasicExtractor -extracted value ([age2_0_] : [INTEGER]) - [0]
2026-03-06 13:11:31 [http-nio-8082-exec-1] TRACE org.hibernate.type.descriptor.sql.BasicExtractor -extracted value ([date_bir3_0_] : [VARCHAR]) - [null]
2026-03-06 13:11:31 [http-nio-8082-exec-1] TRACE org.hibernate.type.descriptor.sql.BasicExtractor -extracted value ([first_la4_0_] : [VARCHAR]) - [o]
2026-03-06 13:11:31 [http-nio-8082-exec-1] TRACE org.hibernate.type.descriptor.sql.BasicExtractor -extracted value ([first_na5_0_] : [VARCHAR]) - [h]
2026-03-06 13:11:31 [http-nio-8082-exec-1] TRACE org.hibernate.type.descriptor.sql.BasicExtractor -extracted value ([position6_0_] : [VARCHAR]) - [jefe]
2026-03-06 13:11:31 [http-nio-8082-exec-1] TRACE org.hibernate.type.descriptor.sql.BasicExtractor -extracted value ([second_l7_0_] : [VARCHAR]) - [o]
2026-03-06 13:11:31 [http-nio-8082-exec-1] TRACE org.hibernate.type.descriptor.sql.BasicExtractor -extracted value ([second_n8_0_] : [VARCHAR]) - [h]
2026-03-06 13:11:31 [http-nio-8082-exec-1] TRACE org.hibernate.type.descriptor.sql.BasicExtractor -extracted value ([sex9_0_] : [VARCHAR]) - [null]
2026-03-06 13:11:31 [http-nio-8082-exec-1] TRACE org.hibernate.type.descriptor.sql.BasicExtractor -extracted value ([status10_0_] : [BOOLEAN]) - [true]
2026-03-06 13:11:31 [http-nio-8082-exec-1] TRACE org.hibernate.type.descriptor.sql.BasicExtractor -extracted value ([system_11_0_] : [DATE]) - [2026-03-06]
2026-03-06 13:11:31 [AsyncResolver-bootstrap-executor-0] INFO  com.netflix.discovery.shared.resolver.aws.ConfigClusterResolver -Resolving eureka endpoints via configuration
2026-03-06 13:12:57 [SpringApplicationShutdownHook] INFO  org.springframework.cloud.netflix.eureka.serviceregistry.EurekaServiceRegistry -Unregistering application MSVC-EMPLOYEE with eureka with status DOWN
2026-03-06 13:12:57 [SpringApplicationShutdownHook] INFO  com.netflix.discovery.DiscoveryClient -Saw local status change event StatusChangeEvent [timestamp=1772824377433, current=DOWN, previous=UP]
2026-03-06 13:12:57 [DiscoveryClient-InstanceInfoReplicator-0] INFO  com.netflix.discovery.DiscoveryClient -DiscoveryClient_MSVC-EMPLOYEE/msvc-employee:19a4616dc44a29a12ce8b9acf462d85d: registering service...
2026-03-06 13:12:57 [DiscoveryClient-InstanceInfoReplicator-0] INFO  com.netflix.discovery.DiscoveryClient -DiscoveryClient_MSVC-EMPLOYEE/msvc-employee:19a4616dc44a29a12ce8b9acf462d85d - registration status: 204
2026-03-06 13:12:57 [SpringApplicationShutdownHook] INFO  org.springframework.orm.jpa.LocalContainerEntityManagerFactoryBean -Closing JPA EntityManagerFactory for persistence unit 'default'
2026-03-06 13:12:57 [SpringApplicationShutdownHook] INFO  org.hibernate.tool.schema.internal.SchemaDropperImpl$DelayedDropActionImpl -HHH000477: Starting delayed evictData of schema as part of SessionFactory shut-down'
2026-03-06 13:12:57 [SpringApplicationShutdownHook] DEBUG org.hibernate.SQL -
    
    drop table if exists employee CASCADE 
2026-03-06 13:12:57 [SpringApplicationShutdownHook] INFO  com.zaxxer.hikari.HikariDataSource -HikariPool-1 - Shutdown initiated...
2026-03-06 13:12:57 [SpringApplicationShutdownHook] INFO  com.zaxxer.hikari.HikariDataSource -HikariPool-1 - Shutdown completed.
2026-03-06 13:12:57 [SpringApplicationShutdownHook] INFO  com.netflix.discovery.DiscoveryClient -Shutting down DiscoveryClient ...
2026-03-06 13:13:00 [SpringApplicationShutdownHook] INFO  com.netflix.discovery.DiscoveryClient -Unregistering ...
2026-03-06 13:13:00 [SpringApplicationShutdownHook] INFO  com.netflix.discovery.DiscoveryClient -DiscoveryClient_MSVC-EMPLOYEE/msvc-employee:19a4616dc44a29a12ce8b9acf462d85d - deregister  status: 200
2026-03-06 13:13:00 [SpringApplicationShutdownHook] INFO  com.netflix.discovery.DiscoveryClient -Completed shut down of DiscoveryClient
2026-03-06 13:13:04 [main] INFO  com.system.MsvcEmployeeApplication -Starting MsvcEmployeeApplication using Java 21.0.9 on DESKTOP-1D84HCV with PID 30620 (C:\Users\OWNER\Desktop\microservice-project\msvc-employee\target\classes started by OWNER in C:\Users\OWNER\Desktop\microservice-project\msvc-employee)
2026-03-06 13:13:04 [main] DEBUG com.system.MsvcEmployeeApplication -Running with Spring Boot v2.7.18, Spring v5.3.31
2026-03-06 13:13:04 [main] INFO  com.system.MsvcEmployeeApplication -No active profile set, falling back to 1 default profile: "default"
2026-03-06 13:13:06 [main] INFO  org.springframework.data.repository.config.RepositoryConfigurationDelegate -Bootstrapping Spring Data JPA repositories in DEFAULT mode.
2026-03-06 13:13:06 [main] INFO  org.springframework.data.repository.config.RepositoryConfigurationDelegate -Finished Spring Data repository scanning in 163 ms. Found 1 JPA repository interfaces.
2026-03-06 13:13:07 [main] INFO  org.springframework.cloud.context.scope.GenericScope -BeanFactory id=9922f21d-f44e-3c19-9b63-d67f93297016
2026-03-06 13:13:07 [main] INFO  org.springframework.context.support.PostProcessorRegistrationDelegate$BeanPostProcessorChecker -Bean 'org.springframework.ws.config.annotation.DelegatingWsConfiguration' of type [org.springframework.ws.config.annotation.DelegatingWsConfiguration$$EnhancerBySpringCGLIB$$246469dd] is not eligible for getting processed by all BeanPostProcessors (for example: not eligible for auto-proxying)
2026-03-06 13:13:07 [main] INFO  org.springframework.ws.soap.addressing.server.AnnotationActionEndpointMapping -Supporting [WS-Addressing August 2004, WS-Addressing 1.0]
2026-03-06 13:13:08 [main] INFO  org.springframework.boot.web.embedded.tomcat.TomcatWebServer -Tomcat initialized with port(s): 8082 (http)
2026-03-06 13:13:08 [main] INFO  org.apache.catalina.core.StandardService -Starting service [Tomcat]
2026-03-06 13:13:08 [main] INFO  org.apache.catalina.core.StandardEngine -Starting Servlet engine: [Apache Tomcat/9.0.83]
2026-03-06 13:13:08 [main] INFO  org.apache.catalina.core.ContainerBase.[Tomcat].[localhost].[/] -Initializing Spring embedded WebApplicationContext
2026-03-06 13:13:08 [main] INFO  org.springframework.boot.web.servlet.context.ServletWebServerApplicationContext -Root WebApplicationContext: initialization completed in 4174 ms
2026-03-06 13:13:08 [main] INFO  com.zaxxer.hikari.HikariDataSource -HikariPool-1 - Starting...
2026-03-06 13:13:09 [main] INFO  com.zaxxer.hikari.HikariDataSource -HikariPool-1 - Start completed.
2026-03-06 13:13:09 [main] INFO  org.springframework.boot.autoconfigure.h2.H2ConsoleAutoConfiguration -H2 console available at '/h2-console'. Database available at 'jdbc:h2:mem:superdb'
2026-03-06 13:13:09 [main] INFO  org.hibernate.jpa.internal.util.LogHelper -HHH000204: Processing PersistenceUnitInfo [name: default]
2026-03-06 13:13:09 [main] INFO  org.hibernate.Version -HHH000412: Hibernate ORM core version 5.6.15.Final
2026-03-06 13:13:10 [main] INFO  org.hibernate.annotations.common.Version -HCANN000001: Hibernate Commons Annotations {5.1.2.Final}
2026-03-06 13:13:10 [main] INFO  org.hibernate.dialect.Dialect -HHH000400: Using dialect: org.hibernate.dialect.H2Dialect
2026-03-06 13:13:11 [main] DEBUG org.hibernate.SQL -
    
    drop table if exists employee CASCADE 
2026-03-06 13:13:11 [main] DEBUG org.hibernate.SQL -
    
    create table employee (
       id bigint generated by default as identity,
        age integer not null,
        date_birth varchar(255),
        first_last_name varchar(255),
        first_name varchar(255),
        position varchar(255),
        second_last_name varchar(255),
        second_name varchar(255),
        sex varchar(255),
        status boolean not null,
        system_registration_date date,
        primary key (id)
    )
2026-03-06 13:13:11 [main] INFO  org.hibernate.engine.transaction.jta.platform.internal.JtaPlatformInitiator -HHH000490: Using JtaPlatform implementation: [org.hibernate.engine.transaction.jta.platform.internal.NoJtaPlatform]
2026-03-06 13:13:11 [main] INFO  org.springframework.orm.jpa.LocalContainerEntityManagerFactoryBean -Initialized JPA EntityManagerFactory for persistence unit 'default'
2026-03-06 13:13:12 [main] WARN  org.springframework.boot.autoconfigure.orm.jpa.JpaBaseConfiguration$JpaWebConfiguration -spring.jpa.open-in-view is enabled by default. Therefore, database queries may be performed during view rendering. Explicitly configure spring.jpa.open-in-view to disable this warning
2026-03-06 13:13:14 [main] INFO  org.springframework.cloud.netflix.eureka.config.DiscoveryClientOptionalArgsConfiguration -Eureka HTTP Client uses RestTemplate.
2026-03-06 13:13:14 [main] WARN  org.springframework.cloud.loadbalancer.config.LoadBalancerCacheAutoConfiguration$LoadBalancerCaffeineWarnLogger -Spring Cloud LoadBalancer is currently working with the default cache. While this cache implementation is useful for development and tests, it's recommended to use Caffeine cache in production.You can switch to using Caffeine cache, by adding it and org.springframework.cache.caffeine.CaffeineCacheManager to the classpath.
2026-03-06 13:13:14 [main] INFO  org.springframework.boot.actuate.endpoint.web.EndpointLinksResolver -Exposing 1 endpoint(s) beneath base path '/actuator'
2026-03-06 13:13:14 [main] INFO  org.springframework.cloud.netflix.eureka.InstanceInfoFactory -Setting initial instance status as: STARTING
2026-03-06 13:13:14 [main] INFO  com.netflix.discovery.DiscoveryClient -Initializing Eureka in region us-east-1
2026-03-06 13:13:14 [main] INFO  com.netflix.discovery.shared.resolver.aws.ConfigClusterResolver -Resolving eureka endpoints via configuration
2026-03-06 13:13:14 [main] INFO  com.netflix.discovery.DiscoveryClient -Disable delta property : false
2026-03-06 13:13:14 [main] INFO  com.netflix.discovery.DiscoveryClient -Single vip registry refresh property : null
2026-03-06 13:13:14 [main] INFO  com.netflix.discovery.DiscoveryClient -Force full registry fetch : false
2026-03-06 13:13:14 [main] INFO  com.netflix.discovery.DiscoveryClient -Application is null : false
2026-03-06 13:13:14 [main] INFO  com.netflix.discovery.DiscoveryClient -Registered Applications size is zero : true
2026-03-06 13:13:14 [main] INFO  com.netflix.discovery.DiscoveryClient -Application version is -1: true
2026-03-06 13:13:14 [main] INFO  com.netflix.discovery.DiscoveryClient -Getting all instance registry info from the eureka server
2026-03-06 13:13:15 [main] INFO  com.netflix.discovery.DiscoveryClient -The response status is 200
2026-03-06 13:13:15 [main] INFO  com.netflix.discovery.DiscoveryClient -Starting heartbeat executor: renew interval is: 30
2026-03-06 13:13:15 [main] INFO  com.netflix.discovery.InstanceInfoReplicator -InstanceInfoReplicator onDemand update allowed rate per min is 4
2026-03-06 13:13:15 [main] INFO  com.netflix.discovery.DiscoveryClient -Discovery Client initialized at timestamp 1772824395495 with initial instances count: 1
2026-03-06 13:13:15 [main] INFO  org.springframework.cloud.netflix.eureka.serviceregistry.EurekaServiceRegistry -Registering application MSVC-EMPLOYEE with eureka with status UP
2026-03-06 13:13:15 [main] INFO  com.netflix.discovery.DiscoveryClient -Saw local status change event StatusChangeEvent [timestamp=1772824395503, current=UP, previous=STARTING]
2026-03-06 13:13:15 [DiscoveryClient-InstanceInfoReplicator-0] INFO  com.netflix.discovery.DiscoveryClient -DiscoveryClient_MSVC-EMPLOYEE/msvc-employee:d768fa9ff416691e309c0539f24c1e3e: registering service...
2026-03-06 13:13:15 [main] INFO  org.springframework.boot.web.embedded.tomcat.TomcatWebServer -Tomcat started on port(s): 8082 (http) with context path ''
2026-03-06 13:13:15 [main] INFO  org.springframework.cloud.netflix.eureka.serviceregistry.EurekaAutoServiceRegistration -Updating port to 8082
2026-03-06 13:13:15 [DiscoveryClient-InstanceInfoReplicator-0] INFO  com.netflix.discovery.DiscoveryClient -DiscoveryClient_MSVC-EMPLOYEE/msvc-employee:d768fa9ff416691e309c0539f24c1e3e - registration status: 204
2026-03-06 13:13:15 [main] INFO  com.system.MsvcEmployeeApplication -Started MsvcEmployeeApplication in 12.457 seconds (JVM running for 13.575)
2026-03-06 13:14:22 [http-nio-8082-exec-1] INFO  org.apache.catalina.core.ContainerBase.[Tomcat].[localhost].[/] -Initializing Spring DispatcherServlet 'dispatcherServlet'
2026-03-06 13:14:22 [http-nio-8082-exec-1] INFO  org.springframework.web.servlet.DispatcherServlet -Initializing Servlet 'dispatcherServlet'
2026-03-06 13:14:22 [http-nio-8082-exec-1] INFO  org.springframework.web.servlet.DispatcherServlet -Completed initialization in 2 ms
2026-03-06 13:14:22 [http-nio-8082-exec-1] DEBUG org.hibernate.SQL -
    insert 
    into
        employee
        (id, age, date_birth, first_last_name, first_name, position, second_last_name, second_name, sex, status, system_registration_date) 
    values
        (default, ?, ?, ?, ?, ?, ?, ?, ?, ?, ?)
2026-03-06 13:14:22 [http-nio-8082-exec-1] TRACE org.hibernate.type.descriptor.sql.BasicBinder -binding parameter [1] as [INTEGER] - [0]
2026-03-06 13:14:22 [http-nio-8082-exec-1] TRACE org.hibernate.type.descriptor.sql.BasicBinder -binding parameter [2] as [VARCHAR] - [null]
2026-03-06 13:14:22 [http-nio-8082-exec-1] TRACE org.hibernate.type.descriptor.sql.BasicBinder -binding parameter [3] as [VARCHAR] - [o]
2026-03-06 13:14:22 [http-nio-8082-exec-1] TRACE org.hibernate.type.descriptor.sql.BasicBinder -binding parameter [4] as [VARCHAR] - [h]
2026-03-06 13:14:22 [http-nio-8082-exec-1] TRACE org.hibernate.type.descriptor.sql.BasicBinder -binding parameter [5] as [VARCHAR] - [jefe]
2026-03-06 13:14:22 [http-nio-8082-exec-1] TRACE org.hibernate.type.descriptor.sql.BasicBinder -binding parameter [6] as [VARCHAR] - [o]
2026-03-06 13:14:22 [http-nio-8082-exec-1] TRACE org.hibernate.type.descriptor.sql.BasicBinder -binding parameter [7] as [VARCHAR] - [h]
2026-03-06 13:14:22 [http-nio-8082-exec-1] TRACE org.hibernate.type.descriptor.sql.BasicBinder -binding parameter [8] as [VARCHAR] - [null]
2026-03-06 13:14:22 [http-nio-8082-exec-1] TRACE org.hibernate.type.descriptor.sql.BasicBinder -binding parameter [9] as [BOOLEAN] - [true]
2026-03-06 13:14:22 [http-nio-8082-exec-1] TRACE org.hibernate.type.descriptor.sql.BasicBinder -binding parameter [10] as [DATE] - [2026-03-06]
2026-03-06 13:14:29 [http-nio-8082-exec-2] DEBUG org.hibernate.SQL -
    select
        employee0_.id as id1_0_,
        employee0_.age as age2_0_,
        employee0_.date_birth as date_bir3_0_,
        employee0_.first_last_name as first_la4_0_,
        employee0_.first_name as first_na5_0_,
        employee0_.position as position6_0_,
        employee0_.second_last_name as second_l7_0_,
        employee0_.second_name as second_n8_0_,
        employee0_.sex as sex9_0_,
        employee0_.status as status10_0_,
        employee0_.system_registration_date as system_11_0_ 
    from
        employee employee0_
2026-03-06 13:14:29 [http-nio-8082-exec-2] TRACE org.hibernate.type.descriptor.sql.BasicExtractor -extracted value ([id1_0_] : [BIGINT]) - [1]
2026-03-06 13:14:29 [http-nio-8082-exec-2] TRACE org.hibernate.type.descriptor.sql.BasicExtractor -extracted value ([age2_0_] : [INTEGER]) - [0]
2026-03-06 13:14:29 [http-nio-8082-exec-2] TRACE org.hibernate.type.descriptor.sql.BasicExtractor -extracted value ([date_bir3_0_] : [VARCHAR]) - [null]
2026-03-06 13:14:29 [http-nio-8082-exec-2] TRACE org.hibernate.type.descriptor.sql.BasicExtractor -extracted value ([first_la4_0_] : [VARCHAR]) - [o]
2026-03-06 13:14:29 [http-nio-8082-exec-2] TRACE org.hibernate.type.descriptor.sql.BasicExtractor -extracted value ([first_na5_0_] : [VARCHAR]) - [h]
2026-03-06 13:14:29 [http-nio-8082-exec-2] TRACE org.hibernate.type.descriptor.sql.BasicExtractor -extracted value ([position6_0_] : [VARCHAR]) - [jefe]
2026-03-06 13:14:29 [http-nio-8082-exec-2] TRACE org.hibernate.type.descriptor.sql.BasicExtractor -extracted value ([second_l7_0_] : [VARCHAR]) - [o]
2026-03-06 13:14:29 [http-nio-8082-exec-2] TRACE org.hibernate.type.descriptor.sql.BasicExtractor -extracted value ([second_n8_0_] : [VARCHAR]) - [h]
2026-03-06 13:14:29 [http-nio-8082-exec-2] TRACE org.hibernate.type.descriptor.sql.BasicExtractor -extracted value ([sex9_0_] : [VARCHAR]) - [null]
2026-03-06 13:14:29 [http-nio-8082-exec-2] TRACE org.hibernate.type.descriptor.sql.BasicExtractor -extracted value ([status10_0_] : [BOOLEAN]) - [true]
2026-03-06 13:14:29 [http-nio-8082-exec-2] TRACE org.hibernate.type.descriptor.sql.BasicExtractor -extracted value ([system_11_0_] : [DATE]) - [2026-03-06]
2026-03-06 13:15:59 [http-nio-8082-exec-4] DEBUG org.hibernate.SQL -
    select
        employee0_.id as id1_0_,
        employee0_.age as age2_0_,
        employee0_.date_birth as date_bir3_0_,
        employee0_.first_last_name as first_la4_0_,
        employee0_.first_name as first_na5_0_,
        employee0_.position as position6_0_,
        employee0_.second_last_name as second_l7_0_,
        employee0_.second_name as second_n8_0_,
        employee0_.sex as sex9_0_,
        employee0_.status as status10_0_,
        employee0_.system_registration_date as system_11_0_ 
    from
        employee employee0_
2026-03-06 13:15:59 [http-nio-8082-exec-4] TRACE org.hibernate.type.descriptor.sql.BasicExtractor -extracted value ([id1_0_] : [BIGINT]) - [1]
2026-03-06 13:15:59 [http-nio-8082-exec-4] TRACE org.hibernate.type.descriptor.sql.BasicExtractor -extracted value ([age2_0_] : [INTEGER]) - [0]
2026-03-06 13:15:59 [http-nio-8082-exec-4] TRACE org.hibernate.type.descriptor.sql.BasicExtractor -extracted value ([date_bir3_0_] : [VARCHAR]) - [null]
2026-03-06 13:15:59 [http-nio-8082-exec-4] TRACE org.hibernate.type.descriptor.sql.BasicExtractor -extracted value ([first_la4_0_] : [VARCHAR]) - [o]
2026-03-06 13:15:59 [http-nio-8082-exec-4] TRACE org.hibernate.type.descriptor.sql.BasicExtractor -extracted value ([first_na5_0_] : [VARCHAR]) - [h]
2026-03-06 13:15:59 [http-nio-8082-exec-4] TRACE org.hibernate.type.descriptor.sql.BasicExtractor -extracted value ([position6_0_] : [VARCHAR]) - [jefe]
2026-03-06 13:15:59 [http-nio-8082-exec-4] TRACE org.hibernate.type.descriptor.sql.BasicExtractor -extracted value ([second_l7_0_] : [VARCHAR]) - [o]
2026-03-06 13:15:59 [http-nio-8082-exec-4] TRACE org.hibernate.type.descriptor.sql.BasicExtractor -extracted value ([second_n8_0_] : [VARCHAR]) - [h]
2026-03-06 13:15:59 [http-nio-8082-exec-4] TRACE org.hibernate.type.descriptor.sql.BasicExtractor -extracted value ([sex9_0_] : [VARCHAR]) - [null]
2026-03-06 13:15:59 [http-nio-8082-exec-4] TRACE org.hibernate.type.descriptor.sql.BasicExtractor -extracted value ([status10_0_] : [BOOLEAN]) - [true]
2026-03-06 13:15:59 [http-nio-8082-exec-4] TRACE org.hibernate.type.descriptor.sql.BasicExtractor -extracted value ([system_11_0_] : [DATE]) - [2026-03-06]
2026-03-06 13:16:29 [SpringApplicationShutdownHook] INFO  org.springframework.cloud.netflix.eureka.serviceregistry.EurekaServiceRegistry -Unregistering application MSVC-EMPLOYEE with eureka with status DOWN
2026-03-06 13:16:29 [SpringApplicationShutdownHook] INFO  com.netflix.discovery.DiscoveryClient -Saw local status change event StatusChangeEvent [timestamp=1772824589392, current=DOWN, previous=UP]
2026-03-06 13:16:29 [DiscoveryClient-InstanceInfoReplicator-0] INFO  com.netflix.discovery.DiscoveryClient -DiscoveryClient_MSVC-EMPLOYEE/msvc-employee:d768fa9ff416691e309c0539f24c1e3e: registering service...
2026-03-06 13:16:29 [DiscoveryClient-InstanceInfoReplicator-0] INFO  com.netflix.discovery.DiscoveryClient -DiscoveryClient_MSVC-EMPLOYEE/msvc-employee:d768fa9ff416691e309c0539f24c1e3e - registration status: 204
2026-03-06 13:16:29 [SpringApplicationShutdownHook] INFO  org.springframework.orm.jpa.LocalContainerEntityManagerFactoryBean -Closing JPA EntityManagerFactory for persistence unit 'default'
2026-03-06 13:16:29 [SpringApplicationShutdownHook] INFO  org.hibernate.tool.schema.internal.SchemaDropperImpl$DelayedDropActionImpl -HHH000477: Starting delayed evictData of schema as part of SessionFactory shut-down'
2026-03-06 13:16:29 [SpringApplicationShutdownHook] DEBUG org.hibernate.SQL -
    
    drop table if exists employee CASCADE 
2026-03-06 13:16:29 [SpringApplicationShutdownHook] INFO  com.zaxxer.hikari.HikariDataSource -HikariPool-1 - Shutdown initiated...
2026-03-06 13:16:29 [SpringApplicationShutdownHook] INFO  com.zaxxer.hikari.HikariDataSource -HikariPool-1 - Shutdown completed.
2026-03-06 13:16:29 [SpringApplicationShutdownHook] INFO  com.netflix.discovery.DiscoveryClient -Shutting down DiscoveryClient ...
2026-03-06 13:16:32 [SpringApplicationShutdownHook] INFO  com.netflix.discovery.DiscoveryClient -Unregistering ...
2026-03-06 13:16:32 [SpringApplicationShutdownHook] INFO  com.netflix.discovery.DiscoveryClient -DiscoveryClient_MSVC-EMPLOYEE/msvc-employee:d768fa9ff416691e309c0539f24c1e3e - deregister  status: 200
2026-03-06 13:16:32 [SpringApplicationShutdownHook] INFO  com.netflix.discovery.DiscoveryClient -Completed shut down of DiscoveryClient
2026-03-06 13:16:38 [main] INFO  com.system.MsvcEmployeeApplication -Starting MsvcEmployeeApplication using Java 21.0.9 on DESKTOP-1D84HCV with PID 9592 (C:\Users\OWNER\Desktop\microservice-project\msvc-employee\target\classes started by OWNER in C:\Users\OWNER\Desktop\microservice-project\msvc-employee)
2026-03-06 13:16:38 [main] DEBUG com.system.MsvcEmployeeApplication -Running with Spring Boot v2.7.18, Spring v5.3.31
2026-03-06 13:16:38 [main] INFO  com.system.MsvcEmployeeApplication -No active profile set, falling back to 1 default profile: "default"
2026-03-06 13:16:40 [main] INFO  org.springframework.data.repository.config.RepositoryConfigurationDelegate -Bootstrapping Spring Data JPA repositories in DEFAULT mode.
2026-03-06 13:16:40 [main] INFO  org.springframework.data.repository.config.RepositoryConfigurationDelegate -Finished Spring Data repository scanning in 176 ms. Found 1 JPA repository interfaces.
2026-03-06 13:16:41 [main] INFO  org.springframework.cloud.context.scope.GenericScope -BeanFactory id=9922f21d-f44e-3c19-9b63-d67f93297016
2026-03-06 13:16:41 [main] INFO  org.springframework.context.support.PostProcessorRegistrationDelegate$BeanPostProcessorChecker -Bean 'org.springframework.ws.config.annotation.DelegatingWsConfiguration' of type [org.springframework.ws.config.annotation.DelegatingWsConfiguration$$EnhancerBySpringCGLIB$$4abf1b3c] is not eligible for getting processed by all BeanPostProcessors (for example: not eligible for auto-proxying)
2026-03-06 13:16:41 [main] INFO  org.springframework.ws.soap.addressing.server.AnnotationActionEndpointMapping -Supporting [WS-Addressing August 2004, WS-Addressing 1.0]
2026-03-06 13:16:42 [main] INFO  org.springframework.boot.web.embedded.tomcat.TomcatWebServer -Tomcat initialized with port(s): 8082 (http)
2026-03-06 13:16:42 [main] INFO  org.apache.catalina.core.StandardService -Starting service [Tomcat]
2026-03-06 13:16:42 [main] INFO  org.apache.catalina.core.StandardEngine -Starting Servlet engine: [Apache Tomcat/9.0.83]
2026-03-06 13:16:42 [main] INFO  org.apache.catalina.core.ContainerBase.[Tomcat].[localhost].[/] -Initializing Spring embedded WebApplicationContext
2026-03-06 13:16:42 [main] INFO  org.springframework.boot.web.servlet.context.ServletWebServerApplicationContext -Root WebApplicationContext: initialization completed in 3983 ms
2026-03-06 13:16:43 [main] INFO  com.zaxxer.hikari.HikariDataSource -HikariPool-1 - Starting...
2026-03-06 13:16:43 [main] INFO  com.zaxxer.hikari.HikariDataSource -HikariPool-1 - Start completed.
2026-03-06 13:16:43 [main] INFO  org.springframework.boot.autoconfigure.h2.H2ConsoleAutoConfiguration -H2 console available at '/h2-console'. Database available at 'jdbc:h2:mem:superdb'
2026-03-06 13:16:43 [main] INFO  org.hibernate.jpa.internal.util.LogHelper -HHH000204: Processing PersistenceUnitInfo [name: default]
2026-03-06 13:16:44 [main] INFO  org.hibernate.Version -HHH000412: Hibernate ORM core version 5.6.15.Final
2026-03-06 13:16:44 [main] INFO  org.hibernate.annotations.common.Version -HCANN000001: Hibernate Commons Annotations {5.1.2.Final}
2026-03-06 13:16:44 [main] INFO  org.hibernate.dialect.Dialect -HHH000400: Using dialect: org.hibernate.dialect.H2Dialect
2026-03-06 13:16:45 [main] DEBUG org.hibernate.SQL -
    
    drop table if exists employee CASCADE 
2026-03-06 13:16:45 [main] DEBUG org.hibernate.SQL -
    
    create table employee (
       id bigint generated by default as identity,
        age integer not null,
        date_birth varchar(255),
        first_last_name varchar(255),
        first_name varchar(255),
        position varchar(255),
        second_last_name varchar(255),
        second_name varchar(255),
        sex varchar(255),
        status boolean not null,
        system_registration_date date,
        primary key (id)
    )
2026-03-06 13:16:45 [main] INFO  org.hibernate.engine.transaction.jta.platform.internal.JtaPlatformInitiator -HHH000490: Using JtaPlatform implementation: [org.hibernate.engine.transaction.jta.platform.internal.NoJtaPlatform]
2026-03-06 13:16:45 [main] INFO  org.springframework.orm.jpa.LocalContainerEntityManagerFactoryBean -Initialized JPA EntityManagerFactory for persistence unit 'default'
2026-03-06 13:16:46 [main] WARN  org.springframework.boot.autoconfigure.orm.jpa.JpaBaseConfiguration$JpaWebConfiguration -spring.jpa.open-in-view is enabled by default. Therefore, database queries may be performed during view rendering. Explicitly configure spring.jpa.open-in-view to disable this warning
2026-03-06 13:16:47 [main] INFO  org.springframework.cloud.netflix.eureka.config.DiscoveryClientOptionalArgsConfiguration -Eureka HTTP Client uses RestTemplate.
2026-03-06 13:16:47 [main] WARN  org.springframework.cloud.loadbalancer.config.LoadBalancerCacheAutoConfiguration$LoadBalancerCaffeineWarnLogger -Spring Cloud LoadBalancer is currently working with the default cache. While this cache implementation is useful for development and tests, it's recommended to use Caffeine cache in production.You can switch to using Caffeine cache, by adding it and org.springframework.cache.caffeine.CaffeineCacheManager to the classpath.
2026-03-06 13:16:47 [main] INFO  org.springframework.boot.actuate.endpoint.web.EndpointLinksResolver -Exposing 1 endpoint(s) beneath base path '/actuator'
2026-03-06 13:16:48 [main] INFO  org.springframework.cloud.netflix.eureka.InstanceInfoFactory -Setting initial instance status as: STARTING
2026-03-06 13:16:48 [main] INFO  com.netflix.discovery.DiscoveryClient -Initializing Eureka in region us-east-1
2026-03-06 13:16:48 [main] INFO  com.netflix.discovery.shared.resolver.aws.ConfigClusterResolver -Resolving eureka endpoints via configuration
2026-03-06 13:16:48 [main] INFO  com.netflix.discovery.DiscoveryClient -Disable delta property : false
2026-03-06 13:16:48 [main] INFO  com.netflix.discovery.DiscoveryClient -Single vip registry refresh property : null
2026-03-06 13:16:48 [main] INFO  com.netflix.discovery.DiscoveryClient -Force full registry fetch : false
2026-03-06 13:16:48 [main] INFO  com.netflix.discovery.DiscoveryClient -Application is null : false
2026-03-06 13:16:48 [main] INFO  com.netflix.discovery.DiscoveryClient -Registered Applications size is zero : true
2026-03-06 13:16:48 [main] INFO  com.netflix.discovery.DiscoveryClient -Application version is -1: true
2026-03-06 13:16:48 [main] INFO  com.netflix.discovery.DiscoveryClient -Getting all instance registry info from the eureka server
2026-03-06 13:16:48 [main] INFO  com.netflix.discovery.DiscoveryClient -The response status is 200
2026-03-06 13:16:48 [main] INFO  com.netflix.discovery.DiscoveryClient -Starting heartbeat executor: renew interval is: 30
2026-03-06 13:16:48 [main] INFO  com.netflix.discovery.InstanceInfoReplicator -InstanceInfoReplicator onDemand update allowed rate per min is 4
2026-03-06 13:16:48 [main] INFO  com.netflix.discovery.DiscoveryClient -Discovery Client initialized at timestamp 1772824608916 with initial instances count: 2
2026-03-06 13:16:48 [main] INFO  org.springframework.cloud.netflix.eureka.serviceregistry.EurekaServiceRegistry -Registering application MSVC-EMPLOYEE with eureka with status UP
2026-03-06 13:16:48 [main] INFO  com.netflix.discovery.DiscoveryClient -Saw local status change event StatusChangeEvent [timestamp=1772824608920, current=UP, previous=STARTING]
2026-03-06 13:16:48 [DiscoveryClient-InstanceInfoReplicator-0] INFO  com.netflix.discovery.DiscoveryClient -DiscoveryClient_MSVC-EMPLOYEE/msvc-employee:cb39366703f428cfec68d32502d61f95: registering service...
2026-03-06 13:16:48 [main] INFO  org.springframework.boot.web.embedded.tomcat.TomcatWebServer -Tomcat started on port(s): 8082 (http) with context path ''
2026-03-06 13:16:48 [main] INFO  org.springframework.cloud.netflix.eureka.serviceregistry.EurekaAutoServiceRegistration -Updating port to 8082
2026-03-06 13:16:48 [DiscoveryClient-InstanceInfoReplicator-0] INFO  com.netflix.discovery.DiscoveryClient -DiscoveryClient_MSVC-EMPLOYEE/msvc-employee:cb39366703f428cfec68d32502d61f95 - registration status: 204
2026-03-06 13:16:48 [main] INFO  com.system.MsvcEmployeeApplication -Started MsvcEmployeeApplication in 11.275 seconds (JVM running for 12.248)
2026-03-06 13:17:22 [SpringApplicationShutdownHook] INFO  org.springframework.cloud.netflix.eureka.serviceregistry.EurekaServiceRegistry -Unregistering application MSVC-EMPLOYEE with eureka with status DOWN
2026-03-06 13:17:22 [SpringApplicationShutdownHook] INFO  com.netflix.discovery.DiscoveryClient -Saw local status change event StatusChangeEvent [timestamp=1772824642268, current=DOWN, previous=UP]
2026-03-06 13:17:22 [DiscoveryClient-InstanceInfoReplicator-0] INFO  com.netflix.discovery.DiscoveryClient -DiscoveryClient_MSVC-EMPLOYEE/msvc-employee:cb39366703f428cfec68d32502d61f95: registering service...
2026-03-06 13:17:22 [DiscoveryClient-InstanceInfoReplicator-0] INFO  com.netflix.discovery.DiscoveryClient -DiscoveryClient_MSVC-EMPLOYEE/msvc-employee:cb39366703f428cfec68d32502d61f95 - registration status: 204
2026-03-06 13:17:22 [SpringApplicationShutdownHook] INFO  org.springframework.orm.jpa.LocalContainerEntityManagerFactoryBean -Closing JPA EntityManagerFactory for persistence unit 'default'
2026-03-06 13:17:22 [SpringApplicationShutdownHook] INFO  org.hibernate.tool.schema.internal.SchemaDropperImpl$DelayedDropActionImpl -HHH000477: Starting delayed evictData of schema as part of SessionFactory shut-down'
2026-03-06 13:17:22 [SpringApplicationShutdownHook] DEBUG org.hibernate.SQL -
    
    drop table if exists employee CASCADE 
2026-03-06 13:17:22 [SpringApplicationShutdownHook] INFO  com.zaxxer.hikari.HikariDataSource -HikariPool-1 - Shutdown initiated...
2026-03-06 13:17:22 [SpringApplicationShutdownHook] INFO  com.zaxxer.hikari.HikariDataSource -HikariPool-1 - Shutdown completed.
2026-03-06 13:17:22 [SpringApplicationShutdownHook] INFO  com.netflix.discovery.DiscoveryClient -Shutting down DiscoveryClient ...
2026-03-06 13:17:25 [SpringApplicationShutdownHook] INFO  com.netflix.discovery.DiscoveryClient -Unregistering ...
2026-03-06 13:17:25 [SpringApplicationShutdownHook] INFO  com.netflix.discovery.DiscoveryClient -DiscoveryClient_MSVC-EMPLOYEE/msvc-employee:cb39366703f428cfec68d32502d61f95 - deregister  status: 200
2026-03-06 13:17:25 [SpringApplicationShutdownHook] INFO  com.netflix.discovery.DiscoveryClient -Completed shut down of DiscoveryClient
2026-03-06 13:17:28 [main] INFO  com.system.MsvcEmployeeApplication -Starting MsvcEmployeeApplication using Java 21.0.9 on DESKTOP-1D84HCV with PID 25804 (C:\Users\OWNER\Desktop\microservice-project\msvc-employee\target\classes started by OWNER in C:\Users\OWNER\Desktop\microservice-project\msvc-employee)
2026-03-06 13:17:28 [main] DEBUG com.system.MsvcEmployeeApplication -Running with Spring Boot v2.7.18, Spring v5.3.31
2026-03-06 13:17:28 [main] INFO  com.system.MsvcEmployeeApplication -No active profile set, falling back to 1 default profile: "default"
2026-03-06 13:17:31 [main] INFO  org.springframework.data.repository.config.RepositoryConfigurationDelegate -Bootstrapping Spring Data JPA repositories in DEFAULT mode.
2026-03-06 13:17:31 [main] INFO  org.springframework.data.repository.config.RepositoryConfigurationDelegate -Finished Spring Data repository scanning in 334 ms. Found 1 JPA repository interfaces.
2026-03-06 13:17:32 [main] INFO  org.springframework.cloud.context.scope.GenericScope -BeanFactory id=9922f21d-f44e-3c19-9b63-d67f93297016
2026-03-06 13:17:32 [main] INFO  org.springframework.context.support.PostProcessorRegistrationDelegate$BeanPostProcessorChecker -Bean 'org.springframework.ws.config.annotation.DelegatingWsConfiguration' of type [org.springframework.ws.config.annotation.DelegatingWsConfiguration$$EnhancerBySpringCGLIB$$4abf1b3c] is not eligible for getting processed by all BeanPostProcessors (for example: not eligible for auto-proxying)
2026-03-06 13:17:32 [main] INFO  org.springframework.ws.soap.addressing.server.AnnotationActionEndpointMapping -Supporting [WS-Addressing August 2004, WS-Addressing 1.0]
2026-03-06 13:17:33 [main] INFO  org.springframework.boot.web.embedded.tomcat.TomcatWebServer -Tomcat initialized with port(s): 8082 (http)
2026-03-06 13:17:33 [main] INFO  org.apache.catalina.core.StandardService -Starting service [Tomcat]
2026-03-06 13:17:33 [main] INFO  org.apache.catalina.core.StandardEngine -Starting Servlet engine: [Apache Tomcat/9.0.83]
2026-03-06 13:17:33 [main] INFO  org.apache.catalina.core.ContainerBase.[Tomcat].[localhost].[/] -Initializing Spring embedded WebApplicationContext
2026-03-06 13:17:33 [main] INFO  org.springframework.boot.web.servlet.context.ServletWebServerApplicationContext -Root WebApplicationContext: initialization completed in 4858 ms
2026-03-06 13:17:34 [main] INFO  com.zaxxer.hikari.HikariDataSource -HikariPool-1 - Starting...
2026-03-06 13:17:34 [main] INFO  com.zaxxer.hikari.HikariDataSource -HikariPool-1 - Start completed.
2026-03-06 13:17:34 [main] INFO  org.springframework.boot.autoconfigure.h2.H2ConsoleAutoConfiguration -H2 console available at '/h2-console'. Database available at 'jdbc:h2:mem:superdb'
2026-03-06 13:17:35 [main] INFO  org.hibernate.jpa.internal.util.LogHelper -HHH000204: Processing PersistenceUnitInfo [name: default]
2026-03-06 13:17:35 [main] INFO  org.hibernate.Version -HHH000412: Hibernate ORM core version 5.6.15.Final
2026-03-06 13:17:35 [main] INFO  org.hibernate.annotations.common.Version -HCANN000001: Hibernate Commons Annotations {5.1.2.Final}
2026-03-06 13:17:36 [main] INFO  org.hibernate.dialect.Dialect -HHH000400: Using dialect: org.hibernate.dialect.H2Dialect
2026-03-06 13:17:36 [main] DEBUG org.hibernate.SQL -
    
    drop table if exists employee CASCADE 
2026-03-06 13:17:36 [main] DEBUG org.hibernate.SQL -
    
    create table employee (
       id bigint generated by default as identity,
        age integer not null,
        date_birth varchar(255),
        first_last_name varchar(255),
        first_name varchar(255),
        position varchar(255),
        second_last_name varchar(255),
        second_name varchar(255),
        sex varchar(255),
        status boolean not null,
        system_registration_date date,
        primary key (id)
    )
2026-03-06 13:17:36 [main] INFO  org.hibernate.engine.transaction.jta.platform.internal.JtaPlatformInitiator -HHH000490: Using JtaPlatform implementation: [org.hibernate.engine.transaction.jta.platform.internal.NoJtaPlatform]
2026-03-06 13:17:36 [main] INFO  org.springframework.orm.jpa.LocalContainerEntityManagerFactoryBean -Initialized JPA EntityManagerFactory for persistence unit 'default'
2026-03-06 13:17:37 [main] WARN  org.springframework.boot.autoconfigure.orm.jpa.JpaBaseConfiguration$JpaWebConfiguration -spring.jpa.open-in-view is enabled by default. Therefore, database queries may be performed during view rendering. Explicitly configure spring.jpa.open-in-view to disable this warning
2026-03-06 13:17:39 [main] INFO  org.springframework.cloud.netflix.eureka.config.DiscoveryClientOptionalArgsConfiguration -Eureka HTTP Client uses RestTemplate.
2026-03-06 13:17:39 [main] WARN  org.springframework.cloud.loadbalancer.config.LoadBalancerCacheAutoConfiguration$LoadBalancerCaffeineWarnLogger -Spring Cloud LoadBalancer is currently working with the default cache. While this cache implementation is useful for development and tests, it's recommended to use Caffeine cache in production.You can switch to using Caffeine cache, by adding it and org.springframework.cache.caffeine.CaffeineCacheManager to the classpath.
2026-03-06 13:17:39 [main] INFO  org.springframework.boot.actuate.endpoint.web.EndpointLinksResolver -Exposing 1 endpoint(s) beneath base path '/actuator'
2026-03-06 13:17:39 [main] INFO  org.springframework.cloud.netflix.eureka.InstanceInfoFactory -Setting initial instance status as: STARTING
2026-03-06 13:17:39 [main] INFO  com.netflix.discovery.DiscoveryClient -Initializing Eureka in region us-east-1
2026-03-06 13:17:39 [main] INFO  com.netflix.discovery.shared.resolver.aws.ConfigClusterResolver -Resolving eureka endpoints via configuration
2026-03-06 13:17:39 [main] INFO  com.netflix.discovery.DiscoveryClient -Disable delta property : false
2026-03-06 13:17:39 [main] INFO  com.netflix.discovery.DiscoveryClient -Single vip registry refresh property : null
2026-03-06 13:17:39 [main] INFO  com.netflix.discovery.DiscoveryClient -Force full registry fetch : false
2026-03-06 13:17:39 [main] INFO  com.netflix.discovery.DiscoveryClient -Application is null : false
2026-03-06 13:17:39 [main] INFO  com.netflix.discovery.DiscoveryClient -Registered Applications size is zero : true
2026-03-06 13:17:39 [main] INFO  com.netflix.discovery.DiscoveryClient -Application version is -1: true
2026-03-06 13:17:39 [main] INFO  com.netflix.discovery.DiscoveryClient -Getting all instance registry info from the eureka server
2026-03-06 13:17:40 [main] INFO  com.netflix.discovery.DiscoveryClient -The response status is 200
2026-03-06 13:17:40 [main] INFO  com.netflix.discovery.DiscoveryClient -Starting heartbeat executor: renew interval is: 30
2026-03-06 13:17:40 [main] INFO  com.netflix.discovery.InstanceInfoReplicator -InstanceInfoReplicator onDemand update allowed rate per min is 4
2026-03-06 13:17:40 [main] INFO  com.netflix.discovery.DiscoveryClient -Discovery Client initialized at timestamp 1772824660430 with initial instances count: 1
2026-03-06 13:17:40 [main] INFO  org.springframework.cloud.netflix.eureka.serviceregistry.EurekaServiceRegistry -Registering application MSVC-EMPLOYEE with eureka with status UP
2026-03-06 13:17:40 [main] INFO  com.netflix.discovery.DiscoveryClient -Saw local status change event StatusChangeEvent [timestamp=1772824660436, current=UP, previous=STARTING]
2026-03-06 13:17:40 [DiscoveryClient-InstanceInfoReplicator-0] INFO  com.netflix.discovery.DiscoveryClient -DiscoveryClient_MSVC-EMPLOYEE/msvc-employee:4ac52bd754f57a45c3eb93e0f6805ecb: registering service...
2026-03-06 13:17:40 [main] INFO  org.springframework.boot.web.embedded.tomcat.TomcatWebServer -Tomcat started on port(s): 8082 (http) with context path ''
2026-03-06 13:17:40 [main] INFO  org.springframework.cloud.netflix.eureka.serviceregistry.EurekaAutoServiceRegistration -Updating port to 8082
2026-03-06 13:17:40 [DiscoveryClient-InstanceInfoReplicator-0] INFO  com.netflix.discovery.DiscoveryClient -DiscoveryClient_MSVC-EMPLOYEE/msvc-employee:4ac52bd754f57a45c3eb93e0f6805ecb - registration status: 204
2026-03-06 13:17:40 [main] INFO  com.system.MsvcEmployeeApplication -Started MsvcEmployeeApplication in 12.632 seconds (JVM running for 13.931)
2026-03-06 13:17:50 [http-nio-8082-exec-1] INFO  org.apache.catalina.core.ContainerBase.[Tomcat].[localhost].[/] -Initializing Spring DispatcherServlet 'dispatcherServlet'
2026-03-06 13:17:50 [http-nio-8082-exec-1] INFO  org.springframework.web.servlet.DispatcherServlet -Initializing Servlet 'dispatcherServlet'
2026-03-06 13:17:50 [http-nio-8082-exec-1] INFO  org.springframework.web.servlet.DispatcherServlet -Completed initialization in 1 ms
2026-03-06 13:17:50 [http-nio-8082-exec-1] DEBUG org.hibernate.SQL -
    insert 
    into
        employee
        (id, age, date_birth, first_last_name, first_name, position, second_last_name, second_name, sex, status, system_registration_date) 
    values
        (default, ?, ?, ?, ?, ?, ?, ?, ?, ?, ?)
2026-03-06 13:17:50 [http-nio-8082-exec-1] TRACE org.hibernate.type.descriptor.sql.BasicBinder -binding parameter [1] as [INTEGER] - [0]
2026-03-06 13:17:50 [http-nio-8082-exec-1] TRACE org.hibernate.type.descriptor.sql.BasicBinder -binding parameter [2] as [VARCHAR] - [2026-03-06]
2026-03-06 13:17:50 [http-nio-8082-exec-1] TRACE org.hibernate.type.descriptor.sql.BasicBinder -binding parameter [3] as [VARCHAR] - [o]
2026-03-06 13:17:50 [http-nio-8082-exec-1] TRACE org.hibernate.type.descriptor.sql.BasicBinder -binding parameter [4] as [VARCHAR] - [h]
2026-03-06 13:17:50 [http-nio-8082-exec-1] TRACE org.hibernate.type.descriptor.sql.BasicBinder -binding parameter [5] as [VARCHAR] - [jefe]
2026-03-06 13:17:50 [http-nio-8082-exec-1] TRACE org.hibernate.type.descriptor.sql.BasicBinder -binding parameter [6] as [VARCHAR] - [o]
2026-03-06 13:17:50 [http-nio-8082-exec-1] TRACE org.hibernate.type.descriptor.sql.BasicBinder -binding parameter [7] as [VARCHAR] - [h]
2026-03-06 13:17:50 [http-nio-8082-exec-1] TRACE org.hibernate.type.descriptor.sql.BasicBinder -binding parameter [8] as [VARCHAR] - [M]
2026-03-06 13:17:50 [http-nio-8082-exec-1] TRACE org.hibernate.type.descriptor.sql.BasicBinder -binding parameter [9] as [BOOLEAN] - [true]
2026-03-06 13:17:50 [http-nio-8082-exec-1] TRACE org.hibernate.type.descriptor.sql.BasicBinder -binding parameter [10] as [DATE] - [2026-03-06]
2026-03-06 13:17:56 [http-nio-8082-exec-2] DEBUG org.hibernate.SQL -
    select
        employee0_.id as id1_0_,
        employee0_.age as age2_0_,
        employee0_.date_birth as date_bir3_0_,
        employee0_.first_last_name as first_la4_0_,
        employee0_.first_name as first_na5_0_,
        employee0_.position as position6_0_,
        employee0_.second_last_name as second_l7_0_,
        employee0_.second_name as second_n8_0_,
        employee0_.sex as sex9_0_,
        employee0_.status as status10_0_,
        employee0_.system_registration_date as system_11_0_ 
    from
        employee employee0_
2026-03-06 13:17:56 [http-nio-8082-exec-2] TRACE org.hibernate.type.descriptor.sql.BasicExtractor -extracted value ([id1_0_] : [BIGINT]) - [1]
2026-03-06 13:17:56 [http-nio-8082-exec-2] TRACE org.hibernate.type.descriptor.sql.BasicExtractor -extracted value ([age2_0_] : [INTEGER]) - [0]
2026-03-06 13:17:56 [http-nio-8082-exec-2] TRACE org.hibernate.type.descriptor.sql.BasicExtractor -extracted value ([date_bir3_0_] : [VARCHAR]) - [2026-03-06]
2026-03-06 13:17:56 [http-nio-8082-exec-2] TRACE org.hibernate.type.descriptor.sql.BasicExtractor -extracted value ([first_la4_0_] : [VARCHAR]) - [o]
2026-03-06 13:17:56 [http-nio-8082-exec-2] TRACE org.hibernate.type.descriptor.sql.BasicExtractor -extracted value ([first_na5_0_] : [VARCHAR]) - [h]
2026-03-06 13:17:56 [http-nio-8082-exec-2] TRACE org.hibernate.type.descriptor.sql.BasicExtractor -extracted value ([position6_0_] : [VARCHAR]) - [jefe]
2026-03-06 13:17:56 [http-nio-8082-exec-2] TRACE org.hibernate.type.descriptor.sql.BasicExtractor -extracted value ([second_l7_0_] : [VARCHAR]) - [o]
2026-03-06 13:17:56 [http-nio-8082-exec-2] TRACE org.hibernate.type.descriptor.sql.BasicExtractor -extracted value ([second_n8_0_] : [VARCHAR]) - [h]
2026-03-06 13:17:56 [http-nio-8082-exec-2] TRACE org.hibernate.type.descriptor.sql.BasicExtractor -extracted value ([sex9_0_] : [VARCHAR]) - [M]
2026-03-06 13:17:56 [http-nio-8082-exec-2] TRACE org.hibernate.type.descriptor.sql.BasicExtractor -extracted value ([status10_0_] : [BOOLEAN]) - [true]
2026-03-06 13:17:56 [http-nio-8082-exec-2] TRACE org.hibernate.type.descriptor.sql.BasicExtractor -extracted value ([system_11_0_] : [DATE]) - [2026-03-06]
2026-03-06 13:18:40 [DiscoveryClient-CacheRefreshExecutor-0] INFO  com.netflix.discovery.shared.transport.decorator.RedirectingEurekaHttpClient -Request execution error. endpoint=DefaultEndpoint{ serviceUrl='http://localhost:8761/eureka/} exception=I/O error on GET request for "http://localhost:8761/eureka/apps/delta": Connect to localhost:8761 [localhost/127.0.0.1, localhost/0:0:0:0:0:0:0:1] failed: Connection refused: connect; nested exception is org.apache.http.conn.HttpHostConnectException: Connect to localhost:8761 [localhost/127.0.0.1, localhost/0:0:0:0:0:0:0:1] failed: Connection refused: connect stacktrace=org.springframework.web.client.ResourceAccessException: I/O error on GET request for "http://localhost:8761/eureka/apps/delta": Connect to localhost:8761 [localhost/127.0.0.1, localhost/0:0:0:0:0:0:0:1] failed: Connection refused: connect; nested exception is org.apache.http.conn.HttpHostConnectException: Connect to localhost:8761 [localhost/127.0.0.1, localhost/0:0:0:0:0:0:0:1] failed: Connection refused: connect
	at org.springframework.web.client.RestTemplate.doExecute(RestTemplate.java:791)
	at org.springframework.web.client.RestTemplate.execute(RestTemplate.java:717)
	at org.springframework.web.client.RestTemplate.exchange(RestTemplate.java:608)
	at org.springframework.cloud.netflix.eureka.http.RestTemplateEurekaHttpClient.getApplicationsInternal(RestTemplateEurekaHttpClient.java:145)
	at org.springframework.cloud.netflix.eureka.http.RestTemplateEurekaHttpClient.getDelta(RestTemplateEurekaHttpClient.java:155)
	at com.netflix.discovery.shared.transport.decorator.EurekaHttpClientDecorator$7.execute(EurekaHttpClientDecorator.java:152)
	at com.netflix.discovery.shared.transport.decorator.RedirectingEurekaHttpClient.execute(RedirectingEurekaHttpClient.java:91)
	at com.netflix.discovery.shared.transport.decorator.EurekaHttpClientDecorator.getDelta(EurekaHttpClientDecorator.java:149)
	at com.netflix.discovery.shared.transport.decorator.EurekaHttpClientDecorator$7.execute(EurekaHttpClientDecorator.java:152)
	at com.netflix.discovery.shared.transport.decorator.RetryableEurekaHttpClient.execute(RetryableEurekaHttpClient.java:120)
	at com.netflix.discovery.shared.transport.decorator.EurekaHttpClientDecorator.getDelta(EurekaHttpClientDecorator.java:149)
	at com.netflix.discovery.shared.transport.decorator.EurekaHttpClientDecorator$7.execute(EurekaHttpClientDecorator.java:152)
	at com.netflix.discovery.shared.transport.decorator.SessionedEurekaHttpClient.execute(SessionedEurekaHttpClient.java:77)
	at com.netflix.discovery.shared.transport.decorator.EurekaHttpClientDecorator.getDelta(EurekaHttpClientDecorator.java:149)
	at com.netflix.discovery.DiscoveryClient.getAndUpdateDelta(DiscoveryClient.java:1135)
	at com.netflix.discovery.DiscoveryClient.fetchRegistry(DiscoveryClient.java:1016)
	at com.netflix.discovery.DiscoveryClient.refreshRegistry(DiscoveryClient.java:1531)
	at com.netflix.discovery.DiscoveryClient$CacheRefreshThread.run(DiscoveryClient.java:1498)
	at java.base/java.util.concurrent.Executors$RunnableAdapter.call(Executors.java:572)
	at java.base/java.util.concurrent.FutureTask.run(FutureTask.java:317)
	at java.base/java.util.concurrent.ThreadPoolExecutor.runWorker(ThreadPoolExecutor.java:1144)
	at java.base/java.util.concurrent.ThreadPoolExecutor$Worker.run(ThreadPoolExecutor.java:642)
	at java.base/java.lang.Thread.run(Thread.java:1583)
Caused by: org.apache.http.conn.HttpHostConnectException: Connect to localhost:8761 [localhost/127.0.0.1, localhost/0:0:0:0:0:0:0:1] failed: Connection refused: connect
	at org.apache.http.impl.conn.DefaultHttpClientConnectionOperator.connect(DefaultHttpClientConnectionOperator.java:156)
	at org.apache.http.impl.conn.PoolingHttpClientConnectionManager.connect(PoolingHttpClientConnectionManager.java:376)
	at org.apache.http.impl.execchain.MainClientExec.establishRoute(MainClientExec.java:393)
	at org.apache.http.impl.execchain.MainClientExec.execute(MainClientExec.java:236)
	at org.apache.http.impl.execchain.ProtocolExec.execute(ProtocolExec.java:186)
	at org.apache.http.impl.execchain.RetryExec.execute(RetryExec.java:89)
	at org.apache.http.impl.execchain.RedirectExec.execute(RedirectExec.java:110)
	at org.apache.http.impl.client.InternalHttpClient.doExecute(InternalHttpClient.java:185)
	at org.apache.http.impl.client.CloseableHttpClient.execute(CloseableHttpClient.java:83)
	at org.apache.http.impl.client.CloseableHttpClient.execute(CloseableHttpClient.java:56)
	at org.springframework.http.client.HttpComponentsClientHttpRequest.executeInternal(HttpComponentsClientHttpRequest.java:87)
	at org.springframework.http.client.AbstractBufferingClientHttpRequest.executeInternal(AbstractBufferingClientHttpRequest.java:48)
	at org.springframework.http.client.AbstractClientHttpRequest.execute(AbstractClientHttpRequest.java:66)
	at org.springframework.web.client.RestTemplate.doExecute(RestTemplate.java:782)
	... 22 more
Caused by: java.net.ConnectException: Connection refused: connect
	at java.base/sun.nio.ch.Net.connect0(Native Method)
	at java.base/sun.nio.ch.Net.connect(Net.java:597)
	at java.base/sun.nio.ch.Net.connect(Net.java:586)
	at java.base/sun.nio.ch.NioSocketImpl.connect(NioSocketImpl.java:583)
	at java.base/java.net.SocksSocketImpl.connect(SocksSocketImpl.java:327)
	at java.base/java.net.Socket.connect(Socket.java:751)
	at org.apache.http.conn.socket.PlainConnectionSocketFactory.connectSocket(PlainConnectionSocketFactory.java:75)
	at org.apache.http.impl.conn.DefaultHttpClientConnectionOperator.connect(DefaultHttpClientConnectionOperator.java:142)
	... 35 more

2026-03-06 13:18:40 [DiscoveryClient-CacheRefreshExecutor-0] WARN  com.netflix.discovery.shared.transport.decorator.RetryableEurekaHttpClient -Request execution failed with message: I/O error on GET request for "http://localhost:8761/eureka/apps/delta": Connect to localhost:8761 [localhost/127.0.0.1, localhost/0:0:0:0:0:0:0:1] failed: Connection refused: connect; nested exception is org.apache.http.conn.HttpHostConnectException: Connect to localhost:8761 [localhost/127.0.0.1, localhost/0:0:0:0:0:0:0:1] failed: Connection refused: connect
2026-03-06 13:18:40 [DiscoveryClient-HeartbeatExecutor-0] INFO  com.netflix.discovery.shared.transport.decorator.RedirectingEurekaHttpClient -Request execution error. endpoint=DefaultEndpoint{ serviceUrl='http://localhost:8761/eureka/} exception=I/O error on PUT request for "http://localhost:8761/eureka/apps/MSVC-EMPLOYEE/msvc-employee:4ac52bd754f57a45c3eb93e0f6805ecb": Connect to localhost:8761 [localhost/127.0.0.1, localhost/0:0:0:0:0:0:0:1] failed: Connection refused: connect; nested exception is org.apache.http.conn.HttpHostConnectException: Connect to localhost:8761 [localhost/127.0.0.1, localhost/0:0:0:0:0:0:0:1] failed: Connection refused: connect stacktrace=org.springframework.web.client.ResourceAccessException: I/O error on PUT request for "http://localhost:8761/eureka/apps/MSVC-EMPLOYEE/msvc-employee:4ac52bd754f57a45c3eb93e0f6805ecb": Connect to localhost:8761 [localhost/127.0.0.1, localhost/0:0:0:0:0:0:0:1] failed: Connection refused: connect; nested exception is org.apache.http.conn.HttpHostConnectException: Connect to localhost:8761 [localhost/127.0.0.1, localhost/0:0:0:0:0:0:0:1] failed: Connection refused: connect
	at org.springframework.web.client.RestTemplate.doExecute(RestTemplate.java:791)
	at org.springframework.web.client.RestTemplate.execute(RestTemplate.java:717)
	at org.springframework.web.client.RestTemplate.exchange(RestTemplate.java:608)
	at org.springframework.cloud.netflix.eureka.http.RestTemplateEurekaHttpClient.sendHeartBeat(RestTemplateEurekaHttpClient.java:99)
	at com.netflix.discovery.shared.transport.decorator.EurekaHttpClientDecorator$3.execute(EurekaHttpClientDecorator.java:92)
	at com.netflix.discovery.shared.transport.decorator.RedirectingEurekaHttpClient.execute(RedirectingEurekaHttpClient.java:91)
	at com.netflix.discovery.shared.transport.decorator.EurekaHttpClientDecorator.sendHeartBeat(EurekaHttpClientDecorator.java:89)
	at com.netflix.discovery.shared.transport.decorator.EurekaHttpClientDecorator$3.execute(EurekaHttpClientDecorator.java:92)
	at com.netflix.discovery.shared.transport.decorator.RetryableEurekaHttpClient.execute(RetryableEurekaHttpClient.java:120)
	at com.netflix.discovery.shared.transport.decorator.EurekaHttpClientDecorator.sendHeartBeat(EurekaHttpClientDecorator.java:89)
	at com.netflix.discovery.shared.transport.decorator.EurekaHttpClientDecorator$3.execute(EurekaHttpClientDecorator.java:92)
	at com.netflix.discovery.shared.transport.decorator.SessionedEurekaHttpClient.execute(SessionedEurekaHttpClient.java:77)
	at com.netflix.discovery.shared.transport.decorator.EurekaHttpClientDecorator.sendHeartBeat(EurekaHttpClientDecorator.java:89)
	at com.netflix.discovery.DiscoveryClient.renew(DiscoveryClient.java:893)
	at com.netflix.discovery.DiscoveryClient$HeartbeatThread.run(DiscoveryClient.java:1457)
	at java.base/java.util.concurrent.Executors$RunnableAdapter.call(Executors.java:572)
	at java.base/java.util.concurrent.FutureTask.run(FutureTask.java:317)
	at java.base/java.util.concurrent.ThreadPoolExecutor.runWorker(ThreadPoolExecutor.java:1144)
	at java.base/java.util.concurrent.ThreadPoolExecutor$Worker.run(ThreadPoolExecutor.java:642)
	at java.base/java.lang.Thread.run(Thread.java:1583)
Caused by: org.apache.http.conn.HttpHostConnectException: Connect to localhost:8761 [localhost/127.0.0.1, localhost/0:0:0:0:0:0:0:1] failed: Connection refused: connect
	at org.apache.http.impl.conn.DefaultHttpClientConnectionOperator.connect(DefaultHttpClientConnectionOperator.java:156)
	at org.apache.http.impl.conn.PoolingHttpClientConnectionManager.connect(PoolingHttpClientConnectionManager.java:376)
	at org.apache.http.impl.execchain.MainClientExec.establishRoute(MainClientExec.java:393)
	at org.apache.http.impl.execchain.MainClientExec.execute(MainClientExec.java:236)
	at org.apache.http.impl.execchain.ProtocolExec.execute(ProtocolExec.java:186)
	at org.apache.http.impl.execchain.RetryExec.execute(RetryExec.java:89)
	at org.apache.http.impl.execchain.RedirectExec.execute(RedirectExec.java:110)
	at org.apache.http.impl.client.InternalHttpClient.doExecute(InternalHttpClient.java:185)
	at org.apache.http.impl.client.CloseableHttpClient.execute(CloseableHttpClient.java:83)
	at org.apache.http.impl.client.CloseableHttpClient.execute(CloseableHttpClient.java:56)
	at org.springframework.http.client.HttpComponentsClientHttpRequest.executeInternal(HttpComponentsClientHttpRequest.java:87)
	at org.springframework.http.client.AbstractBufferingClientHttpRequest.executeInternal(AbstractBufferingClientHttpRequest.java:48)
	at org.springframework.http.client.AbstractClientHttpRequest.execute(AbstractClientHttpRequest.java:66)
	at org.springframework.web.client.RestTemplate.doExecute(RestTemplate.java:782)
	... 19 more
Caused by: java.net.ConnectException: Connection refused: connect
	at java.base/sun.nio.ch.Net.connect0(Native Method)
	at java.base/sun.nio.ch.Net.connect(Net.java:597)
	at java.base/sun.nio.ch.Net.connect(Net.java:586)
	at java.base/sun.nio.ch.NioSocketImpl.connect(NioSocketImpl.java:583)
	at java.base/java.net.SocksSocketImpl.connect(SocksSocketImpl.java:327)
	at java.base/java.net.Socket.connect(Socket.java:751)
	at org.apache.http.conn.socket.PlainConnectionSocketFactory.connectSocket(PlainConnectionSocketFactory.java:75)
	at org.apache.http.impl.conn.DefaultHttpClientConnectionOperator.connect(DefaultHttpClientConnectionOperator.java:142)
	... 32 more

2026-03-06 13:18:40 [DiscoveryClient-HeartbeatExecutor-0] WARN  com.netflix.discovery.shared.transport.decorator.RetryableEurekaHttpClient -Request execution failed with message: I/O error on PUT request for "http://localhost:8761/eureka/apps/MSVC-EMPLOYEE/msvc-employee:4ac52bd754f57a45c3eb93e0f6805ecb": Connect to localhost:8761 [localhost/127.0.0.1, localhost/0:0:0:0:0:0:0:1] failed: Connection refused: connect; nested exception is org.apache.http.conn.HttpHostConnectException: Connect to localhost:8761 [localhost/127.0.0.1, localhost/0:0:0:0:0:0:0:1] failed: Connection refused: connect
2026-03-06 13:18:40 [DiscoveryClient-CacheRefreshExecutor-0] INFO  com.netflix.discovery.shared.transport.decorator.RedirectingEurekaHttpClient -Request execution error. endpoint=DefaultEndpoint{ serviceUrl='http://localhost:8761/eureka/}, exception=I/O error on GET request for "http://localhost:8761/eureka/apps/delta": Connect to localhost:8761 [localhost/127.0.0.1, localhost/0:0:0:0:0:0:0:1] failed: Connection refused: connect; nested exception is org.apache.http.conn.HttpHostConnectException: Connect to localhost:8761 [localhost/127.0.0.1, localhost/0:0:0:0:0:0:0:1] failed: Connection refused: connect stacktrace=org.springframework.web.client.ResourceAccessException: I/O error on GET request for "http://localhost:8761/eureka/apps/delta": Connect to localhost:8761 [localhost/127.0.0.1, localhost/0:0:0:0:0:0:0:1] failed: Connection refused: connect; nested exception is org.apache.http.conn.HttpHostConnectException: Connect to localhost:8761 [localhost/127.0.0.1, localhost/0:0:0:0:0:0:0:1] failed: Connection refused: connect
	at org.springframework.web.client.RestTemplate.doExecute(RestTemplate.java:791)
	at org.springframework.web.client.RestTemplate.execute(RestTemplate.java:717)
	at org.springframework.web.client.RestTemplate.exchange(RestTemplate.java:608)
	at org.springframework.cloud.netflix.eureka.http.RestTemplateEurekaHttpClient.getApplicationsInternal(RestTemplateEurekaHttpClient.java:145)
	at org.springframework.cloud.netflix.eureka.http.RestTemplateEurekaHttpClient.getDelta(RestTemplateEurekaHttpClient.java:155)
	at com.netflix.discovery.shared.transport.decorator.EurekaHttpClientDecorator$7.execute(EurekaHttpClientDecorator.java:152)
	at com.netflix.discovery.shared.transport.decorator.RedirectingEurekaHttpClient.executeOnNewServer(RedirectingEurekaHttpClient.java:121)
	at com.netflix.discovery.shared.transport.decorator.RedirectingEurekaHttpClient.execute(RedirectingEurekaHttpClient.java:80)
	at com.netflix.discovery.shared.transport.decorator.EurekaHttpClientDecorator.getDelta(EurekaHttpClientDecorator.java:149)
	at com.netflix.discovery.shared.transport.decorator.EurekaHttpClientDecorator$7.execute(EurekaHttpClientDecorator.java:152)
	at com.netflix.discovery.shared.transport.decorator.RetryableEurekaHttpClient.execute(RetryableEurekaHttpClient.java:120)
	at com.netflix.discovery.shared.transport.decorator.EurekaHttpClientDecorator.getDelta(EurekaHttpClientDecorator.java:149)
	at com.netflix.discovery.shared.transport.decorator.EurekaHttpClientDecorator$7.execute(EurekaHttpClientDecorator.java:152)
	at com.netflix.discovery.shared.transport.decorator.SessionedEurekaHttpClient.execute(SessionedEurekaHttpClient.java:77)
	at com.netflix.discovery.shared.transport.decorator.EurekaHttpClientDecorator.getDelta(EurekaHttpClientDecorator.java:149)
	at com.netflix.discovery.DiscoveryClient.getAndUpdateDelta(DiscoveryClient.java:1135)
	at com.netflix.discovery.DiscoveryClient.fetchRegistry(DiscoveryClient.java:1016)
	at com.netflix.discovery.DiscoveryClient.refreshRegistry(DiscoveryClient.java:1531)
	at com.netflix.discovery.DiscoveryClient$CacheRefreshThread.run(DiscoveryClient.java:1498)
	at java.base/java.util.concurrent.Executors$RunnableAdapter.call(Executors.java:572)
	at java.base/java.util.concurrent.FutureTask.run(FutureTask.java:317)
	at java.base/java.util.concurrent.ThreadPoolExecutor.runWorker(ThreadPoolExecutor.java:1144)
	at java.base/java.util.concurrent.ThreadPoolExecutor$Worker.run(ThreadPoolExecutor.java:642)
	at java.base/java.lang.Thread.run(Thread.java:1583)
Caused by: org.apache.http.conn.HttpHostConnectException: Connect to localhost:8761 [localhost/127.0.0.1, localhost/0:0:0:0:0:0:0:1] failed: Connection refused: connect
	at org.apache.http.impl.conn.DefaultHttpClientConnectionOperator.connect(DefaultHttpClientConnectionOperator.java:156)
	at org.apache.http.impl.conn.PoolingHttpClientConnectionManager.connect(PoolingHttpClientConnectionManager.java:376)
	at org.apache.http.impl.execchain.MainClientExec.establishRoute(MainClientExec.java:393)
	at org.apache.http.impl.execchain.MainClientExec.execute(MainClientExec.java:236)
	at org.apache.http.impl.execchain.ProtocolExec.execute(ProtocolExec.java:186)
	at org.apache.http.impl.execchain.RetryExec.execute(RetryExec.java:89)
	at org.apache.http.impl.execchain.RedirectExec.execute(RedirectExec.java:110)
	at org.apache.http.impl.client.InternalHttpClient.doExecute(InternalHttpClient.java:185)
	at org.apache.http.impl.client.CloseableHttpClient.execute(CloseableHttpClient.java:83)
	at org.apache.http.impl.client.CloseableHttpClient.execute(CloseableHttpClient.java:56)
	at org.springframework.http.client.HttpComponentsClientHttpRequest.executeInternal(HttpComponentsClientHttpRequest.java:87)
	at org.springframework.http.client.AbstractBufferingClientHttpRequest.executeInternal(AbstractBufferingClientHttpRequest.java:48)
	at org.springframework.http.client.AbstractClientHttpRequest.execute(AbstractClientHttpRequest.java:66)
	at org.springframework.web.client.RestTemplate.doExecute(RestTemplate.java:782)
	... 23 more
Caused by: java.net.ConnectException: Connection refused: connect
	at java.base/sun.nio.ch.Net.connect0(Native Method)
	at java.base/sun.nio.ch.Net.connect(Net.java:597)
	at java.base/sun.nio.ch.Net.connect(Net.java:586)
	at java.base/sun.nio.ch.NioSocketImpl.connect(NioSocketImpl.java:583)
	at java.base/java.net.SocksSocketImpl.connect(SocksSocketImpl.java:327)
	at java.base/java.net.Socket.connect(Socket.java:751)
	at org.apache.http.conn.socket.PlainConnectionSocketFactory.connectSocket(PlainConnectionSocketFactory.java:75)
	at org.apache.http.impl.conn.DefaultHttpClientConnectionOperator.connect(DefaultHttpClientConnectionOperator.java:142)
	... 36 more

2026-03-06 13:18:40 [DiscoveryClient-CacheRefreshExecutor-0] WARN  com.netflix.discovery.shared.transport.decorator.RetryableEurekaHttpClient -Request execution failed with message: I/O error on GET request for "http://localhost:8761/eureka/apps/delta": Connect to localhost:8761 [localhost/127.0.0.1, localhost/0:0:0:0:0:0:0:1] failed: Connection refused: connect; nested exception is org.apache.http.conn.HttpHostConnectException: Connect to localhost:8761 [localhost/127.0.0.1, localhost/0:0:0:0:0:0:0:1] failed: Connection refused: connect
2026-03-06 13:18:40 [DiscoveryClient-CacheRefreshExecutor-0] INFO  com.netflix.discovery.DiscoveryClient -DiscoveryClient_MSVC-EMPLOYEE/msvc-employee:4ac52bd754f57a45c3eb93e0f6805ecb - was unable to refresh its cache! This periodic background refresh will be retried in 30 seconds. status = Cannot execute request on any known server stacktrace = com.netflix.discovery.shared.transport.TransportException: Cannot execute request on any known server
	at com.netflix.discovery.shared.transport.decorator.RetryableEurekaHttpClient.execute(RetryableEurekaHttpClient.java:112)
	at com.netflix.discovery.shared.transport.decorator.EurekaHttpClientDecorator.getDelta(EurekaHttpClientDecorator.java:149)
	at com.netflix.discovery.shared.transport.decorator.EurekaHttpClientDecorator$7.execute(EurekaHttpClientDecorator.java:152)
	at com.netflix.discovery.shared.transport.decorator.SessionedEurekaHttpClient.execute(SessionedEurekaHttpClient.java:77)
	at com.netflix.discovery.shared.transport.decorator.EurekaHttpClientDecorator.getDelta(EurekaHttpClientDecorator.java:149)
	at com.netflix.discovery.DiscoveryClient.getAndUpdateDelta(DiscoveryClient.java:1135)
	at com.netflix.discovery.DiscoveryClient.fetchRegistry(DiscoveryClient.java:1016)
	at com.netflix.discovery.DiscoveryClient.refreshRegistry(DiscoveryClient.java:1531)
	at com.netflix.discovery.DiscoveryClient$CacheRefreshThread.run(DiscoveryClient.java:1498)
	at java.base/java.util.concurrent.Executors$RunnableAdapter.call(Executors.java:572)
	at java.base/java.util.concurrent.FutureTask.run(FutureTask.java:317)
	at java.base/java.util.concurrent.ThreadPoolExecutor.runWorker(ThreadPoolExecutor.java:1144)
	at java.base/java.util.concurrent.ThreadPoolExecutor$Worker.run(ThreadPoolExecutor.java:642)
	at java.base/java.lang.Thread.run(Thread.java:1583)

2026-03-06 13:18:40 [DiscoveryClient-HeartbeatExecutor-0] INFO  com.netflix.discovery.shared.transport.decorator.RedirectingEurekaHttpClient -Request execution error. endpoint=DefaultEndpoint{ serviceUrl='http://localhost:8761/eureka/}, exception=I/O error on PUT request for "http://localhost:8761/eureka/apps/MSVC-EMPLOYEE/msvc-employee:4ac52bd754f57a45c3eb93e0f6805ecb": Connect to localhost:8761 [localhost/127.0.0.1, localhost/0:0:0:0:0:0:0:1] failed: Connection refused: connect; nested exception is org.apache.http.conn.HttpHostConnectException: Connect to localhost:8761 [localhost/127.0.0.1, localhost/0:0:0:0:0:0:0:1] failed: Connection refused: connect stacktrace=org.springframework.web.client.ResourceAccessException: I/O error on PUT request for "http://localhost:8761/eureka/apps/MSVC-EMPLOYEE/msvc-employee:4ac52bd754f57a45c3eb93e0f6805ecb": Connect to localhost:8761 [localhost/127.0.0.1, localhost/0:0:0:0:0:0:0:1] failed: Connection refused: connect; nested exception is org.apache.http.conn.HttpHostConnectException: Connect to localhost:8761 [localhost/127.0.0.1, localhost/0:0:0:0:0:0:0:1] failed: Connection refused: connect
	at org.springframework.web.client.RestTemplate.doExecute(RestTemplate.java:791)
	at org.springframework.web.client.RestTemplate.execute(RestTemplate.java:717)
	at org.springframework.web.client.RestTemplate.exchange(RestTemplate.java:608)
	at org.springframework.cloud.netflix.eureka.http.RestTemplateEurekaHttpClient.sendHeartBeat(RestTemplateEurekaHttpClient.java:99)
	at com.netflix.discovery.shared.transport.decorator.EurekaHttpClientDecorator$3.execute(EurekaHttpClientDecorator.java:92)
	at com.netflix.discovery.shared.transport.decorator.RedirectingEurekaHttpClient.executeOnNewServer(RedirectingEurekaHttpClient.java:121)
	at com.netflix.discovery.shared.transport.decorator.RedirectingEurekaHttpClient.execute(RedirectingEurekaHttpClient.java:80)
	at com.netflix.discovery.shared.transport.decorator.EurekaHttpClientDecorator.sendHeartBeat(EurekaHttpClientDecorator.java:89)
	at com.netflix.discovery.shared.transport.decorator.EurekaHttpClientDecorator$3.execute(EurekaHttpClientDecorator.java:92)
	at com.netflix.discovery.shared.transport.decorator.RetryableEurekaHttpClient.execute(RetryableEurekaHttpClient.java:120)
	at com.netflix.discovery.shared.transport.decorator.EurekaHttpClientDecorator.sendHeartBeat(EurekaHttpClientDecorator.java:89)
	at com.netflix.discovery.shared.transport.decorator.EurekaHttpClientDecorator$3.execute(EurekaHttpClientDecorator.java:92)
	at com.netflix.discovery.shared.transport.decorator.SessionedEurekaHttpClient.execute(SessionedEurekaHttpClient.java:77)
	at com.netflix.discovery.shared.transport.decorator.EurekaHttpClientDecorator.sendHeartBeat(EurekaHttpClientDecorator.java:89)
	at com.netflix.discovery.DiscoveryClient.renew(DiscoveryClient.java:893)
	at com.netflix.discovery.DiscoveryClient$HeartbeatThread.run(DiscoveryClient.java:1457)
	at java.base/java.util.concurrent.Executors$RunnableAdapter.call(Executors.java:572)
	at java.base/java.util.concurrent.FutureTask.run(FutureTask.java:317)
	at java.base/java.util.concurrent.ThreadPoolExecutor.runWorker(ThreadPoolExecutor.java:1144)
	at java.base/java.util.concurrent.ThreadPoolExecutor$Worker.run(ThreadPoolExecutor.java:642)
	at java.base/java.lang.Thread.run(Thread.java:1583)
Caused by: org.apache.http.conn.HttpHostConnectException: Connect to localhost:8761 [localhost/127.0.0.1, localhost/0:0:0:0:0:0:0:1] failed: Connection refused: connect
	at org.apache.http.impl.conn.DefaultHttpClientConnectionOperator.connect(DefaultHttpClientConnectionOperator.java:156)
	at org.apache.http.impl.conn.PoolingHttpClientConnectionManager.connect(PoolingHttpClientConnectionManager.java:376)
	at org.apache.http.impl.execchain.MainClientExec.establishRoute(MainClientExec.java:393)
	at org.apache.http.impl.execchain.MainClientExec.execute(MainClientExec.java:236)
	at org.apache.http.impl.execchain.ProtocolExec.execute(ProtocolExec.java:186)
	at org.apache.http.impl.execchain.RetryExec.execute(RetryExec.java:89)
	at org.apache.http.impl.execchain.RedirectExec.execute(RedirectExec.java:110)
	at org.apache.http.impl.client.InternalHttpClient.doExecute(InternalHttpClient.java:185)
	at org.apache.http.impl.client.CloseableHttpClient.execute(CloseableHttpClient.java:83)
	at org.apache.http.impl.client.CloseableHttpClient.execute(CloseableHttpClient.java:56)
	at org.springframework.http.client.HttpComponentsClientHttpRequest.executeInternal(HttpComponentsClientHttpRequest.java:87)
	at org.springframework.http.client.AbstractBufferingClientHttpRequest.executeInternal(AbstractBufferingClientHttpRequest.java:48)
	at org.springframework.http.client.AbstractClientHttpRequest.execute(AbstractClientHttpRequest.java:66)
	at org.springframework.web.client.RestTemplate.doExecute(RestTemplate.java:782)
	... 20 more
Caused by: java.net.ConnectException: Connection refused: connect
	at java.base/sun.nio.ch.Net.connect0(Native Method)
	at java.base/sun.nio.ch.Net.connect(Net.java:597)
	at java.base/sun.nio.ch.Net.connect(Net.java:586)
	at java.base/sun.nio.ch.NioSocketImpl.connect(NioSocketImpl.java:583)
	at java.base/java.net.SocksSocketImpl.connect(SocksSocketImpl.java:327)
	at java.base/java.net.Socket.connect(Socket.java:751)
	at org.apache.http.conn.socket.PlainConnectionSocketFactory.connectSocket(PlainConnectionSocketFactory.java:75)
	at org.apache.http.impl.conn.DefaultHttpClientConnectionOperator.connect(DefaultHttpClientConnectionOperator.java:142)
	... 33 more

2026-03-06 13:18:40 [DiscoveryClient-HeartbeatExecutor-0] WARN  com.netflix.discovery.shared.transport.decorator.RetryableEurekaHttpClient -Request execution failed with message: I/O error on PUT request for "http://localhost:8761/eureka/apps/MSVC-EMPLOYEE/msvc-employee:4ac52bd754f57a45c3eb93e0f6805ecb": Connect to localhost:8761 [localhost/127.0.0.1, localhost/0:0:0:0:0:0:0:1] failed: Connection refused: connect; nested exception is org.apache.http.conn.HttpHostConnectException: Connect to localhost:8761 [localhost/127.0.0.1, localhost/0:0:0:0:0:0:0:1] failed: Connection refused: connect
2026-03-06 13:18:40 [DiscoveryClient-HeartbeatExecutor-0] ERROR com.netflix.discovery.DiscoveryClient -DiscoveryClient_MSVC-EMPLOYEE/msvc-employee:4ac52bd754f57a45c3eb93e0f6805ecb - was unable to send heartbeat!
com.netflix.discovery.shared.transport.TransportException: Cannot execute request on any known server
	at com.netflix.discovery.shared.transport.decorator.RetryableEurekaHttpClient.execute(RetryableEurekaHttpClient.java:112)
	at com.netflix.discovery.shared.transport.decorator.EurekaHttpClientDecorator.sendHeartBeat(EurekaHttpClientDecorator.java:89)
	at com.netflix.discovery.shared.transport.decorator.EurekaHttpClientDecorator$3.execute(EurekaHttpClientDecorator.java:92)
	at com.netflix.discovery.shared.transport.decorator.SessionedEurekaHttpClient.execute(SessionedEurekaHttpClient.java:77)
	at com.netflix.discovery.shared.transport.decorator.EurekaHttpClientDecorator.sendHeartBeat(EurekaHttpClientDecorator.java:89)
	at com.netflix.discovery.DiscoveryClient.renew(DiscoveryClient.java:893)
	at com.netflix.discovery.DiscoveryClient$HeartbeatThread.run(DiscoveryClient.java:1457)
	at java.base/java.util.concurrent.Executors$RunnableAdapter.call(Executors.java:572)
	at java.base/java.util.concurrent.FutureTask.run(FutureTask.java:317)
	at java.base/java.util.concurrent.ThreadPoolExecutor.runWorker(ThreadPoolExecutor.java:1144)
	at java.base/java.util.concurrent.ThreadPoolExecutor$Worker.run(ThreadPoolExecutor.java:642)
	at java.base/java.lang.Thread.run(Thread.java:1583)
2026-03-06 13:19:10 [DiscoveryClient-CacheRefreshExecutor-0] INFO  com.netflix.discovery.shared.transport.decorator.RedirectingEurekaHttpClient -Request execution error. endpoint=DefaultEndpoint{ serviceUrl='http://localhost:8761/eureka/}, exception=I/O error on GET request for "http://localhost:8761/eureka/apps/delta": Connect to localhost:8761 [localhost/127.0.0.1, localhost/0:0:0:0:0:0:0:1] failed: Connection refused: connect; nested exception is org.apache.http.conn.HttpHostConnectException: Connect to localhost:8761 [localhost/127.0.0.1, localhost/0:0:0:0:0:0:0:1] failed: Connection refused: connect stacktrace=org.springframework.web.client.ResourceAccessException: I/O error on GET request for "http://localhost:8761/eureka/apps/delta": Connect to localhost:8761 [localhost/127.0.0.1, localhost/0:0:0:0:0:0:0:1] failed: Connection refused: connect; nested exception is org.apache.http.conn.HttpHostConnectException: Connect to localhost:8761 [localhost/127.0.0.1, localhost/0:0:0:0:0:0:0:1] failed: Connection refused: connect
	at org.springframework.web.client.RestTemplate.doExecute(RestTemplate.java:791)
	at org.springframework.web.client.RestTemplate.execute(RestTemplate.java:717)
	at org.springframework.web.client.RestTemplate.exchange(RestTemplate.java:608)
	at org.springframework.cloud.netflix.eureka.http.RestTemplateEurekaHttpClient.getApplicationsInternal(RestTemplateEurekaHttpClient.java:145)
	at org.springframework.cloud.netflix.eureka.http.RestTemplateEurekaHttpClient.getDelta(RestTemplateEurekaHttpClient.java:155)
	at com.netflix.discovery.shared.transport.decorator.EurekaHttpClientDecorator$7.execute(EurekaHttpClientDecorator.java:152)
	at com.netflix.discovery.shared.transport.decorator.RedirectingEurekaHttpClient.executeOnNewServer(RedirectingEurekaHttpClient.java:121)
	at com.netflix.discovery.shared.transport.decorator.RedirectingEurekaHttpClient.execute(RedirectingEurekaHttpClient.java:80)
	at com.netflix.discovery.shared.transport.decorator.EurekaHttpClientDecorator.getDelta(EurekaHttpClientDecorator.java:149)
	at com.netflix.discovery.shared.transport.decorator.EurekaHttpClientDecorator$7.execute(EurekaHttpClientDecorator.java:152)
	at com.netflix.discovery.shared.transport.decorator.RetryableEurekaHttpClient.execute(RetryableEurekaHttpClient.java:120)
	at com.netflix.discovery.shared.transport.decorator.EurekaHttpClientDecorator.getDelta(EurekaHttpClientDecorator.java:149)
	at com.netflix.discovery.shared.transport.decorator.EurekaHttpClientDecorator$7.execute(EurekaHttpClientDecorator.java:152)
	at com.netflix.discovery.shared.transport.decorator.SessionedEurekaHttpClient.execute(SessionedEurekaHttpClient.java:77)
	at com.netflix.discovery.shared.transport.decorator.EurekaHttpClientDecorator.getDelta(EurekaHttpClientDecorator.java:149)
	at com.netflix.discovery.DiscoveryClient.getAndUpdateDelta(DiscoveryClient.java:1135)
	at com.netflix.discovery.DiscoveryClient.fetchRegistry(DiscoveryClient.java:1016)
	at com.netflix.discovery.DiscoveryClient.refreshRegistry(DiscoveryClient.java:1531)
	at com.netflix.discovery.DiscoveryClient$CacheRefreshThread.run(DiscoveryClient.java:1498)
	at java.base/java.util.concurrent.Executors$RunnableAdapter.call(Executors.java:572)
	at java.base/java.util.concurrent.FutureTask.run(FutureTask.java:317)
	at java.base/java.util.concurrent.ThreadPoolExecutor.runWorker(ThreadPoolExecutor.java:1144)
	at java.base/java.util.concurrent.ThreadPoolExecutor$Worker.run(ThreadPoolExecutor.java:642)
	at java.base/java.lang.Thread.run(Thread.java:1583)
Caused by: org.apache.http.conn.HttpHostConnectException: Connect to localhost:8761 [localhost/127.0.0.1, localhost/0:0:0:0:0:0:0:1] failed: Connection refused: connect
	at org.apache.http.impl.conn.DefaultHttpClientConnectionOperator.connect(DefaultHttpClientConnectionOperator.java:156)
	at org.apache.http.impl.conn.PoolingHttpClientConnectionManager.connect(PoolingHttpClientConnectionManager.java:376)
	at org.apache.http.impl.execchain.MainClientExec.establishRoute(MainClientExec.java:393)
	at org.apache.http.impl.execchain.MainClientExec.execute(MainClientExec.java:236)
	at org.apache.http.impl.execchain.ProtocolExec.execute(ProtocolExec.java:186)
	at org.apache.http.impl.execchain.RetryExec.execute(RetryExec.java:89)
	at org.apache.http.impl.execchain.RedirectExec.execute(RedirectExec.java:110)
	at org.apache.http.impl.client.InternalHttpClient.doExecute(InternalHttpClient.java:185)
	at org.apache.http.impl.client.CloseableHttpClient.execute(CloseableHttpClient.java:83)
	at org.apache.http.impl.client.CloseableHttpClient.execute(CloseableHttpClient.java:56)
	at org.springframework.http.client.HttpComponentsClientHttpRequest.executeInternal(HttpComponentsClientHttpRequest.java:87)
	at org.springframework.http.client.AbstractBufferingClientHttpRequest.executeInternal(AbstractBufferingClientHttpRequest.java:48)
	at org.springframework.http.client.AbstractClientHttpRequest.execute(AbstractClientHttpRequest.java:66)
	at org.springframework.web.client.RestTemplate.doExecute(RestTemplate.java:782)
	... 23 more
Caused by: java.net.ConnectException: Connection refused: connect
	at java.base/sun.nio.ch.Net.connect0(Native Method)
	at java.base/sun.nio.ch.Net.connect(Net.java:597)
	at java.base/sun.nio.ch.Net.connect(Net.java:586)
	at java.base/sun.nio.ch.NioSocketImpl.connect(NioSocketImpl.java:583)
	at java.base/java.net.SocksSocketImpl.connect(SocksSocketImpl.java:327)
	at java.base/java.net.Socket.connect(Socket.java:751)
	at org.apache.http.conn.socket.PlainConnectionSocketFactory.connectSocket(PlainConnectionSocketFactory.java:75)
	at org.apache.http.impl.conn.DefaultHttpClientConnectionOperator.connect(DefaultHttpClientConnectionOperator.java:142)
	... 36 more

2026-03-06 13:19:10 [DiscoveryClient-CacheRefreshExecutor-0] WARN  com.netflix.discovery.shared.transport.decorator.RetryableEurekaHttpClient -Request execution failed with message: I/O error on GET request for "http://localhost:8761/eureka/apps/delta": Connect to localhost:8761 [localhost/127.0.0.1, localhost/0:0:0:0:0:0:0:1] failed: Connection refused: connect; nested exception is org.apache.http.conn.HttpHostConnectException: Connect to localhost:8761 [localhost/127.0.0.1, localhost/0:0:0:0:0:0:0:1] failed: Connection refused: connect
2026-03-06 13:19:10 [DiscoveryClient-CacheRefreshExecutor-0] INFO  com.netflix.discovery.DiscoveryClient -DiscoveryClient_MSVC-EMPLOYEE/msvc-employee:4ac52bd754f57a45c3eb93e0f6805ecb - was unable to refresh its cache! This periodic background refresh will be retried in 30 seconds. status = Cannot execute request on any known server stacktrace = com.netflix.discovery.shared.transport.TransportException: Cannot execute request on any known server
	at com.netflix.discovery.shared.transport.decorator.RetryableEurekaHttpClient.execute(RetryableEurekaHttpClient.java:112)
	at com.netflix.discovery.shared.transport.decorator.EurekaHttpClientDecorator.getDelta(EurekaHttpClientDecorator.java:149)
	at com.netflix.discovery.shared.transport.decorator.EurekaHttpClientDecorator$7.execute(EurekaHttpClientDecorator.java:152)
	at com.netflix.discovery.shared.transport.decorator.SessionedEurekaHttpClient.execute(SessionedEurekaHttpClient.java:77)
	at com.netflix.discovery.shared.transport.decorator.EurekaHttpClientDecorator.getDelta(EurekaHttpClientDecorator.java:149)
	at com.netflix.discovery.DiscoveryClient.getAndUpdateDelta(DiscoveryClient.java:1135)
	at com.netflix.discovery.DiscoveryClient.fetchRegistry(DiscoveryClient.java:1016)
	at com.netflix.discovery.DiscoveryClient.refreshRegistry(DiscoveryClient.java:1531)
	at com.netflix.discovery.DiscoveryClient$CacheRefreshThread.run(DiscoveryClient.java:1498)
	at java.base/java.util.concurrent.Executors$RunnableAdapter.call(Executors.java:572)
	at java.base/java.util.concurrent.FutureTask.run(FutureTask.java:317)
	at java.base/java.util.concurrent.ThreadPoolExecutor.runWorker(ThreadPoolExecutor.java:1144)
	at java.base/java.util.concurrent.ThreadPoolExecutor$Worker.run(ThreadPoolExecutor.java:642)
	at java.base/java.lang.Thread.run(Thread.java:1583)

2026-03-06 13:19:10 [DiscoveryClient-HeartbeatExecutor-0] INFO  com.netflix.discovery.shared.transport.decorator.RedirectingEurekaHttpClient -Request execution error. endpoint=DefaultEndpoint{ serviceUrl='http://localhost:8761/eureka/}, exception=I/O error on PUT request for "http://localhost:8761/eureka/apps/MSVC-EMPLOYEE/msvc-employee:4ac52bd754f57a45c3eb93e0f6805ecb": Connect to localhost:8761 [localhost/127.0.0.1, localhost/0:0:0:0:0:0:0:1] failed: Connection refused: connect; nested exception is org.apache.http.conn.HttpHostConnectException: Connect to localhost:8761 [localhost/127.0.0.1, localhost/0:0:0:0:0:0:0:1] failed: Connection refused: connect stacktrace=org.springframework.web.client.ResourceAccessException: I/O error on PUT request for "http://localhost:8761/eureka/apps/MSVC-EMPLOYEE/msvc-employee:4ac52bd754f57a45c3eb93e0f6805ecb": Connect to localhost:8761 [localhost/127.0.0.1, localhost/0:0:0:0:0:0:0:1] failed: Connection refused: connect; nested exception is org.apache.http.conn.HttpHostConnectException: Connect to localhost:8761 [localhost/127.0.0.1, localhost/0:0:0:0:0:0:0:1] failed: Connection refused: connect
	at org.springframework.web.client.RestTemplate.doExecute(RestTemplate.java:791)
	at org.springframework.web.client.RestTemplate.execute(RestTemplate.java:717)
	at org.springframework.web.client.RestTemplate.exchange(RestTemplate.java:608)
	at org.springframework.cloud.netflix.eureka.http.RestTemplateEurekaHttpClient.sendHeartBeat(RestTemplateEurekaHttpClient.java:99)
	at com.netflix.discovery.shared.transport.decorator.EurekaHttpClientDecorator$3.execute(EurekaHttpClientDecorator.java:92)
	at com.netflix.discovery.shared.transport.decorator.RedirectingEurekaHttpClient.executeOnNewServer(RedirectingEurekaHttpClient.java:121)
	at com.netflix.discovery.shared.transport.decorator.RedirectingEurekaHttpClient.execute(RedirectingEurekaHttpClient.java:80)
	at com.netflix.discovery.shared.transport.decorator.EurekaHttpClientDecorator.sendHeartBeat(EurekaHttpClientDecorator.java:89)
	at com.netflix.discovery.shared.transport.decorator.EurekaHttpClientDecorator$3.execute(EurekaHttpClientDecorator.java:92)
	at com.netflix.discovery.shared.transport.decorator.RetryableEurekaHttpClient.execute(RetryableEurekaHttpClient.java:120)
	at com.netflix.discovery.shared.transport.decorator.EurekaHttpClientDecorator.sendHeartBeat(EurekaHttpClientDecorator.java:89)
	at com.netflix.discovery.shared.transport.decorator.EurekaHttpClientDecorator$3.execute(EurekaHttpClientDecorator.java:92)
	at com.netflix.discovery.shared.transport.decorator.SessionedEurekaHttpClient.execute(SessionedEurekaHttpClient.java:77)
	at com.netflix.discovery.shared.transport.decorator.EurekaHttpClientDecorator.sendHeartBeat(EurekaHttpClientDecorator.java:89)
	at com.netflix.discovery.DiscoveryClient.renew(DiscoveryClient.java:893)
	at com.netflix.discovery.DiscoveryClient$HeartbeatThread.run(DiscoveryClient.java:1457)
	at java.base/java.util.concurrent.Executors$RunnableAdapter.call(Executors.java:572)
	at java.base/java.util.concurrent.FutureTask.run(FutureTask.java:317)
	at java.base/java.util.concurrent.ThreadPoolExecutor.runWorker(ThreadPoolExecutor.java:1144)
	at java.base/java.util.concurrent.ThreadPoolExecutor$Worker.run(ThreadPoolExecutor.java:642)
	at java.base/java.lang.Thread.run(Thread.java:1583)
Caused by: org.apache.http.conn.HttpHostConnectException: Connect to localhost:8761 [localhost/127.0.0.1, localhost/0:0:0:0:0:0:0:1] failed: Connection refused: connect
	at org.apache.http.impl.conn.DefaultHttpClientConnectionOperator.connect(DefaultHttpClientConnectionOperator.java:156)
	at org.apache.http.impl.conn.PoolingHttpClientConnectionManager.connect(PoolingHttpClientConnectionManager.java:376)
	at org.apache.http.impl.execchain.MainClientExec.establishRoute(MainClientExec.java:393)
	at org.apache.http.impl.execchain.MainClientExec.execute(MainClientExec.java:236)
	at org.apache.http.impl.execchain.ProtocolExec.execute(ProtocolExec.java:186)
	at org.apache.http.impl.execchain.RetryExec.execute(RetryExec.java:89)
	at org.apache.http.impl.execchain.RedirectExec.execute(RedirectExec.java:110)
	at org.apache.http.impl.client.InternalHttpClient.doExecute(InternalHttpClient.java:185)
	at org.apache.http.impl.client.CloseableHttpClient.execute(CloseableHttpClient.java:83)
	at org.apache.http.impl.client.CloseableHttpClient.execute(CloseableHttpClient.java:56)
	at org.springframework.http.client.HttpComponentsClientHttpRequest.executeInternal(HttpComponentsClientHttpRequest.java:87)
	at org.springframework.http.client.AbstractBufferingClientHttpRequest.executeInternal(AbstractBufferingClientHttpRequest.java:48)
	at org.springframework.http.client.AbstractClientHttpRequest.execute(AbstractClientHttpRequest.java:66)
	at org.springframework.web.client.RestTemplate.doExecute(RestTemplate.java:782)
	... 20 more
Caused by: java.net.ConnectException: Connection refused: connect
	at java.base/sun.nio.ch.Net.connect0(Native Method)
	at java.base/sun.nio.ch.Net.connect(Net.java:597)
	at java.base/sun.nio.ch.Net.connect(Net.java:586)
	at java.base/sun.nio.ch.NioSocketImpl.connect(NioSocketImpl.java:583)
	at java.base/java.net.SocksSocketImpl.connect(SocksSocketImpl.java:327)
	at java.base/java.net.Socket.connect(Socket.java:751)
	at org.apache.http.conn.socket.PlainConnectionSocketFactory.connectSocket(PlainConnectionSocketFactory.java:75)
	at org.apache.http.impl.conn.DefaultHttpClientConnectionOperator.connect(DefaultHttpClientConnectionOperator.java:142)
	... 33 more

2026-03-06 13:19:10 [DiscoveryClient-HeartbeatExecutor-0] WARN  com.netflix.discovery.shared.transport.decorator.RetryableEurekaHttpClient -Request execution failed with message: I/O error on PUT request for "http://localhost:8761/eureka/apps/MSVC-EMPLOYEE/msvc-employee:4ac52bd754f57a45c3eb93e0f6805ecb": Connect to localhost:8761 [localhost/127.0.0.1, localhost/0:0:0:0:0:0:0:1] failed: Connection refused: connect; nested exception is org.apache.http.conn.HttpHostConnectException: Connect to localhost:8761 [localhost/127.0.0.1, localhost/0:0:0:0:0:0:0:1] failed: Connection refused: connect
2026-03-06 13:19:10 [DiscoveryClient-HeartbeatExecutor-0] ERROR com.netflix.discovery.DiscoveryClient -DiscoveryClient_MSVC-EMPLOYEE/msvc-employee:4ac52bd754f57a45c3eb93e0f6805ecb - was unable to send heartbeat!
com.netflix.discovery.shared.transport.TransportException: Cannot execute request on any known server
	at com.netflix.discovery.shared.transport.decorator.RetryableEurekaHttpClient.execute(RetryableEurekaHttpClient.java:112)
	at com.netflix.discovery.shared.transport.decorator.EurekaHttpClientDecorator.sendHeartBeat(EurekaHttpClientDecorator.java:89)
	at com.netflix.discovery.shared.transport.decorator.EurekaHttpClientDecorator$3.execute(EurekaHttpClientDecorator.java:92)
	at com.netflix.discovery.shared.transport.decorator.SessionedEurekaHttpClient.execute(SessionedEurekaHttpClient.java:77)
	at com.netflix.discovery.shared.transport.decorator.EurekaHttpClientDecorator.sendHeartBeat(EurekaHttpClientDecorator.java:89)
	at com.netflix.discovery.DiscoveryClient.renew(DiscoveryClient.java:893)
	at com.netflix.discovery.DiscoveryClient$HeartbeatThread.run(DiscoveryClient.java:1457)
	at java.base/java.util.concurrent.Executors$RunnableAdapter.call(Executors.java:572)
	at java.base/java.util.concurrent.FutureTask.run(FutureTask.java:317)
	at java.base/java.util.concurrent.ThreadPoolExecutor.runWorker(ThreadPoolExecutor.java:1144)
	at java.base/java.util.concurrent.ThreadPoolExecutor$Worker.run(ThreadPoolExecutor.java:642)
	at java.base/java.lang.Thread.run(Thread.java:1583)
2026-03-06 13:19:40 [DiscoveryClient-HeartbeatExecutor-0] INFO  com.netflix.discovery.shared.transport.decorator.RedirectingEurekaHttpClient -Request execution error. endpoint=DefaultEndpoint{ serviceUrl='http://localhost:8761/eureka/}, exception=I/O error on PUT request for "http://localhost:8761/eureka/apps/MSVC-EMPLOYEE/msvc-employee:4ac52bd754f57a45c3eb93e0f6805ecb": Connect to localhost:8761 [localhost/127.0.0.1, localhost/0:0:0:0:0:0:0:1] failed: Connection refused: connect; nested exception is org.apache.http.conn.HttpHostConnectException: Connect to localhost:8761 [localhost/127.0.0.1, localhost/0:0:0:0:0:0:0:1] failed: Connection refused: connect stacktrace=org.springframework.web.client.ResourceAccessException: I/O error on PUT request for "http://localhost:8761/eureka/apps/MSVC-EMPLOYEE/msvc-employee:4ac52bd754f57a45c3eb93e0f6805ecb": Connect to localhost:8761 [localhost/127.0.0.1, localhost/0:0:0:0:0:0:0:1] failed: Connection refused: connect; nested exception is org.apache.http.conn.HttpHostConnectException: Connect to localhost:8761 [localhost/127.0.0.1, localhost/0:0:0:0:0:0:0:1] failed: Connection refused: connect
	at org.springframework.web.client.RestTemplate.doExecute(RestTemplate.java:791)
	at org.springframework.web.client.RestTemplate.execute(RestTemplate.java:717)
	at org.springframework.web.client.RestTemplate.exchange(RestTemplate.java:608)
	at org.springframework.cloud.netflix.eureka.http.RestTemplateEurekaHttpClient.sendHeartBeat(RestTemplateEurekaHttpClient.java:99)
	at com.netflix.discovery.shared.transport.decorator.EurekaHttpClientDecorator$3.execute(EurekaHttpClientDecorator.java:92)
	at com.netflix.discovery.shared.transport.decorator.RedirectingEurekaHttpClient.executeOnNewServer(RedirectingEurekaHttpClient.java:121)
	at com.netflix.discovery.shared.transport.decorator.RedirectingEurekaHttpClient.execute(RedirectingEurekaHttpClient.java:80)
	at com.netflix.discovery.shared.transport.decorator.EurekaHttpClientDecorator.sendHeartBeat(EurekaHttpClientDecorator.java:89)
	at com.netflix.discovery.shared.transport.decorator.EurekaHttpClientDecorator$3.execute(EurekaHttpClientDecorator.java:92)
	at com.netflix.discovery.shared.transport.decorator.RetryableEurekaHttpClient.execute(RetryableEurekaHttpClient.java:120)
	at com.netflix.discovery.shared.transport.decorator.EurekaHttpClientDecorator.sendHeartBeat(EurekaHttpClientDecorator.java:89)
	at com.netflix.discovery.shared.transport.decorator.EurekaHttpClientDecorator$3.execute(EurekaHttpClientDecorator.java:92)
	at com.netflix.discovery.shared.transport.decorator.SessionedEurekaHttpClient.execute(SessionedEurekaHttpClient.java:77)
	at com.netflix.discovery.shared.transport.decorator.EurekaHttpClientDecorator.sendHeartBeat(EurekaHttpClientDecorator.java:89)
	at com.netflix.discovery.DiscoveryClient.renew(DiscoveryClient.java:893)
	at com.netflix.discovery.DiscoveryClient$HeartbeatThread.run(DiscoveryClient.java:1457)
	at java.base/java.util.concurrent.Executors$RunnableAdapter.call(Executors.java:572)
	at java.base/java.util.concurrent.FutureTask.run(FutureTask.java:317)
	at java.base/java.util.concurrent.ThreadPoolExecutor.runWorker(ThreadPoolExecutor.java:1144)
	at java.base/java.util.concurrent.ThreadPoolExecutor$Worker.run(ThreadPoolExecutor.java:642)
	at java.base/java.lang.Thread.run(Thread.java:1583)
Caused by: org.apache.http.conn.HttpHostConnectException: Connect to localhost:8761 [localhost/127.0.0.1, localhost/0:0:0:0:0:0:0:1] failed: Connection refused: connect
	at org.apache.http.impl.conn.DefaultHttpClientConnectionOperator.connect(DefaultHttpClientConnectionOperator.java:156)
	at org.apache.http.impl.conn.PoolingHttpClientConnectionManager.connect(PoolingHttpClientConnectionManager.java:376)
	at org.apache.http.impl.execchain.MainClientExec.establishRoute(MainClientExec.java:393)
	at org.apache.http.impl.execchain.MainClientExec.execute(MainClientExec.java:236)
	at org.apache.http.impl.execchain.ProtocolExec.execute(ProtocolExec.java:186)
	at org.apache.http.impl.execchain.RetryExec.execute(RetryExec.java:89)
	at org.apache.http.impl.execchain.RedirectExec.execute(RedirectExec.java:110)
	at org.apache.http.impl.client.InternalHttpClient.doExecute(InternalHttpClient.java:185)
	at org.apache.http.impl.client.CloseableHttpClient.execute(CloseableHttpClient.java:83)
	at org.apache.http.impl.client.CloseableHttpClient.execute(CloseableHttpClient.java:56)
	at org.springframework.http.client.HttpComponentsClientHttpRequest.executeInternal(HttpComponentsClientHttpRequest.java:87)
	at org.springframework.http.client.AbstractBufferingClientHttpRequest.executeInternal(AbstractBufferingClientHttpRequest.java:48)
	at org.springframework.http.client.AbstractClientHttpRequest.execute(AbstractClientHttpRequest.java:66)
	at org.springframework.web.client.RestTemplate.doExecute(RestTemplate.java:782)
	... 20 more
Caused by: java.net.ConnectException: Connection refused: connect
	at java.base/sun.nio.ch.Net.connect0(Native Method)
	at java.base/sun.nio.ch.Net.connect(Net.java:597)
	at java.base/sun.nio.ch.Net.connect(Net.java:586)
	at java.base/sun.nio.ch.NioSocketImpl.connect(NioSocketImpl.java:583)
	at java.base/java.net.SocksSocketImpl.connect(SocksSocketImpl.java:327)
	at java.base/java.net.Socket.connect(Socket.java:751)
	at org.apache.http.conn.socket.PlainConnectionSocketFactory.connectSocket(PlainConnectionSocketFactory.java:75)
	at org.apache.http.impl.conn.DefaultHttpClientConnectionOperator.connect(DefaultHttpClientConnectionOperator.java:142)
	... 33 more

2026-03-06 13:19:40 [DiscoveryClient-HeartbeatExecutor-0] WARN  com.netflix.discovery.shared.transport.decorator.RetryableEurekaHttpClient -Request execution failed with message: I/O error on PUT request for "http://localhost:8761/eureka/apps/MSVC-EMPLOYEE/msvc-employee:4ac52bd754f57a45c3eb93e0f6805ecb": Connect to localhost:8761 [localhost/127.0.0.1, localhost/0:0:0:0:0:0:0:1] failed: Connection refused: connect; nested exception is org.apache.http.conn.HttpHostConnectException: Connect to localhost:8761 [localhost/127.0.0.1, localhost/0:0:0:0:0:0:0:1] failed: Connection refused: connect
2026-03-06 13:19:40 [DiscoveryClient-CacheRefreshExecutor-0] INFO  com.netflix.discovery.shared.transport.decorator.RedirectingEurekaHttpClient -Request execution error. endpoint=DefaultEndpoint{ serviceUrl='http://localhost:8761/eureka/}, exception=I/O error on GET request for "http://localhost:8761/eureka/apps/delta": Connect to localhost:8761 [localhost/127.0.0.1, localhost/0:0:0:0:0:0:0:1] failed: Connection refused: connect; nested exception is org.apache.http.conn.HttpHostConnectException: Connect to localhost:8761 [localhost/127.0.0.1, localhost/0:0:0:0:0:0:0:1] failed: Connection refused: connect stacktrace=org.springframework.web.client.ResourceAccessException: I/O error on GET request for "http://localhost:8761/eureka/apps/delta": Connect to localhost:8761 [localhost/127.0.0.1, localhost/0:0:0:0:0:0:0:1] failed: Connection refused: connect; nested exception is org.apache.http.conn.HttpHostConnectException: Connect to localhost:8761 [localhost/127.0.0.1, localhost/0:0:0:0:0:0:0:1] failed: Connection refused: connect
	at org.springframework.web.client.RestTemplate.doExecute(RestTemplate.java:791)
	at org.springframework.web.client.RestTemplate.execute(RestTemplate.java:717)
	at org.springframework.web.client.RestTemplate.exchange(RestTemplate.java:608)
	at org.springframework.cloud.netflix.eureka.http.RestTemplateEurekaHttpClient.getApplicationsInternal(RestTemplateEurekaHttpClient.java:145)
	at org.springframework.cloud.netflix.eureka.http.RestTemplateEurekaHttpClient.getDelta(RestTemplateEurekaHttpClient.java:155)
	at com.netflix.discovery.shared.transport.decorator.EurekaHttpClientDecorator$7.execute(EurekaHttpClientDecorator.java:152)
	at com.netflix.discovery.shared.transport.decorator.RedirectingEurekaHttpClient.executeOnNewServer(RedirectingEurekaHttpClient.java:121)
	at com.netflix.discovery.shared.transport.decorator.RedirectingEurekaHttpClient.execute(RedirectingEurekaHttpClient.java:80)
	at com.netflix.discovery.shared.transport.decorator.EurekaHttpClientDecorator.getDelta(EurekaHttpClientDecorator.java:149)
	at com.netflix.discovery.shared.transport.decorator.EurekaHttpClientDecorator$7.execute(EurekaHttpClientDecorator.java:152)
	at com.netflix.discovery.shared.transport.decorator.RetryableEurekaHttpClient.execute(RetryableEurekaHttpClient.java:120)
	at com.netflix.discovery.shared.transport.decorator.EurekaHttpClientDecorator.getDelta(EurekaHttpClientDecorator.java:149)
	at com.netflix.discovery.shared.transport.decorator.EurekaHttpClientDecorator$7.execute(EurekaHttpClientDecorator.java:152)
	at com.netflix.discovery.shared.transport.decorator.SessionedEurekaHttpClient.execute(SessionedEurekaHttpClient.java:77)
	at com.netflix.discovery.shared.transport.decorator.EurekaHttpClientDecorator.getDelta(EurekaHttpClientDecorator.java:149)
	at com.netflix.discovery.DiscoveryClient.getAndUpdateDelta(DiscoveryClient.java:1135)
	at com.netflix.discovery.DiscoveryClient.fetchRegistry(DiscoveryClient.java:1016)
	at com.netflix.discovery.DiscoveryClient.refreshRegistry(DiscoveryClient.java:1531)
	at com.netflix.discovery.DiscoveryClient$CacheRefreshThread.run(DiscoveryClient.java:1498)
	at java.base/java.util.concurrent.Executors$RunnableAdapter.call(Executors.java:572)
	at java.base/java.util.concurrent.FutureTask.run(FutureTask.java:317)
	at java.base/java.util.concurrent.ThreadPoolExecutor.runWorker(ThreadPoolExecutor.java:1144)
	at java.base/java.util.concurrent.ThreadPoolExecutor$Worker.run(ThreadPoolExecutor.java:642)
	at java.base/java.lang.Thread.run(Thread.java:1583)
Caused by: org.apache.http.conn.HttpHostConnectException: Connect to localhost:8761 [localhost/127.0.0.1, localhost/0:0:0:0:0:0:0:1] failed: Connection refused: connect
	at org.apache.http.impl.conn.DefaultHttpClientConnectionOperator.connect(DefaultHttpClientConnectionOperator.java:156)
	at org.apache.http.impl.conn.PoolingHttpClientConnectionManager.connect(PoolingHttpClientConnectionManager.java:376)
	at org.apache.http.impl.execchain.MainClientExec.establishRoute(MainClientExec.java:393)
	at org.apache.http.impl.execchain.MainClientExec.execute(MainClientExec.java:236)
	at org.apache.http.impl.execchain.ProtocolExec.execute(ProtocolExec.java:186)
	at org.apache.http.impl.execchain.RetryExec.execute(RetryExec.java:89)
	at org.apache.http.impl.execchain.RedirectExec.execute(RedirectExec.java:110)
	at org.apache.http.impl.client.InternalHttpClient.doExecute(InternalHttpClient.java:185)
	at org.apache.http.impl.client.CloseableHttpClient.execute(CloseableHttpClient.java:83)
	at org.apache.http.impl.client.CloseableHttpClient.execute(CloseableHttpClient.java:56)
	at org.springframework.http.client.HttpComponentsClientHttpRequest.executeInternal(HttpComponentsClientHttpRequest.java:87)
	at org.springframework.http.client.AbstractBufferingClientHttpRequest.executeInternal(AbstractBufferingClientHttpRequest.java:48)
	at org.springframework.http.client.AbstractClientHttpRequest.execute(AbstractClientHttpRequest.java:66)
	at org.springframework.web.client.RestTemplate.doExecute(RestTemplate.java:782)
	... 23 more
Caused by: java.net.ConnectException: Connection refused: connect
	at java.base/sun.nio.ch.Net.connect0(Native Method)
	at java.base/sun.nio.ch.Net.connect(Net.java:597)
	at java.base/sun.nio.ch.Net.connect(Net.java:586)
	at java.base/sun.nio.ch.NioSocketImpl.connect(NioSocketImpl.java:583)
	at java.base/java.net.SocksSocketImpl.connect(SocksSocketImpl.java:327)
	at java.base/java.net.Socket.connect(Socket.java:751)
	at org.apache.http.conn.socket.PlainConnectionSocketFactory.connectSocket(PlainConnectionSocketFactory.java:75)
	at org.apache.http.impl.conn.DefaultHttpClientConnectionOperator.connect(DefaultHttpClientConnectionOperator.java:142)
	... 36 more

2026-03-06 13:19:40 [DiscoveryClient-CacheRefreshExecutor-0] WARN  com.netflix.discovery.shared.transport.decorator.RetryableEurekaHttpClient -Request execution failed with message: I/O error on GET request for "http://localhost:8761/eureka/apps/delta": Connect to localhost:8761 [localhost/127.0.0.1, localhost/0:0:0:0:0:0:0:1] failed: Connection refused: connect; nested exception is org.apache.http.conn.HttpHostConnectException: Connect to localhost:8761 [localhost/127.0.0.1, localhost/0:0:0:0:0:0:0:1] failed: Connection refused: connect
2026-03-06 13:19:40 [DiscoveryClient-CacheRefreshExecutor-0] INFO  com.netflix.discovery.DiscoveryClient -DiscoveryClient_MSVC-EMPLOYEE/msvc-employee:4ac52bd754f57a45c3eb93e0f6805ecb - was unable to refresh its cache! This periodic background refresh will be retried in 30 seconds. status = Cannot execute request on any known server stacktrace = com.netflix.discovery.shared.transport.TransportException: Cannot execute request on any known server
	at com.netflix.discovery.shared.transport.decorator.RetryableEurekaHttpClient.execute(RetryableEurekaHttpClient.java:112)
	at com.netflix.discovery.shared.transport.decorator.EurekaHttpClientDecorator.getDelta(EurekaHttpClientDecorator.java:149)
	at com.netflix.discovery.shared.transport.decorator.EurekaHttpClientDecorator$7.execute(EurekaHttpClientDecorator.java:152)
	at com.netflix.discovery.shared.transport.decorator.SessionedEurekaHttpClient.execute(SessionedEurekaHttpClient.java:77)
	at com.netflix.discovery.shared.transport.decorator.EurekaHttpClientDecorator.getDelta(EurekaHttpClientDecorator.java:149)
	at com.netflix.discovery.DiscoveryClient.getAndUpdateDelta(DiscoveryClient.java:1135)
	at com.netflix.discovery.DiscoveryClient.fetchRegistry(DiscoveryClient.java:1016)
	at com.netflix.discovery.DiscoveryClient.refreshRegistry(DiscoveryClient.java:1531)
	at com.netflix.discovery.DiscoveryClient$CacheRefreshThread.run(DiscoveryClient.java:1498)
	at java.base/java.util.concurrent.Executors$RunnableAdapter.call(Executors.java:572)
	at java.base/java.util.concurrent.FutureTask.run(FutureTask.java:317)
	at java.base/java.util.concurrent.ThreadPoolExecutor.runWorker(ThreadPoolExecutor.java:1144)
	at java.base/java.util.concurrent.ThreadPoolExecutor$Worker.run(ThreadPoolExecutor.java:642)
	at java.base/java.lang.Thread.run(Thread.java:1583)

2026-03-06 13:19:40 [DiscoveryClient-HeartbeatExecutor-0] ERROR com.netflix.discovery.DiscoveryClient -DiscoveryClient_MSVC-EMPLOYEE/msvc-employee:4ac52bd754f57a45c3eb93e0f6805ecb - was unable to send heartbeat!
com.netflix.discovery.shared.transport.TransportException: Cannot execute request on any known server
	at com.netflix.discovery.shared.transport.decorator.RetryableEurekaHttpClient.execute(RetryableEurekaHttpClient.java:112)
	at com.netflix.discovery.shared.transport.decorator.EurekaHttpClientDecorator.sendHeartBeat(EurekaHttpClientDecorator.java:89)
	at com.netflix.discovery.shared.transport.decorator.EurekaHttpClientDecorator$3.execute(EurekaHttpClientDecorator.java:92)
	at com.netflix.discovery.shared.transport.decorator.SessionedEurekaHttpClient.execute(SessionedEurekaHttpClient.java:77)
	at com.netflix.discovery.shared.transport.decorator.EurekaHttpClientDecorator.sendHeartBeat(EurekaHttpClientDecorator.java:89)
	at com.netflix.discovery.DiscoveryClient.renew(DiscoveryClient.java:893)
	at com.netflix.discovery.DiscoveryClient$HeartbeatThread.run(DiscoveryClient.java:1457)
	at java.base/java.util.concurrent.Executors$RunnableAdapter.call(Executors.java:572)
	at java.base/java.util.concurrent.FutureTask.run(FutureTask.java:317)
	at java.base/java.util.concurrent.ThreadPoolExecutor.runWorker(ThreadPoolExecutor.java:1144)
	at java.base/java.util.concurrent.ThreadPoolExecutor$Worker.run(ThreadPoolExecutor.java:642)
	at java.base/java.lang.Thread.run(Thread.java:1583)
2026-03-06 13:20:10 [DiscoveryClient-HeartbeatExecutor-0] INFO  com.netflix.discovery.shared.transport.decorator.RedirectingEurekaHttpClient -Request execution error. endpoint=DefaultEndpoint{ serviceUrl='http://localhost:8761/eureka/}, exception=I/O error on PUT request for "http://localhost:8761/eureka/apps/MSVC-EMPLOYEE/msvc-employee:4ac52bd754f57a45c3eb93e0f6805ecb": Connect to localhost:8761 [localhost/127.0.0.1, localhost/0:0:0:0:0:0:0:1] failed: Connection refused: connect; nested exception is org.apache.http.conn.HttpHostConnectException: Connect to localhost:8761 [localhost/127.0.0.1, localhost/0:0:0:0:0:0:0:1] failed: Connection refused: connect stacktrace=org.springframework.web.client.ResourceAccessException: I/O error on PUT request for "http://localhost:8761/eureka/apps/MSVC-EMPLOYEE/msvc-employee:4ac52bd754f57a45c3eb93e0f6805ecb": Connect to localhost:8761 [localhost/127.0.0.1, localhost/0:0:0:0:0:0:0:1] failed: Connection refused: connect; nested exception is org.apache.http.conn.HttpHostConnectException: Connect to localhost:8761 [localhost/127.0.0.1, localhost/0:0:0:0:0:0:0:1] failed: Connection refused: connect
	at org.springframework.web.client.RestTemplate.doExecute(RestTemplate.java:791)
	at org.springframework.web.client.RestTemplate.execute(RestTemplate.java:717)
	at org.springframework.web.client.RestTemplate.exchange(RestTemplate.java:608)
	at org.springframework.cloud.netflix.eureka.http.RestTemplateEurekaHttpClient.sendHeartBeat(RestTemplateEurekaHttpClient.java:99)
	at com.netflix.discovery.shared.transport.decorator.EurekaHttpClientDecorator$3.execute(EurekaHttpClientDecorator.java:92)
	at com.netflix.discovery.shared.transport.decorator.RedirectingEurekaHttpClient.executeOnNewServer(RedirectingEurekaHttpClient.java:121)
	at com.netflix.discovery.shared.transport.decorator.RedirectingEurekaHttpClient.execute(RedirectingEurekaHttpClient.java:80)
	at com.netflix.discovery.shared.transport.decorator.EurekaHttpClientDecorator.sendHeartBeat(EurekaHttpClientDecorator.java:89)
	at com.netflix.discovery.shared.transport.decorator.EurekaHttpClientDecorator$3.execute(EurekaHttpClientDecorator.java:92)
	at com.netflix.discovery.shared.transport.decorator.RetryableEurekaHttpClient.execute(RetryableEurekaHttpClient.java:120)
	at com.netflix.discovery.shared.transport.decorator.EurekaHttpClientDecorator.sendHeartBeat(EurekaHttpClientDecorator.java:89)
	at com.netflix.discovery.shared.transport.decorator.EurekaHttpClientDecorator$3.execute(EurekaHttpClientDecorator.java:92)
	at com.netflix.discovery.shared.transport.decorator.SessionedEurekaHttpClient.execute(SessionedEurekaHttpClient.java:77)
	at com.netflix.discovery.shared.transport.decorator.EurekaHttpClientDecorator.sendHeartBeat(EurekaHttpClientDecorator.java:89)
	at com.netflix.discovery.DiscoveryClient.renew(DiscoveryClient.java:893)
	at com.netflix.discovery.DiscoveryClient$HeartbeatThread.run(DiscoveryClient.java:1457)
	at java.base/java.util.concurrent.Executors$RunnableAdapter.call(Executors.java:572)
	at java.base/java.util.concurrent.FutureTask.run(FutureTask.java:317)
	at java.base/java.util.concurrent.ThreadPoolExecutor.runWorker(ThreadPoolExecutor.java:1144)
	at java.base/java.util.concurrent.ThreadPoolExecutor$Worker.run(ThreadPoolExecutor.java:642)
	at java.base/java.lang.Thread.run(Thread.java:1583)
Caused by: org.apache.http.conn.HttpHostConnectException: Connect to localhost:8761 [localhost/127.0.0.1, localhost/0:0:0:0:0:0:0:1] failed: Connection refused: connect
	at org.apache.http.impl.conn.DefaultHttpClientConnectionOperator.connect(DefaultHttpClientConnectionOperator.java:156)
	at org.apache.http.impl.conn.PoolingHttpClientConnectionManager.connect(PoolingHttpClientConnectionManager.java:376)
	at org.apache.http.impl.execchain.MainClientExec.establishRoute(MainClientExec.java:393)
	at org.apache.http.impl.execchain.MainClientExec.execute(MainClientExec.java:236)
	at org.apache.http.impl.execchain.ProtocolExec.execute(ProtocolExec.java:186)
	at org.apache.http.impl.execchain.RetryExec.execute(RetryExec.java:89)
	at org.apache.http.impl.execchain.RedirectExec.execute(RedirectExec.java:110)
	at org.apache.http.impl.client.InternalHttpClient.doExecute(InternalHttpClient.java:185)
	at org.apache.http.impl.client.CloseableHttpClient.execute(CloseableHttpClient.java:83)
	at org.apache.http.impl.client.CloseableHttpClient.execute(CloseableHttpClient.java:56)
	at org.springframework.http.client.HttpComponentsClientHttpRequest.executeInternal(HttpComponentsClientHttpRequest.java:87)
	at org.springframework.http.client.AbstractBufferingClientHttpRequest.executeInternal(AbstractBufferingClientHttpRequest.java:48)
	at org.springframework.http.client.AbstractClientHttpRequest.execute(AbstractClientHttpRequest.java:66)
	at org.springframework.web.client.RestTemplate.doExecute(RestTemplate.java:782)
	... 20 more
Caused by: java.net.ConnectException: Connection refused: connect
	at java.base/sun.nio.ch.Net.connect0(Native Method)
	at java.base/sun.nio.ch.Net.connect(Net.java:597)
	at java.base/sun.nio.ch.Net.connect(Net.java:586)
	at java.base/sun.nio.ch.NioSocketImpl.connect(NioSocketImpl.java:583)
	at java.base/java.net.SocksSocketImpl.connect(SocksSocketImpl.java:327)
	at java.base/java.net.Socket.connect(Socket.java:751)
	at org.apache.http.conn.socket.PlainConnectionSocketFactory.connectSocket(PlainConnectionSocketFactory.java:75)
	at org.apache.http.impl.conn.DefaultHttpClientConnectionOperator.connect(DefaultHttpClientConnectionOperator.java:142)
	... 33 more

2026-03-06 13:20:10 [DiscoveryClient-HeartbeatExecutor-0] WARN  com.netflix.discovery.shared.transport.decorator.RetryableEurekaHttpClient -Request execution failed with message: I/O error on PUT request for "http://localhost:8761/eureka/apps/MSVC-EMPLOYEE/msvc-employee:4ac52bd754f57a45c3eb93e0f6805ecb": Connect to localhost:8761 [localhost/127.0.0.1, localhost/0:0:0:0:0:0:0:1] failed: Connection refused: connect; nested exception is org.apache.http.conn.HttpHostConnectException: Connect to localhost:8761 [localhost/127.0.0.1, localhost/0:0:0:0:0:0:0:1] failed: Connection refused: connect
2026-03-06 13:20:10 [DiscoveryClient-HeartbeatExecutor-0] ERROR com.netflix.discovery.DiscoveryClient -DiscoveryClient_MSVC-EMPLOYEE/msvc-employee:4ac52bd754f57a45c3eb93e0f6805ecb - was unable to send heartbeat!
com.netflix.discovery.shared.transport.TransportException: Cannot execute request on any known server
	at com.netflix.discovery.shared.transport.decorator.RetryableEurekaHttpClient.execute(RetryableEurekaHttpClient.java:112)
	at com.netflix.discovery.shared.transport.decorator.EurekaHttpClientDecorator.sendHeartBeat(EurekaHttpClientDecorator.java:89)
	at com.netflix.discovery.shared.transport.decorator.EurekaHttpClientDecorator$3.execute(EurekaHttpClientDecorator.java:92)
	at com.netflix.discovery.shared.transport.decorator.SessionedEurekaHttpClient.execute(SessionedEurekaHttpClient.java:77)
	at com.netflix.discovery.shared.transport.decorator.EurekaHttpClientDecorator.sendHeartBeat(EurekaHttpClientDecorator.java:89)
	at com.netflix.discovery.DiscoveryClient.renew(DiscoveryClient.java:893)
	at com.netflix.discovery.DiscoveryClient$HeartbeatThread.run(DiscoveryClient.java:1457)
	at java.base/java.util.concurrent.Executors$RunnableAdapter.call(Executors.java:572)
	at java.base/java.util.concurrent.FutureTask.run(FutureTask.java:317)
	at java.base/java.util.concurrent.ThreadPoolExecutor.runWorker(ThreadPoolExecutor.java:1144)
	at java.base/java.util.concurrent.ThreadPoolExecutor$Worker.run(ThreadPoolExecutor.java:642)
	at java.base/java.lang.Thread.run(Thread.java:1583)
2026-03-06 13:20:10 [DiscoveryClient-CacheRefreshExecutor-0] INFO  com.netflix.discovery.shared.transport.decorator.RedirectingEurekaHttpClient -Request execution error. endpoint=DefaultEndpoint{ serviceUrl='http://localhost:8761/eureka/}, exception=I/O error on GET request for "http://localhost:8761/eureka/apps/delta": Connect to localhost:8761 [localhost/127.0.0.1, localhost/0:0:0:0:0:0:0:1] failed: Connection refused: connect; nested exception is org.apache.http.conn.HttpHostConnectException: Connect to localhost:8761 [localhost/127.0.0.1, localhost/0:0:0:0:0:0:0:1] failed: Connection refused: connect stacktrace=org.springframework.web.client.ResourceAccessException: I/O error on GET request for "http://localhost:8761/eureka/apps/delta": Connect to localhost:8761 [localhost/127.0.0.1, localhost/0:0:0:0:0:0:0:1] failed: Connection refused: connect; nested exception is org.apache.http.conn.HttpHostConnectException: Connect to localhost:8761 [localhost/127.0.0.1, localhost/0:0:0:0:0:0:0:1] failed: Connection refused: connect
	at org.springframework.web.client.RestTemplate.doExecute(RestTemplate.java:791)
	at org.springframework.web.client.RestTemplate.execute(RestTemplate.java:717)
	at org.springframework.web.client.RestTemplate.exchange(RestTemplate.java:608)
	at org.springframework.cloud.netflix.eureka.http.RestTemplateEurekaHttpClient.getApplicationsInternal(RestTemplateEurekaHttpClient.java:145)
	at org.springframework.cloud.netflix.eureka.http.RestTemplateEurekaHttpClient.getDelta(RestTemplateEurekaHttpClient.java:155)
	at com.netflix.discovery.shared.transport.decorator.EurekaHttpClientDecorator$7.execute(EurekaHttpClientDecorator.java:152)
	at com.netflix.discovery.shared.transport.decorator.RedirectingEurekaHttpClient.executeOnNewServer(RedirectingEurekaHttpClient.java:121)
	at com.netflix.discovery.shared.transport.decorator.RedirectingEurekaHttpClient.execute(RedirectingEurekaHttpClient.java:80)
	at com.netflix.discovery.shared.transport.decorator.EurekaHttpClientDecorator.getDelta(EurekaHttpClientDecorator.java:149)
	at com.netflix.discovery.shared.transport.decorator.EurekaHttpClientDecorator$7.execute(EurekaHttpClientDecorator.java:152)
	at com.netflix.discovery.shared.transport.decorator.RetryableEurekaHttpClient.execute(RetryableEurekaHttpClient.java:120)
	at com.netflix.discovery.shared.transport.decorator.EurekaHttpClientDecorator.getDelta(EurekaHttpClientDecorator.java:149)
	at com.netflix.discovery.shared.transport.decorator.EurekaHttpClientDecorator$7.execute(EurekaHttpClientDecorator.java:152)
	at com.netflix.discovery.shared.transport.decorator.SessionedEurekaHttpClient.execute(SessionedEurekaHttpClient.java:77)
	at com.netflix.discovery.shared.transport.decorator.EurekaHttpClientDecorator.getDelta(EurekaHttpClientDecorator.java:149)
	at com.netflix.discovery.DiscoveryClient.getAndUpdateDelta(DiscoveryClient.java:1135)
	at com.netflix.discovery.DiscoveryClient.fetchRegistry(DiscoveryClient.java:1016)
	at com.netflix.discovery.DiscoveryClient.refreshRegistry(DiscoveryClient.java:1531)
	at com.netflix.discovery.DiscoveryClient$CacheRefreshThread.run(DiscoveryClient.java:1498)
	at java.base/java.util.concurrent.Executors$RunnableAdapter.call(Executors.java:572)
	at java.base/java.util.concurrent.FutureTask.run(FutureTask.java:317)
	at java.base/java.util.concurrent.ThreadPoolExecutor.runWorker(ThreadPoolExecutor.java:1144)
	at java.base/java.util.concurrent.ThreadPoolExecutor$Worker.run(ThreadPoolExecutor.java:642)
	at java.base/java.lang.Thread.run(Thread.java:1583)
Caused by: org.apache.http.conn.HttpHostConnectException: Connect to localhost:8761 [localhost/127.0.0.1, localhost/0:0:0:0:0:0:0:1] failed: Connection refused: connect
	at org.apache.http.impl.conn.DefaultHttpClientConnectionOperator.connect(DefaultHttpClientConnectionOperator.java:156)
	at org.apache.http.impl.conn.PoolingHttpClientConnectionManager.connect(PoolingHttpClientConnectionManager.java:376)
	at org.apache.http.impl.execchain.MainClientExec.establishRoute(MainClientExec.java:393)
	at org.apache.http.impl.execchain.MainClientExec.execute(MainClientExec.java:236)
	at org.apache.http.impl.execchain.ProtocolExec.execute(ProtocolExec.java:186)
	at org.apache.http.impl.execchain.RetryExec.execute(RetryExec.java:89)
	at org.apache.http.impl.execchain.RedirectExec.execute(RedirectExec.java:110)
	at org.apache.http.impl.client.InternalHttpClient.doExecute(InternalHttpClient.java:185)
	at org.apache.http.impl.client.CloseableHttpClient.execute(CloseableHttpClient.java:83)
	at org.apache.http.impl.client.CloseableHttpClient.execute(CloseableHttpClient.java:56)
	at org.springframework.http.client.HttpComponentsClientHttpRequest.executeInternal(HttpComponentsClientHttpRequest.java:87)
	at org.springframework.http.client.AbstractBufferingClientHttpRequest.executeInternal(AbstractBufferingClientHttpRequest.java:48)
	at org.springframework.http.client.AbstractClientHttpRequest.execute(AbstractClientHttpRequest.java:66)
	at org.springframework.web.client.RestTemplate.doExecute(RestTemplate.java:782)
	... 23 more
Caused by: java.net.ConnectException: Connection refused: connect
	at java.base/sun.nio.ch.Net.connect0(Native Method)
	at java.base/sun.nio.ch.Net.connect(Net.java:597)
	at java.base/sun.nio.ch.Net.connect(Net.java:586)
	at java.base/sun.nio.ch.NioSocketImpl.connect(NioSocketImpl.java:583)
	at java.base/java.net.SocksSocketImpl.connect(SocksSocketImpl.java:327)
	at java.base/java.net.Socket.connect(Socket.java:751)
	at org.apache.http.conn.socket.PlainConnectionSocketFactory.connectSocket(PlainConnectionSocketFactory.java:75)
	at org.apache.http.impl.conn.DefaultHttpClientConnectionOperator.connect(DefaultHttpClientConnectionOperator.java:142)
	... 36 more

2026-03-06 13:20:10 [DiscoveryClient-CacheRefreshExecutor-0] WARN  com.netflix.discovery.shared.transport.decorator.RetryableEurekaHttpClient -Request execution failed with message: I/O error on GET request for "http://localhost:8761/eureka/apps/delta": Connect to localhost:8761 [localhost/127.0.0.1, localhost/0:0:0:0:0:0:0:1] failed: Connection refused: connect; nested exception is org.apache.http.conn.HttpHostConnectException: Connect to localhost:8761 [localhost/127.0.0.1, localhost/0:0:0:0:0:0:0:1] failed: Connection refused: connect
2026-03-06 13:20:10 [DiscoveryClient-CacheRefreshExecutor-0] INFO  com.netflix.discovery.DiscoveryClient -DiscoveryClient_MSVC-EMPLOYEE/msvc-employee:4ac52bd754f57a45c3eb93e0f6805ecb - was unable to refresh its cache! This periodic background refresh will be retried in 30 seconds. status = Cannot execute request on any known server stacktrace = com.netflix.discovery.shared.transport.TransportException: Cannot execute request on any known server
	at com.netflix.discovery.shared.transport.decorator.RetryableEurekaHttpClient.execute(RetryableEurekaHttpClient.java:112)
	at com.netflix.discovery.shared.transport.decorator.EurekaHttpClientDecorator.getDelta(EurekaHttpClientDecorator.java:149)
	at com.netflix.discovery.shared.transport.decorator.EurekaHttpClientDecorator$7.execute(EurekaHttpClientDecorator.java:152)
	at com.netflix.discovery.shared.transport.decorator.SessionedEurekaHttpClient.execute(SessionedEurekaHttpClient.java:77)
	at com.netflix.discovery.shared.transport.decorator.EurekaHttpClientDecorator.getDelta(EurekaHttpClientDecorator.java:149)
	at com.netflix.discovery.DiscoveryClient.getAndUpdateDelta(DiscoveryClient.java:1135)
	at com.netflix.discovery.DiscoveryClient.fetchRegistry(DiscoveryClient.java:1016)
	at com.netflix.discovery.DiscoveryClient.refreshRegistry(DiscoveryClient.java:1531)
	at com.netflix.discovery.DiscoveryClient$CacheRefreshThread.run(DiscoveryClient.java:1498)
	at java.base/java.util.concurrent.Executors$RunnableAdapter.call(Executors.java:572)
	at java.base/java.util.concurrent.FutureTask.run(FutureTask.java:317)
	at java.base/java.util.concurrent.ThreadPoolExecutor.runWorker(ThreadPoolExecutor.java:1144)
	at java.base/java.util.concurrent.ThreadPoolExecutor$Worker.run(ThreadPoolExecutor.java:642)
	at java.base/java.lang.Thread.run(Thread.java:1583)

2026-03-06 13:20:40 [DiscoveryClient-HeartbeatExecutor-0] INFO  com.netflix.discovery.DiscoveryClient -DiscoveryClient_MSVC-EMPLOYEE/msvc-employee:4ac52bd754f57a45c3eb93e0f6805ecb - Re-registering apps/MSVC-EMPLOYEE
2026-03-06 13:20:40 [DiscoveryClient-HeartbeatExecutor-0] INFO  com.netflix.discovery.DiscoveryClient -DiscoveryClient_MSVC-EMPLOYEE/msvc-employee:4ac52bd754f57a45c3eb93e0f6805ecb: registering service...
2026-03-06 13:20:40 [DiscoveryClient-HeartbeatExecutor-0] INFO  com.netflix.discovery.DiscoveryClient -DiscoveryClient_MSVC-EMPLOYEE/msvc-employee:4ac52bd754f57a45c3eb93e0f6805ecb - registration status: 204
2026-03-06 13:21:10 [DiscoveryClient-CacheRefreshExecutor-0] INFO  com.netflix.discovery.DiscoveryClient -Disable delta property : false
2026-03-06 13:21:10 [DiscoveryClient-CacheRefreshExecutor-0] INFO  com.netflix.discovery.DiscoveryClient -Single vip registry refresh property : null
2026-03-06 13:21:10 [DiscoveryClient-CacheRefreshExecutor-0] INFO  com.netflix.discovery.DiscoveryClient -Force full registry fetch : false
2026-03-06 13:21:10 [DiscoveryClient-CacheRefreshExecutor-0] INFO  com.netflix.discovery.DiscoveryClient -Application is null : false
2026-03-06 13:21:10 [DiscoveryClient-CacheRefreshExecutor-0] INFO  com.netflix.discovery.DiscoveryClient -Registered Applications size is zero : true
2026-03-06 13:21:10 [DiscoveryClient-CacheRefreshExecutor-0] INFO  com.netflix.discovery.DiscoveryClient -Application version is -1: false
2026-03-06 13:21:10 [DiscoveryClient-CacheRefreshExecutor-0] INFO  com.netflix.discovery.DiscoveryClient -Getting all instance registry info from the eureka server
2026-03-06 13:21:10 [DiscoveryClient-CacheRefreshExecutor-0] INFO  com.netflix.discovery.DiscoveryClient -The response status is 200
2026-03-06 13:22:39 [AsyncResolver-bootstrap-executor-0] INFO  com.netflix.discovery.shared.resolver.aws.ConfigClusterResolver -Resolving eureka endpoints via configuration
2026-03-06 13:27:39 [AsyncResolver-bootstrap-executor-0] INFO  com.netflix.discovery.shared.resolver.aws.ConfigClusterResolver -Resolving eureka endpoints via configuration
2026-03-06 13:32:39 [AsyncResolver-bootstrap-executor-0] INFO  com.netflix.discovery.shared.resolver.aws.ConfigClusterResolver -Resolving eureka endpoints via configuration
2026-03-06 13:37:39 [AsyncResolver-bootstrap-executor-0] INFO  com.netflix.discovery.shared.resolver.aws.ConfigClusterResolver -Resolving eureka endpoints via configuration
2026-03-06 13:39:41 [SpringApplicationShutdownHook] INFO  org.springframework.cloud.netflix.eureka.serviceregistry.EurekaServiceRegistry -Unregistering application MSVC-EMPLOYEE with eureka with status DOWN
2026-03-06 13:39:41 [SpringApplicationShutdownHook] INFO  com.netflix.discovery.DiscoveryClient -Saw local status change event StatusChangeEvent [timestamp=1772825981653, current=DOWN, previous=UP]
2026-03-06 13:39:41 [DiscoveryClient-InstanceInfoReplicator-0] INFO  com.netflix.discovery.DiscoveryClient -DiscoveryClient_MSVC-EMPLOYEE/msvc-employee:4ac52bd754f57a45c3eb93e0f6805ecb: registering service...
2026-03-06 13:39:41 [DiscoveryClient-InstanceInfoReplicator-0] INFO  com.netflix.discovery.DiscoveryClient -DiscoveryClient_MSVC-EMPLOYEE/msvc-employee:4ac52bd754f57a45c3eb93e0f6805ecb - registration status: 204
2026-03-06 13:39:41 [SpringApplicationShutdownHook] INFO  org.springframework.orm.jpa.LocalContainerEntityManagerFactoryBean -Closing JPA EntityManagerFactory for persistence unit 'default'
2026-03-06 13:39:41 [SpringApplicationShutdownHook] INFO  org.hibernate.tool.schema.internal.SchemaDropperImpl$DelayedDropActionImpl -HHH000477: Starting delayed evictData of schema as part of SessionFactory shut-down'
2026-03-06 13:39:41 [SpringApplicationShutdownHook] DEBUG org.hibernate.SQL -
    
    drop table if exists employee CASCADE 
2026-03-06 13:39:41 [SpringApplicationShutdownHook] INFO  com.zaxxer.hikari.HikariDataSource -HikariPool-1 - Shutdown initiated...
2026-03-06 13:39:41 [SpringApplicationShutdownHook] INFO  com.zaxxer.hikari.HikariDataSource -HikariPool-1 - Shutdown completed.
2026-03-06 13:39:41 [SpringApplicationShutdownHook] INFO  com.netflix.discovery.DiscoveryClient -Shutting down DiscoveryClient ...
2026-03-06 13:39:44 [DiscoveryClient-1] WARN  com.netflix.discovery.TimedSupervisorTask -task supervisor shutting down, can't accept the task
2026-03-06 13:39:44 [SpringApplicationShutdownHook] INFO  com.netflix.discovery.DiscoveryClient -Unregistering ...
2026-03-06 13:39:44 [SpringApplicationShutdownHook] INFO  com.netflix.discovery.DiscoveryClient -DiscoveryClient_MSVC-EMPLOYEE/msvc-employee:4ac52bd754f57a45c3eb93e0f6805ecb - deregister  status: 200
2026-03-06 13:39:44 [SpringApplicationShutdownHook] INFO  com.netflix.discovery.DiscoveryClient -Completed shut down of DiscoveryClient
2026-03-06 13:44:04 [main] INFO  com.system.controller.EmployeeControllerTest -Starting EmployeeControllerTest using Java 21.0.9 on DESKTOP-1D84HCV with PID 8032 (started by OWNER in C:\Users\OWNER\Desktop\microservice-project\msvc-employee)
2026-03-06 13:44:04 [main] DEBUG com.system.controller.EmployeeControllerTest -Running with Spring Boot v2.7.18, Spring v5.3.31
2026-03-06 13:44:04 [main] INFO  com.system.controller.EmployeeControllerTest -No active profile set, falling back to 1 default profile: "default"
2026-03-06 13:44:06 [main] INFO  org.springframework.data.repository.config.RepositoryConfigurationDelegate -Bootstrapping Spring Data JPA repositories in DEFAULT mode.
2026-03-06 13:44:06 [main] INFO  org.springframework.data.repository.config.RepositoryConfigurationDelegate -Finished Spring Data repository scanning in 207 ms. Found 1 JPA repository interfaces.
2026-03-06 13:44:06 [main] INFO  org.springframework.cloud.context.scope.GenericScope -BeanFactory id=f323952d-76a6-3055-b97d-6f47f9ffdd4e
2026-03-06 13:44:07 [main] INFO  org.springframework.context.support.PostProcessorRegistrationDelegate$BeanPostProcessorChecker -Bean 'org.springframework.ws.config.annotation.DelegatingWsConfiguration' of type [org.springframework.ws.config.annotation.DelegatingWsConfiguration$$EnhancerBySpringCGLIB$$aa1c4392] is not eligible for getting processed by all BeanPostProcessors (for example: not eligible for auto-proxying)
2026-03-06 13:44:08 [main] INFO  org.springframework.ws.soap.addressing.server.AnnotationActionEndpointMapping -Supporting [WS-Addressing August 2004, WS-Addressing 1.0]
2026-03-06 13:44:08 [main] INFO  com.zaxxer.hikari.HikariDataSource -HikariPool-1 - Starting...
2026-03-06 13:44:08 [main] INFO  com.zaxxer.hikari.HikariDataSource -HikariPool-1 - Start completed.
2026-03-06 13:44:08 [main] INFO  org.hibernate.jpa.internal.util.LogHelper -HHH000204: Processing PersistenceUnitInfo [name: default]
2026-03-06 13:44:09 [main] INFO  org.hibernate.Version -HHH000412: Hibernate ORM core version 5.6.15.Final
2026-03-06 13:44:09 [main] INFO  org.hibernate.annotations.common.Version -HCANN000001: Hibernate Commons Annotations {5.1.2.Final}
2026-03-06 13:44:09 [main] INFO  org.hibernate.dialect.Dialect -HHH000400: Using dialect: org.hibernate.dialect.H2Dialect
2026-03-06 13:44:09 [main] DEBUG org.hibernate.SQL -
    
    drop table if exists employee CASCADE 
2026-03-06 13:44:09 [main] DEBUG org.hibernate.SQL -
    
    create table employee (
       id bigint generated by default as identity,
        age integer not null,
        date_birth varchar(255),
        first_last_name varchar(255),
        first_name varchar(255),
        position varchar(255),
        second_last_name varchar(255),
        second_name varchar(255),
        sex varchar(255),
        status boolean not null,
        system_registration_date date,
        primary key (id)
    )
2026-03-06 13:44:09 [main] INFO  org.hibernate.engine.transaction.jta.platform.internal.JtaPlatformInitiator -HHH000490: Using JtaPlatform implementation: [org.hibernate.engine.transaction.jta.platform.internal.NoJtaPlatform]
2026-03-06 13:44:09 [main] INFO  org.springframework.orm.jpa.LocalContainerEntityManagerFactoryBean -Initialized JPA EntityManagerFactory for persistence unit 'default'
2026-03-06 13:44:10 [main] WARN  org.springframework.boot.autoconfigure.orm.jpa.JpaBaseConfiguration$JpaWebConfiguration -spring.jpa.open-in-view is enabled by default. Therefore, database queries may be performed during view rendering. Explicitly configure spring.jpa.open-in-view to disable this warning
2026-03-06 13:44:11 [main] INFO  org.springframework.boot.autoconfigure.h2.H2ConsoleAutoConfiguration -H2 console available at '/h2-console'. Database available at 'jdbc:h2:mem:superdb'
2026-03-06 13:44:13 [main] INFO  org.springframework.boot.test.mock.web.SpringBootMockServletContext -Initializing Spring TestDispatcherServlet ''
2026-03-06 13:44:13 [main] INFO  org.springframework.test.web.servlet.TestDispatcherServlet -Initializing Servlet ''
2026-03-06 13:44:13 [main] INFO  org.springframework.boot.actuate.endpoint.web.EndpointLinksResolver -Exposing 1 endpoint(s) beneath base path '/actuator'
2026-03-06 13:44:13 [main] INFO  org.springframework.test.web.servlet.TestDispatcherServlet -Completed initialization in 90 ms
2026-03-06 13:44:13 [main] INFO  org.springframework.cloud.netflix.eureka.config.DiscoveryClientOptionalArgsConfiguration -Eureka HTTP Client uses RestTemplate.
2026-03-06 13:44:13 [main] WARN  org.springframework.cloud.loadbalancer.config.LoadBalancerCacheAutoConfiguration$LoadBalancerCaffeineWarnLogger -Spring Cloud LoadBalancer is currently working with the default cache. While this cache implementation is useful for development and tests, it's recommended to use Caffeine cache in production.You can switch to using Caffeine cache, by adding it and org.springframework.cache.caffeine.CaffeineCacheManager to the classpath.
2026-03-06 13:44:13 [main] INFO  org.springframework.cloud.netflix.eureka.InstanceInfoFactory -Setting initial instance status as: STARTING
2026-03-06 13:44:14 [main] INFO  com.netflix.discovery.DiscoveryClient -Initializing Eureka in region us-east-1
2026-03-06 13:44:14 [main] INFO  com.netflix.discovery.shared.resolver.aws.ConfigClusterResolver -Resolving eureka endpoints via configuration
2026-03-06 13:44:14 [main] INFO  com.netflix.discovery.DiscoveryClient -Disable delta property : false
2026-03-06 13:44:14 [main] INFO  com.netflix.discovery.DiscoveryClient -Single vip registry refresh property : null
2026-03-06 13:44:14 [main] INFO  com.netflix.discovery.DiscoveryClient -Force full registry fetch : false
2026-03-06 13:44:14 [main] INFO  com.netflix.discovery.DiscoveryClient -Application is null : false
2026-03-06 13:44:14 [main] INFO  com.netflix.discovery.DiscoveryClient -Registered Applications size is zero : true
2026-03-06 13:44:14 [main] INFO  com.netflix.discovery.DiscoveryClient -Application version is -1: true
2026-03-06 13:44:14 [main] INFO  com.netflix.discovery.DiscoveryClient -Getting all instance registry info from the eureka server
2026-03-06 13:44:14 [main] INFO  com.netflix.discovery.DiscoveryClient -The response status is 200
2026-03-06 13:44:14 [main] INFO  com.netflix.discovery.DiscoveryClient -Starting heartbeat executor: renew interval is: 30
2026-03-06 13:44:14 [main] INFO  com.netflix.discovery.InstanceInfoReplicator -InstanceInfoReplicator onDemand update allowed rate per min is 4
2026-03-06 13:44:14 [main] INFO  com.netflix.discovery.DiscoveryClient -Discovery Client initialized at timestamp 1772826254692 with initial instances count: 1
2026-03-06 13:44:14 [main] INFO  org.springframework.cloud.netflix.eureka.serviceregistry.EurekaServiceRegistry -Registering application MSVC-EMPLOYEE with eureka with status UP
2026-03-06 13:44:14 [main] INFO  com.netflix.discovery.DiscoveryClient -Saw local status change event StatusChangeEvent [timestamp=1772826254700, current=UP, previous=STARTING]
2026-03-06 13:44:14 [DiscoveryClient-InstanceInfoReplicator-0] INFO  com.netflix.discovery.DiscoveryClient -DiscoveryClient_MSVC-EMPLOYEE/msvc-employee:fd41f9537b7a1ea1f966c47c07be49a8: registering service...
2026-03-06 13:44:14 [main] INFO  com.system.controller.EmployeeControllerTest -Started EmployeeControllerTest in 11.158 seconds (JVM running for 12.763)
2026-03-06 13:44:14 [DiscoveryClient-InstanceInfoReplicator-0] INFO  com.netflix.discovery.DiscoveryClient -DiscoveryClient_MSVC-EMPLOYEE/msvc-employee:fd41f9537b7a1ea1f966c47c07be49a8 - registration status: 204
2026-03-06 13:44:15 [main] INFO  org.springframework.boot.test.context.SpringBootTestContextBootstrapper -Neither @ContextConfiguration nor @ContextHierarchy found for test class [com.system.MsvcEmployeeApplicationTests], using SpringBootContextLoader
2026-03-06 13:44:15 [main] INFO  org.springframework.test.context.support.AbstractContextLoader -Could not detect default resource locations for test class [com.system.MsvcEmployeeApplicationTests]: no resource found for suffixes {-context.xml, Context.groovy}.
2026-03-06 13:44:15 [main] INFO  org.springframework.test.context.support.AnnotationConfigContextLoaderUtils -Could not detect default configuration classes for test class [com.system.MsvcEmployeeApplicationTests]: MsvcEmployeeApplicationTests does not declare any static, non-private, non-final, nested classes annotated with @Configuration.
2026-03-06 13:44:15 [main] INFO  org.springframework.boot.test.context.SpringBootTestContextBootstrapper -Found @SpringBootConfiguration com.system.MsvcEmployeeApplication for test class com.system.MsvcEmployeeApplicationTests
2026-03-06 13:44:15 [main] INFO  org.springframework.boot.test.context.SpringBootTestContextBootstrapper -Loaded default TestExecutionListener class names from location [META-INF/spring.factories]: [org.springframework.boot.test.mock.mockito.MockitoTestExecutionListener, org.springframework.boot.test.mock.mockito.ResetMocksTestExecutionListener, org.springframework.boot.test.autoconfigure.restdocs.RestDocsTestExecutionListener, org.springframework.boot.test.autoconfigure.web.client.MockRestServiceServerResetTestExecutionListener, org.springframework.boot.test.autoconfigure.web.servlet.MockMvcPrintOnlyOnFailureTestExecutionListener, org.springframework.boot.test.autoconfigure.web.servlet.WebDriverTestExecutionListener, org.springframework.boot.test.autoconfigure.webservices.client.MockWebServiceServerTestExecutionListener, org.springframework.test.context.web.ServletTestExecutionListener, org.springframework.test.context.support.DirtiesContextBeforeModesTestExecutionListener, org.springframework.test.context.event.ApplicationEventsTestExecutionListener, org.springframework.test.context.support.DependencyInjectionTestExecutionListener, org.springframework.test.context.support.DirtiesContextTestExecutionListener, org.springframework.test.context.transaction.TransactionalTestExecutionListener, org.springframework.test.context.jdbc.SqlScriptsTestExecutionListener, org.springframework.test.context.event.EventPublishingTestExecutionListener]
2026-03-06 13:44:15 [main] INFO  org.springframework.boot.test.context.SpringBootTestContextBootstrapper -Using TestExecutionListeners: [org.springframework.test.context.web.ServletTestExecutionListener@1743c249, org.springframework.test.context.support.DirtiesContextBeforeModesTestExecutionListener@2531049f, org.springframework.test.context.event.ApplicationEventsTestExecutionListener@14404be2, org.springframework.boot.test.mock.mockito.MockitoTestExecutionListener@6efa2e06, org.springframework.boot.test.autoconfigure.SpringBootDependencyInjectionTestExecutionListener@6722f81a, org.springframework.test.context.support.DirtiesContextTestExecutionListener@4a9a0d9d, org.springframework.test.context.transaction.TransactionalTestExecutionListener@5c934077, org.springframework.test.context.jdbc.SqlScriptsTestExecutionListener@63a6dffd, org.springframework.test.context.event.EventPublishingTestExecutionListener@13b409bb, org.springframework.boot.test.mock.mockito.ResetMocksTestExecutionListener@9d818b5, org.springframework.boot.test.autoconfigure.restdocs.RestDocsTestExecutionListener@4f8e6101, org.springframework.boot.test.autoconfigure.web.client.MockRestServiceServerResetTestExecutionListener@1a02063a, org.springframework.boot.test.autoconfigure.web.servlet.MockMvcPrintOnlyOnFailureTestExecutionListener@29483d10, org.springframework.boot.test.autoconfigure.web.servlet.WebDriverTestExecutionListener@601c953c, org.springframework.boot.test.autoconfigure.webservices.client.MockWebServiceServerTestExecutionListener@5ca67657]
2026-03-06 13:44:15 [main] INFO  com.system.MsvcEmployeeApplicationTests -Starting MsvcEmployeeApplicationTests using Java 21.0.9 on DESKTOP-1D84HCV with PID 8032 (started by OWNER in C:\Users\OWNER\Desktop\microservice-project\msvc-employee)
2026-03-06 13:44:15 [main] DEBUG com.system.MsvcEmployeeApplicationTests -Running with Spring Boot v2.7.18, Spring v5.3.31
2026-03-06 13:44:15 [main] INFO  com.system.MsvcEmployeeApplicationTests -No active profile set, falling back to 1 default profile: "default"
2026-03-06 13:44:15 [main] INFO  org.springframework.data.repository.config.RepositoryConfigurationDelegate -Bootstrapping Spring Data JPA repositories in DEFAULT mode.
2026-03-06 13:44:15 [main] INFO  org.springframework.data.repository.config.RepositoryConfigurationDelegate -Finished Spring Data repository scanning in 25 ms. Found 1 JPA repository interfaces.
2026-03-06 13:44:15 [main] INFO  org.springframework.cloud.context.scope.GenericScope -BeanFactory id=c3cdc22d-aa5d-37c9-aa55-68c2729d147c
2026-03-06 13:44:15 [main] INFO  org.springframework.context.support.PostProcessorRegistrationDelegate$BeanPostProcessorChecker -Bean 'org.springframework.ws.config.annotation.DelegatingWsConfiguration' of type [org.springframework.ws.config.annotation.DelegatingWsConfiguration$$EnhancerBySpringCGLIB$$aa1c4392] is not eligible for getting processed by all BeanPostProcessors (for example: not eligible for auto-proxying)
2026-03-06 13:44:15 [main] INFO  org.springframework.ws.soap.addressing.server.AnnotationActionEndpointMapping -Supporting [WS-Addressing August 2004, WS-Addressing 1.0]
2026-03-06 13:44:16 [main] INFO  com.zaxxer.hikari.HikariDataSource -HikariPool-2 - Starting...
2026-03-06 13:44:16 [main] INFO  com.zaxxer.hikari.HikariDataSource -HikariPool-2 - Start completed.
2026-03-06 13:44:16 [main] INFO  org.hibernate.jpa.internal.util.LogHelper -HHH000204: Processing PersistenceUnitInfo [name: default]
2026-03-06 13:44:16 [main] INFO  org.hibernate.dialect.Dialect -HHH000400: Using dialect: org.hibernate.dialect.H2Dialect
2026-03-06 13:44:16 [main] DEBUG org.hibernate.SQL -
    
    drop table if exists employee CASCADE 
2026-03-06 13:44:16 [main] DEBUG org.hibernate.SQL -
    
    create table employee (
       id bigint generated by default as identity,
        age integer not null,
        date_birth varchar(255),
        first_last_name varchar(255),
        first_name varchar(255),
        position varchar(255),
        second_last_name varchar(255),
        second_name varchar(255),
        sex varchar(255),
        status boolean not null,
        system_registration_date date,
        primary key (id)
    )
2026-03-06 13:44:16 [main] INFO  org.hibernate.engine.transaction.jta.platform.internal.JtaPlatformInitiator -HHH000490: Using JtaPlatform implementation: [org.hibernate.engine.transaction.jta.platform.internal.NoJtaPlatform]
2026-03-06 13:44:16 [main] INFO  org.springframework.orm.jpa.LocalContainerEntityManagerFactoryBean -Initialized JPA EntityManagerFactory for persistence unit 'default'
2026-03-06 13:44:16 [main] WARN  org.springframework.boot.autoconfigure.orm.jpa.JpaBaseConfiguration$JpaWebConfiguration -spring.jpa.open-in-view is enabled by default. Therefore, database queries may be performed during view rendering. Explicitly configure spring.jpa.open-in-view to disable this warning
2026-03-06 13:44:16 [main] INFO  org.springframework.boot.autoconfigure.h2.H2ConsoleAutoConfiguration -H2 console available at '/h2-console'. Database available at 'jdbc:h2:mem:superdb'
2026-03-06 13:44:17 [main] INFO  org.springframework.cloud.netflix.eureka.config.DiscoveryClientOptionalArgsConfiguration -Eureka HTTP Client uses RestTemplate.
2026-03-06 13:44:17 [main] WARN  org.springframework.cloud.loadbalancer.config.LoadBalancerCacheAutoConfiguration$LoadBalancerCaffeineWarnLogger -Spring Cloud LoadBalancer is currently working with the default cache. While this cache implementation is useful for development and tests, it's recommended to use Caffeine cache in production.You can switch to using Caffeine cache, by adding it and org.springframework.cache.caffeine.CaffeineCacheManager to the classpath.
2026-03-06 13:44:17 [main] INFO  org.springframework.boot.actuate.endpoint.web.EndpointLinksResolver -Exposing 1 endpoint(s) beneath base path '/actuator'
2026-03-06 13:44:17 [main] INFO  org.springframework.cloud.netflix.eureka.InstanceInfoFactory -Setting initial instance status as: STARTING
2026-03-06 13:44:17 [main] INFO  com.netflix.discovery.DiscoveryClient -Initializing Eureka in region us-east-1
2026-03-06 13:44:17 [main] INFO  com.netflix.discovery.shared.resolver.aws.ConfigClusterResolver -Resolving eureka endpoints via configuration
2026-03-06 13:44:17 [main] INFO  com.netflix.discovery.DiscoveryClient -Disable delta property : false
2026-03-06 13:44:17 [main] INFO  com.netflix.discovery.DiscoveryClient -Single vip registry refresh property : null
2026-03-06 13:44:17 [main] INFO  com.netflix.discovery.DiscoveryClient -Force full registry fetch : false
2026-03-06 13:44:17 [main] INFO  com.netflix.discovery.DiscoveryClient -Application is null : false
2026-03-06 13:44:17 [main] INFO  com.netflix.discovery.DiscoveryClient -Registered Applications size is zero : true
2026-03-06 13:44:17 [main] INFO  com.netflix.discovery.DiscoveryClient -Application version is -1: true
2026-03-06 13:44:17 [main] INFO  com.netflix.discovery.DiscoveryClient -Getting all instance registry info from the eureka server
2026-03-06 13:44:17 [main] INFO  com.netflix.discovery.DiscoveryClient -The response status is 200
2026-03-06 13:44:17 [main] INFO  com.netflix.discovery.DiscoveryClient -Starting heartbeat executor: renew interval is: 30
2026-03-06 13:44:17 [main] INFO  com.netflix.discovery.InstanceInfoReplicator -InstanceInfoReplicator onDemand update allowed rate per min is 4
2026-03-06 13:44:17 [main] INFO  com.netflix.discovery.DiscoveryClient -Discovery Client initialized at timestamp 1772826257781 with initial instances count: 1
2026-03-06 13:44:17 [main] INFO  org.springframework.cloud.netflix.eureka.serviceregistry.EurekaServiceRegistry -Registering application MSVC-EMPLOYEE with eureka with status UP
2026-03-06 13:44:17 [main] INFO  com.netflix.discovery.DiscoveryClient -Saw local status change event StatusChangeEvent [timestamp=1772826257791, current=UP, previous=STARTING]
2026-03-06 13:44:17 [DiscoveryClient-InstanceInfoReplicator-0] INFO  com.netflix.discovery.DiscoveryClient -DiscoveryClient_MSVC-EMPLOYEE/msvc-employee:207c8aee03f79513aa6d8a5266f3a77a: registering service...
2026-03-06 13:44:17 [main] INFO  com.system.MsvcEmployeeApplicationTests -Started MsvcEmployeeApplicationTests in 2.701 seconds (JVM running for 15.849)
2026-03-06 13:44:17 [DiscoveryClient-InstanceInfoReplicator-0] INFO  com.netflix.discovery.DiscoveryClient -DiscoveryClient_MSVC-EMPLOYEE/msvc-employee:207c8aee03f79513aa6d8a5266f3a77a - registration status: 204
2026-03-06 13:44:17 [SpringApplicationShutdownHook] INFO  org.springframework.cloud.netflix.eureka.serviceregistry.EurekaServiceRegistry -Unregistering application MSVC-EMPLOYEE with eureka with status DOWN
2026-03-06 13:44:17 [SpringApplicationShutdownHook] INFO  com.netflix.discovery.DiscoveryClient -Saw local status change event StatusChangeEvent [timestamp=1772826257849, current=DOWN, previous=UP]
2026-03-06 13:44:17 [DiscoveryClient-InstanceInfoReplicator-0] INFO  com.netflix.discovery.DiscoveryClient -DiscoveryClient_MSVC-EMPLOYEE/msvc-employee:fd41f9537b7a1ea1f966c47c07be49a8: registering service...
2026-03-06 13:44:17 [SpringApplicationShutdownHook] INFO  org.springframework.orm.jpa.LocalContainerEntityManagerFactoryBean -Closing JPA EntityManagerFactory for persistence unit 'default'
2026-03-06 13:44:17 [SpringApplicationShutdownHook] INFO  org.hibernate.tool.schema.internal.SchemaDropperImpl$DelayedDropActionImpl -HHH000477: Starting delayed evictData of schema as part of SessionFactory shut-down'
2026-03-06 13:44:17 [DiscoveryClient-InstanceInfoReplicator-0] INFO  com.netflix.discovery.DiscoveryClient -DiscoveryClient_MSVC-EMPLOYEE/msvc-employee:fd41f9537b7a1ea1f966c47c07be49a8 - registration status: 204
2026-03-06 13:44:17 [SpringApplicationShutdownHook] DEBUG org.hibernate.SQL -
    
    drop table if exists employee CASCADE 
2026-03-06 13:44:18 [SpringApplicationShutdownHook] INFO  com.zaxxer.hikari.HikariDataSource -HikariPool-1 - Shutdown initiated...
2026-03-06 13:44:18 [SpringApplicationShutdownHook] INFO  com.zaxxer.hikari.HikariDataSource -HikariPool-1 - Shutdown completed.
2026-03-06 13:44:18 [SpringApplicationShutdownHook] INFO  com.netflix.discovery.DiscoveryClient -Shutting down DiscoveryClient ...
2026-03-06 13:44:21 [SpringApplicationShutdownHook] INFO  com.netflix.discovery.DiscoveryClient -Unregistering ...
2026-03-06 13:44:21 [SpringApplicationShutdownHook] INFO  com.netflix.discovery.DiscoveryClient -DiscoveryClient_MSVC-EMPLOYEE/msvc-employee:fd41f9537b7a1ea1f966c47c07be49a8 - deregister  status: 200
2026-03-06 13:44:21 [SpringApplicationShutdownHook] INFO  com.netflix.discovery.DiscoveryClient -Completed shut down of DiscoveryClient
2026-03-06 13:44:21 [SpringApplicationShutdownHook] INFO  org.springframework.cloud.netflix.eureka.serviceregistry.EurekaServiceRegistry -Unregistering application MSVC-EMPLOYEE with eureka with status DOWN
2026-03-06 13:44:21 [SpringApplicationShutdownHook] INFO  com.netflix.discovery.DiscoveryClient -Saw local status change event StatusChangeEvent [timestamp=1772826261110, current=DOWN, previous=UP]
2026-03-06 13:44:21 [DiscoveryClient-InstanceInfoReplicator-0] INFO  com.netflix.discovery.DiscoveryClient -DiscoveryClient_MSVC-EMPLOYEE/msvc-employee:207c8aee03f79513aa6d8a5266f3a77a: registering service...
2026-03-06 13:44:21 [SpringApplicationShutdownHook] INFO  org.springframework.orm.jpa.LocalContainerEntityManagerFactoryBean -Closing JPA EntityManagerFactory for persistence unit 'default'
2026-03-06 13:44:21 [SpringApplicationShutdownHook] INFO  org.hibernate.tool.schema.internal.SchemaDropperImpl$DelayedDropActionImpl -HHH000477: Starting delayed evictData of schema as part of SessionFactory shut-down'
2026-03-06 13:44:21 [SpringApplicationShutdownHook] DEBUG org.hibernate.SQL -
    
    drop table if exists employee CASCADE 
2026-03-06 13:44:21 [SpringApplicationShutdownHook] INFO  com.zaxxer.hikari.HikariDataSource -HikariPool-2 - Shutdown initiated...
2026-03-06 13:44:21 [SpringApplicationShutdownHook] INFO  com.zaxxer.hikari.HikariDataSource -HikariPool-2 - Shutdown completed.
2026-03-06 13:44:21 [SpringApplicationShutdownHook] INFO  com.netflix.discovery.DiscoveryClient -Shutting down DiscoveryClient ...
2026-03-06 13:44:21 [DiscoveryClient-InstanceInfoReplicator-0] INFO  com.netflix.discovery.DiscoveryClient -DiscoveryClient_MSVC-EMPLOYEE/msvc-employee:207c8aee03f79513aa6d8a5266f3a77a - registration status: 204
2026-03-06 13:44:21 [SpringApplicationShutdownHook] INFO  com.netflix.discovery.DiscoveryClient -Unregistering ...
2026-03-06 13:44:21 [SpringApplicationShutdownHook] INFO  com.netflix.discovery.DiscoveryClient -DiscoveryClient_MSVC-EMPLOYEE/msvc-employee:207c8aee03f79513aa6d8a5266f3a77a - deregister  status: 200
2026-03-06 13:44:21 [SpringApplicationShutdownHook] INFO  com.netflix.discovery.DiscoveryClient -Completed shut down of DiscoveryClient
2026-03-06 13:45:19 [main] INFO  com.system.MsvcEmployeeApplication -Starting MsvcEmployeeApplication using Java 21.0.9 on DESKTOP-1D84HCV with PID 19408 (C:\Users\OWNER\Desktop\microservice-project\msvc-employee\target\classes started by OWNER in C:\Users\OWNER\Desktop\microservice-project\msvc-employee)
2026-03-06 13:45:19 [main] DEBUG com.system.MsvcEmployeeApplication -Running with Spring Boot v2.7.18, Spring v5.3.31
2026-03-06 13:45:19 [main] INFO  com.system.MsvcEmployeeApplication -No active profile set, falling back to 1 default profile: "default"
2026-03-06 13:45:21 [main] INFO  org.springframework.data.repository.config.RepositoryConfigurationDelegate -Bootstrapping Spring Data JPA repositories in DEFAULT mode.
2026-03-06 13:45:21 [main] INFO  org.springframework.data.repository.config.RepositoryConfigurationDelegate -Finished Spring Data repository scanning in 171 ms. Found 1 JPA repository interfaces.
2026-03-06 13:45:21 [main] INFO  org.springframework.cloud.context.scope.GenericScope -BeanFactory id=9922f21d-f44e-3c19-9b63-d67f93297016
2026-03-06 13:45:22 [main] INFO  org.springframework.context.support.PostProcessorRegistrationDelegate$BeanPostProcessorChecker -Bean 'org.springframework.ws.config.annotation.DelegatingWsConfiguration' of type [org.springframework.ws.config.annotation.DelegatingWsConfiguration$$EnhancerBySpringCGLIB$$4abf1b3c] is not eligible for getting processed by all BeanPostProcessors (for example: not eligible for auto-proxying)
2026-03-06 13:45:22 [main] INFO  org.springframework.ws.soap.addressing.server.AnnotationActionEndpointMapping -Supporting [WS-Addressing August 2004, WS-Addressing 1.0]
2026-03-06 13:45:23 [main] INFO  org.springframework.boot.web.embedded.tomcat.TomcatWebServer -Tomcat initialized with port(s): 8082 (http)
2026-03-06 13:45:23 [main] INFO  org.apache.catalina.core.StandardService -Starting service [Tomcat]
2026-03-06 13:45:23 [main] INFO  org.apache.catalina.core.StandardEngine -Starting Servlet engine: [Apache Tomcat/9.0.83]
2026-03-06 13:45:23 [main] INFO  org.apache.catalina.core.ContainerBase.[Tomcat].[localhost].[/] -Initializing Spring embedded WebApplicationContext
2026-03-06 13:45:23 [main] INFO  org.springframework.boot.web.servlet.context.ServletWebServerApplicationContext -Root WebApplicationContext: initialization completed in 3969 ms
2026-03-06 13:45:23 [main] INFO  com.zaxxer.hikari.HikariDataSource -HikariPool-1 - Starting...
2026-03-06 13:45:24 [main] INFO  com.zaxxer.hikari.HikariDataSource -HikariPool-1 - Start completed.
2026-03-06 13:45:24 [main] INFO  org.springframework.boot.autoconfigure.h2.H2ConsoleAutoConfiguration -H2 console available at '/h2-console'. Database available at 'jdbc:h2:mem:superdb'
2026-03-06 13:45:24 [main] INFO  org.hibernate.jpa.internal.util.LogHelper -HHH000204: Processing PersistenceUnitInfo [name: default]
2026-03-06 13:45:24 [main] INFO  org.hibernate.Version -HHH000412: Hibernate ORM core version 5.6.15.Final
2026-03-06 13:45:24 [main] INFO  org.hibernate.annotations.common.Version -HCANN000001: Hibernate Commons Annotations {5.1.2.Final}
2026-03-06 13:45:25 [main] INFO  org.hibernate.dialect.Dialect -HHH000400: Using dialect: org.hibernate.dialect.H2Dialect
2026-03-06 13:45:26 [main] DEBUG org.hibernate.SQL -
    
    drop table if exists employee CASCADE 
2026-03-06 13:45:26 [main] DEBUG org.hibernate.SQL -
    
    create table employee (
       id bigint generated by default as identity,
        age integer not null,
        date_birth varchar(255),
        first_last_name varchar(255),
        first_name varchar(255),
        position varchar(255),
        second_last_name varchar(255),
        second_name varchar(255),
        sex varchar(255),
        status boolean not null,
        system_registration_date date,
        primary key (id)
    )
2026-03-06 13:45:26 [main] INFO  org.hibernate.engine.transaction.jta.platform.internal.JtaPlatformInitiator -HHH000490: Using JtaPlatform implementation: [org.hibernate.engine.transaction.jta.platform.internal.NoJtaPlatform]
2026-03-06 13:45:26 [main] INFO  org.springframework.orm.jpa.LocalContainerEntityManagerFactoryBean -Initialized JPA EntityManagerFactory for persistence unit 'default'
2026-03-06 13:45:26 [main] WARN  org.springframework.boot.autoconfigure.orm.jpa.JpaBaseConfiguration$JpaWebConfiguration -spring.jpa.open-in-view is enabled by default. Therefore, database queries may be performed during view rendering. Explicitly configure spring.jpa.open-in-view to disable this warning
2026-03-06 13:45:27 [main] INFO  org.springframework.cloud.netflix.eureka.config.DiscoveryClientOptionalArgsConfiguration -Eureka HTTP Client uses RestTemplate.
2026-03-06 13:45:28 [main] WARN  org.springframework.cloud.loadbalancer.config.LoadBalancerCacheAutoConfiguration$LoadBalancerCaffeineWarnLogger -Spring Cloud LoadBalancer is currently working with the default cache. While this cache implementation is useful for development and tests, it's recommended to use Caffeine cache in production.You can switch to using Caffeine cache, by adding it and org.springframework.cache.caffeine.CaffeineCacheManager to the classpath.
2026-03-06 13:45:28 [main] INFO  org.springframework.boot.actuate.endpoint.web.EndpointLinksResolver -Exposing 1 endpoint(s) beneath base path '/actuator'
2026-03-06 13:45:28 [main] INFO  org.springframework.cloud.netflix.eureka.InstanceInfoFactory -Setting initial instance status as: STARTING
2026-03-06 13:45:28 [main] INFO  com.netflix.discovery.DiscoveryClient -Initializing Eureka in region us-east-1
2026-03-06 13:45:28 [main] INFO  com.netflix.discovery.shared.resolver.aws.ConfigClusterResolver -Resolving eureka endpoints via configuration
2026-03-06 13:45:28 [main] INFO  com.netflix.discovery.DiscoveryClient -Disable delta property : false
2026-03-06 13:45:28 [main] INFO  com.netflix.discovery.DiscoveryClient -Single vip registry refresh property : null
2026-03-06 13:45:28 [main] INFO  com.netflix.discovery.DiscoveryClient -Force full registry fetch : false
2026-03-06 13:45:28 [main] INFO  com.netflix.discovery.DiscoveryClient -Application is null : false
2026-03-06 13:45:28 [main] INFO  com.netflix.discovery.DiscoveryClient -Registered Applications size is zero : true
2026-03-06 13:45:28 [main] INFO  com.netflix.discovery.DiscoveryClient -Application version is -1: true
2026-03-06 13:45:28 [main] INFO  com.netflix.discovery.DiscoveryClient -Getting all instance registry info from the eureka server
2026-03-06 13:45:29 [main] INFO  com.netflix.discovery.DiscoveryClient -The response status is 200
2026-03-06 13:45:29 [main] INFO  com.netflix.discovery.DiscoveryClient -Starting heartbeat executor: renew interval is: 30
2026-03-06 13:45:29 [main] INFO  com.netflix.discovery.InstanceInfoReplicator -InstanceInfoReplicator onDemand update allowed rate per min is 4
2026-03-06 13:45:29 [main] INFO  com.netflix.discovery.DiscoveryClient -Discovery Client initialized at timestamp 1772826329176 with initial instances count: 1
2026-03-06 13:45:29 [main] INFO  org.springframework.cloud.netflix.eureka.serviceregistry.EurekaServiceRegistry -Registering application MSVC-EMPLOYEE with eureka with status UP
2026-03-06 13:45:29 [main] INFO  com.netflix.discovery.DiscoveryClient -Saw local status change event StatusChangeEvent [timestamp=1772826329185, current=UP, previous=STARTING]
2026-03-06 13:45:29 [DiscoveryClient-InstanceInfoReplicator-0] INFO  com.netflix.discovery.DiscoveryClient -DiscoveryClient_MSVC-EMPLOYEE/msvc-employee:65432288805bbbaff4c826fe630a66ca: registering service...
2026-03-06 13:45:29 [main] INFO  org.springframework.boot.web.embedded.tomcat.TomcatWebServer -Tomcat started on port(s): 8082 (http) with context path ''
2026-03-06 13:45:29 [main] INFO  org.springframework.cloud.netflix.eureka.serviceregistry.EurekaAutoServiceRegistration -Updating port to 8082
2026-03-06 13:45:29 [DiscoveryClient-InstanceInfoReplicator-0] INFO  com.netflix.discovery.DiscoveryClient -DiscoveryClient_MSVC-EMPLOYEE/msvc-employee:65432288805bbbaff4c826fe630a66ca - registration status: 204
2026-03-06 13:45:29 [main] INFO  com.system.MsvcEmployeeApplication -Started MsvcEmployeeApplication in 10.867 seconds (JVM running for 11.807)
2026-03-06 13:45:47 [SpringApplicationShutdownHook] INFO  org.springframework.cloud.netflix.eureka.serviceregistry.EurekaServiceRegistry -Unregistering application MSVC-EMPLOYEE with eureka with status DOWN
2026-03-06 13:45:47 [SpringApplicationShutdownHook] INFO  com.netflix.discovery.DiscoveryClient -Saw local status change event StatusChangeEvent [timestamp=1772826347384, current=DOWN, previous=UP]
2026-03-06 13:45:47 [DiscoveryClient-InstanceInfoReplicator-0] INFO  com.netflix.discovery.DiscoveryClient -DiscoveryClient_MSVC-EMPLOYEE/msvc-employee:65432288805bbbaff4c826fe630a66ca: registering service...
2026-03-06 13:45:47 [DiscoveryClient-InstanceInfoReplicator-0] INFO  com.netflix.discovery.DiscoveryClient -DiscoveryClient_MSVC-EMPLOYEE/msvc-employee:65432288805bbbaff4c826fe630a66ca - registration status: 204
2026-03-06 13:45:47 [SpringApplicationShutdownHook] INFO  org.springframework.orm.jpa.LocalContainerEntityManagerFactoryBean -Closing JPA EntityManagerFactory for persistence unit 'default'
2026-03-06 13:45:47 [SpringApplicationShutdownHook] INFO  org.hibernate.tool.schema.internal.SchemaDropperImpl$DelayedDropActionImpl -HHH000477: Starting delayed evictData of schema as part of SessionFactory shut-down'
2026-03-06 13:45:47 [SpringApplicationShutdownHook] DEBUG org.hibernate.SQL -
    
    drop table if exists employee CASCADE 
2026-03-06 13:45:47 [SpringApplicationShutdownHook] INFO  com.zaxxer.hikari.HikariDataSource -HikariPool-1 - Shutdown initiated...
2026-03-06 13:45:47 [SpringApplicationShutdownHook] INFO  com.zaxxer.hikari.HikariDataSource -HikariPool-1 - Shutdown completed.
2026-03-06 13:45:47 [SpringApplicationShutdownHook] INFO  com.netflix.discovery.DiscoveryClient -Shutting down DiscoveryClient ...
2026-03-06 13:45:50 [SpringApplicationShutdownHook] INFO  com.netflix.discovery.DiscoveryClient -Unregistering ...
2026-03-06 13:45:50 [SpringApplicationShutdownHook] INFO  com.netflix.discovery.DiscoveryClient -DiscoveryClient_MSVC-EMPLOYEE/msvc-employee:65432288805bbbaff4c826fe630a66ca - deregister  status: 200
2026-03-06 13:45:50 [SpringApplicationShutdownHook] INFO  com.netflix.discovery.DiscoveryClient -Completed shut down of DiscoveryClient
2026-03-06 13:46:07 [main] INFO  com.system.controller.EmployeeControllerTest -Starting EmployeeControllerTest using Java 21.0.9 on DESKTOP-1D84HCV with PID 27736 (started by OWNER in C:\Users\OWNER\Desktop\microservice-project\msvc-employee)
2026-03-06 13:46:07 [main] DEBUG com.system.controller.EmployeeControllerTest -Running with Spring Boot v2.7.18, Spring v5.3.31
2026-03-06 13:46:07 [main] INFO  com.system.controller.EmployeeControllerTest -No active profile set, falling back to 1 default profile: "default"
2026-03-06 13:46:09 [main] INFO  org.springframework.data.repository.config.RepositoryConfigurationDelegate -Bootstrapping Spring Data JPA repositories in DEFAULT mode.
2026-03-06 13:46:09 [main] INFO  org.springframework.data.repository.config.RepositoryConfigurationDelegate -Finished Spring Data repository scanning in 228 ms. Found 1 JPA repository interfaces.
2026-03-06 13:46:10 [main] INFO  org.springframework.cloud.context.scope.GenericScope -BeanFactory id=f323952d-76a6-3055-b97d-6f47f9ffdd4e
2026-03-06 13:46:11 [main] INFO  org.springframework.context.support.PostProcessorRegistrationDelegate$BeanPostProcessorChecker -Bean 'org.springframework.ws.config.annotation.DelegatingWsConfiguration' of type [org.springframework.ws.config.annotation.DelegatingWsConfiguration$$EnhancerBySpringCGLIB$$880e1f3d] is not eligible for getting processed by all BeanPostProcessors (for example: not eligible for auto-proxying)
2026-03-06 13:46:11 [main] INFO  org.springframework.ws.soap.addressing.server.AnnotationActionEndpointMapping -Supporting [WS-Addressing August 2004, WS-Addressing 1.0]
2026-03-06 13:46:11 [main] INFO  com.zaxxer.hikari.HikariDataSource -HikariPool-1 - Starting...
2026-03-06 13:46:12 [main] INFO  com.zaxxer.hikari.HikariDataSource -HikariPool-1 - Start completed.
2026-03-06 13:46:12 [main] INFO  org.hibernate.jpa.internal.util.LogHelper -HHH000204: Processing PersistenceUnitInfo [name: default]
2026-03-06 13:46:12 [main] INFO  org.hibernate.Version -HHH000412: Hibernate ORM core version 5.6.15.Final
2026-03-06 13:46:12 [main] INFO  org.hibernate.annotations.common.Version -HCANN000001: Hibernate Commons Annotations {5.1.2.Final}
2026-03-06 13:46:12 [main] INFO  org.hibernate.dialect.Dialect -HHH000400: Using dialect: org.hibernate.dialect.H2Dialect
2026-03-06 13:46:13 [main] DEBUG org.hibernate.SQL -
    
    drop table if exists employee CASCADE 
2026-03-06 13:46:13 [main] DEBUG org.hibernate.SQL -
    
    create table employee (
       id bigint generated by default as identity,
        age integer not null,
        date_birth varchar(255),
        first_last_name varchar(255),
        first_name varchar(255),
        position varchar(255),
        second_last_name varchar(255),
        second_name varchar(255),
        sex varchar(255),
        status boolean not null,
        system_registration_date date,
        primary key (id)
    )
2026-03-06 13:46:13 [main] INFO  org.hibernate.engine.transaction.jta.platform.internal.JtaPlatformInitiator -HHH000490: Using JtaPlatform implementation: [org.hibernate.engine.transaction.jta.platform.internal.NoJtaPlatform]
2026-03-06 13:46:13 [main] INFO  org.springframework.orm.jpa.LocalContainerEntityManagerFactoryBean -Initialized JPA EntityManagerFactory for persistence unit 'default'
2026-03-06 13:46:14 [main] WARN  org.springframework.boot.autoconfigure.orm.jpa.JpaBaseConfiguration$JpaWebConfiguration -spring.jpa.open-in-view is enabled by default. Therefore, database queries may be performed during view rendering. Explicitly configure spring.jpa.open-in-view to disable this warning
2026-03-06 13:46:14 [main] INFO  org.springframework.boot.autoconfigure.h2.H2ConsoleAutoConfiguration -H2 console available at '/h2-console'. Database available at 'jdbc:h2:mem:superdb'
2026-03-06 13:46:16 [main] INFO  org.springframework.boot.test.mock.web.SpringBootMockServletContext -Initializing Spring TestDispatcherServlet ''
2026-03-06 13:46:16 [main] INFO  org.springframework.test.web.servlet.TestDispatcherServlet -Initializing Servlet ''
2026-03-06 13:46:16 [main] INFO  org.springframework.boot.actuate.endpoint.web.EndpointLinksResolver -Exposing 1 endpoint(s) beneath base path '/actuator'
2026-03-06 13:46:17 [main] INFO  org.springframework.test.web.servlet.TestDispatcherServlet -Completed initialization in 60 ms
2026-03-06 13:46:17 [main] INFO  org.springframework.cloud.netflix.eureka.config.DiscoveryClientOptionalArgsConfiguration -Eureka HTTP Client uses RestTemplate.
2026-03-06 13:46:17 [main] WARN  org.springframework.cloud.loadbalancer.config.LoadBalancerCacheAutoConfiguration$LoadBalancerCaffeineWarnLogger -Spring Cloud LoadBalancer is currently working with the default cache. While this cache implementation is useful for development and tests, it's recommended to use Caffeine cache in production.You can switch to using Caffeine cache, by adding it and org.springframework.cache.caffeine.CaffeineCacheManager to the classpath.
2026-03-06 13:46:17 [main] INFO  org.springframework.cloud.netflix.eureka.InstanceInfoFactory -Setting initial instance status as: STARTING
2026-03-06 13:46:17 [main] INFO  com.netflix.discovery.DiscoveryClient -Initializing Eureka in region us-east-1
2026-03-06 13:46:17 [main] INFO  com.netflix.discovery.shared.resolver.aws.ConfigClusterResolver -Resolving eureka endpoints via configuration
2026-03-06 13:46:17 [main] INFO  com.netflix.discovery.DiscoveryClient -Disable delta property : false
2026-03-06 13:46:17 [main] INFO  com.netflix.discovery.DiscoveryClient -Single vip registry refresh property : null
2026-03-06 13:46:17 [main] INFO  com.netflix.discovery.DiscoveryClient -Force full registry fetch : false
2026-03-06 13:46:17 [main] INFO  com.netflix.discovery.DiscoveryClient -Application is null : false
2026-03-06 13:46:17 [main] INFO  com.netflix.discovery.DiscoveryClient -Registered Applications size is zero : true
2026-03-06 13:46:17 [main] INFO  com.netflix.discovery.DiscoveryClient -Application version is -1: true
2026-03-06 13:46:17 [main] INFO  com.netflix.discovery.DiscoveryClient -Getting all instance registry info from the eureka server
2026-03-06 13:46:18 [main] INFO  com.netflix.discovery.DiscoveryClient -The response status is 200
2026-03-06 13:46:18 [main] INFO  com.netflix.discovery.DiscoveryClient -Starting heartbeat executor: renew interval is: 30
2026-03-06 13:46:18 [main] INFO  com.netflix.discovery.InstanceInfoReplicator -InstanceInfoReplicator onDemand update allowed rate per min is 4
2026-03-06 13:46:18 [main] INFO  com.netflix.discovery.DiscoveryClient -Discovery Client initialized at timestamp 1772826378387 with initial instances count: 1
2026-03-06 13:46:18 [main] INFO  org.springframework.cloud.netflix.eureka.serviceregistry.EurekaServiceRegistry -Registering application MSVC-EMPLOYEE with eureka with status UP
2026-03-06 13:46:18 [main] INFO  com.netflix.discovery.DiscoveryClient -Saw local status change event StatusChangeEvent [timestamp=1772826378399, current=UP, previous=STARTING]
2026-03-06 13:46:18 [DiscoveryClient-InstanceInfoReplicator-0] INFO  com.netflix.discovery.DiscoveryClient -DiscoveryClient_MSVC-EMPLOYEE/msvc-employee:b95d2ea214fbbe656d0413764bc6334a: registering service...
2026-03-06 13:46:18 [main] INFO  com.system.controller.EmployeeControllerTest -Started EmployeeControllerTest in 11.807 seconds (JVM running for 13.506)
2026-03-06 13:46:18 [DiscoveryClient-InstanceInfoReplicator-0] INFO  com.netflix.discovery.DiscoveryClient -DiscoveryClient_MSVC-EMPLOYEE/msvc-employee:b95d2ea214fbbe656d0413764bc6334a - registration status: 204
2026-03-06 13:46:18 [main] INFO  org.springframework.boot.test.context.SpringBootTestContextBootstrapper -Neither @ContextConfiguration nor @ContextHierarchy found for test class [com.system.MsvcEmployeeApplicationTests], using SpringBootContextLoader
2026-03-06 13:46:18 [main] INFO  org.springframework.test.context.support.AbstractContextLoader -Could not detect default resource locations for test class [com.system.MsvcEmployeeApplicationTests]: no resource found for suffixes {-context.xml, Context.groovy}.
2026-03-06 13:46:18 [main] INFO  org.springframework.test.context.support.AnnotationConfigContextLoaderUtils -Could not detect default configuration classes for test class [com.system.MsvcEmployeeApplicationTests]: MsvcEmployeeApplicationTests does not declare any static, non-private, non-final, nested classes annotated with @Configuration.
2026-03-06 13:46:18 [main] INFO  org.springframework.boot.test.context.SpringBootTestContextBootstrapper -Found @SpringBootConfiguration com.system.MsvcEmployeeApplication for test class com.system.MsvcEmployeeApplicationTests
2026-03-06 13:46:18 [main] INFO  org.springframework.boot.test.context.SpringBootTestContextBootstrapper -Loaded default TestExecutionListener class names from location [META-INF/spring.factories]: [org.springframework.boot.test.mock.mockito.MockitoTestExecutionListener, org.springframework.boot.test.mock.mockito.ResetMocksTestExecutionListener, org.springframework.boot.test.autoconfigure.restdocs.RestDocsTestExecutionListener, org.springframework.boot.test.autoconfigure.web.client.MockRestServiceServerResetTestExecutionListener, org.springframework.boot.test.autoconfigure.web.servlet.MockMvcPrintOnlyOnFailureTestExecutionListener, org.springframework.boot.test.autoconfigure.web.servlet.WebDriverTestExecutionListener, org.springframework.boot.test.autoconfigure.webservices.client.MockWebServiceServerTestExecutionListener, org.springframework.test.context.web.ServletTestExecutionListener, org.springframework.test.context.support.DirtiesContextBeforeModesTestExecutionListener, org.springframework.test.context.event.ApplicationEventsTestExecutionListener, org.springframework.test.context.support.DependencyInjectionTestExecutionListener, org.springframework.test.context.support.DirtiesContextTestExecutionListener, org.springframework.test.context.transaction.TransactionalTestExecutionListener, org.springframework.test.context.jdbc.SqlScriptsTestExecutionListener, org.springframework.test.context.event.EventPublishingTestExecutionListener]
2026-03-06 13:46:18 [main] INFO  org.springframework.boot.test.context.SpringBootTestContextBootstrapper -Using TestExecutionListeners: [org.springframework.test.context.web.ServletTestExecutionListener@3e07ccbf, org.springframework.test.context.support.DirtiesContextBeforeModesTestExecutionListener@70b9a553, org.springframework.test.context.event.ApplicationEventsTestExecutionListener@58fe7e22, org.springframework.boot.test.mock.mockito.MockitoTestExecutionListener@591dd039, org.springframework.boot.test.autoconfigure.SpringBootDependencyInjectionTestExecutionListener@597f9d91, org.springframework.test.context.support.DirtiesContextTestExecutionListener@64d128d0, org.springframework.test.context.transaction.TransactionalTestExecutionListener@4f755506, org.springframework.test.context.jdbc.SqlScriptsTestExecutionListener@78ded8c9, org.springframework.test.context.event.EventPublishingTestExecutionListener@5d685156, org.springframework.boot.test.mock.mockito.ResetMocksTestExecutionListener@30926583, org.springframework.boot.test.autoconfigure.restdocs.RestDocsTestExecutionListener@55aadbf2, org.springframework.boot.test.autoconfigure.web.client.MockRestServiceServerResetTestExecutionListener@5b3c491e, org.springframework.boot.test.autoconfigure.web.servlet.MockMvcPrintOnlyOnFailureTestExecutionListener@44c141ce, org.springframework.boot.test.autoconfigure.web.servlet.WebDriverTestExecutionListener@67dc8aa8, org.springframework.boot.test.autoconfigure.webservices.client.MockWebServiceServerTestExecutionListener@642aa8ea]
2026-03-06 13:46:19 [main] INFO  com.system.MsvcEmployeeApplicationTests -Starting MsvcEmployeeApplicationTests using Java 21.0.9 on DESKTOP-1D84HCV with PID 27736 (started by OWNER in C:\Users\OWNER\Desktop\microservice-project\msvc-employee)
2026-03-06 13:46:19 [main] DEBUG com.system.MsvcEmployeeApplicationTests -Running with Spring Boot v2.7.18, Spring v5.3.31
2026-03-06 13:46:19 [main] INFO  com.system.MsvcEmployeeApplicationTests -No active profile set, falling back to 1 default profile: "default"
2026-03-06 13:46:19 [main] INFO  org.springframework.data.repository.config.RepositoryConfigurationDelegate -Bootstrapping Spring Data JPA repositories in DEFAULT mode.
2026-03-06 13:46:19 [main] INFO  org.springframework.data.repository.config.RepositoryConfigurationDelegate -Finished Spring Data repository scanning in 23 ms. Found 1 JPA repository interfaces.
2026-03-06 13:46:19 [main] INFO  org.springframework.cloud.context.scope.GenericScope -BeanFactory id=c3cdc22d-aa5d-37c9-aa55-68c2729d147c
2026-03-06 13:46:19 [main] INFO  org.springframework.context.support.PostProcessorRegistrationDelegate$BeanPostProcessorChecker -Bean 'org.springframework.ws.config.annotation.DelegatingWsConfiguration' of type [org.springframework.ws.config.annotation.DelegatingWsConfiguration$$EnhancerBySpringCGLIB$$880e1f3d] is not eligible for getting processed by all BeanPostProcessors (for example: not eligible for auto-proxying)
2026-03-06 13:46:19 [main] INFO  org.springframework.ws.soap.addressing.server.AnnotationActionEndpointMapping -Supporting [WS-Addressing August 2004, WS-Addressing 1.0]
2026-03-06 13:46:20 [main] INFO  com.zaxxer.hikari.HikariDataSource -HikariPool-2 - Starting...
2026-03-06 13:46:20 [main] INFO  com.zaxxer.hikari.HikariDataSource -HikariPool-2 - Start completed.
2026-03-06 13:46:20 [main] INFO  org.hibernate.jpa.internal.util.LogHelper -HHH000204: Processing PersistenceUnitInfo [name: default]
2026-03-06 13:46:20 [main] INFO  org.hibernate.dialect.Dialect -HHH000400: Using dialect: org.hibernate.dialect.H2Dialect
2026-03-06 13:46:20 [main] DEBUG org.hibernate.SQL -
    
    drop table if exists employee CASCADE 
2026-03-06 13:46:20 [main] DEBUG org.hibernate.SQL -
    
    create table employee (
       id bigint generated by default as identity,
        age integer not null,
        date_birth varchar(255),
        first_last_name varchar(255),
        first_name varchar(255),
        position varchar(255),
        second_last_name varchar(255),
        second_name varchar(255),
        sex varchar(255),
        status boolean not null,
        system_registration_date date,
        primary key (id)
    )
2026-03-06 13:46:20 [main] INFO  org.hibernate.engine.transaction.jta.platform.internal.JtaPlatformInitiator -HHH000490: Using JtaPlatform implementation: [org.hibernate.engine.transaction.jta.platform.internal.NoJtaPlatform]
2026-03-06 13:46:20 [main] INFO  org.springframework.orm.jpa.LocalContainerEntityManagerFactoryBean -Initialized JPA EntityManagerFactory for persistence unit 'default'
2026-03-06 13:46:21 [main] WARN  org.springframework.boot.autoconfigure.orm.jpa.JpaBaseConfiguration$JpaWebConfiguration -spring.jpa.open-in-view is enabled by default. Therefore, database queries may be performed during view rendering. Explicitly configure spring.jpa.open-in-view to disable this warning
2026-03-06 13:46:21 [main] INFO  org.springframework.boot.autoconfigure.h2.H2ConsoleAutoConfiguration -H2 console available at '/h2-console'. Database available at 'jdbc:h2:mem:superdb'
2026-03-06 13:46:22 [main] INFO  org.springframework.cloud.netflix.eureka.config.DiscoveryClientOptionalArgsConfiguration -Eureka HTTP Client uses RestTemplate.
2026-03-06 13:46:22 [main] WARN  org.springframework.cloud.loadbalancer.config.LoadBalancerCacheAutoConfiguration$LoadBalancerCaffeineWarnLogger -Spring Cloud LoadBalancer is currently working with the default cache. While this cache implementation is useful for development and tests, it's recommended to use Caffeine cache in production.You can switch to using Caffeine cache, by adding it and org.springframework.cache.caffeine.CaffeineCacheManager to the classpath.
2026-03-06 13:46:22 [main] INFO  org.springframework.boot.actuate.endpoint.web.EndpointLinksResolver -Exposing 1 endpoint(s) beneath base path '/actuator'
2026-03-06 13:46:22 [main] INFO  org.springframework.cloud.netflix.eureka.InstanceInfoFactory -Setting initial instance status as: STARTING
2026-03-06 13:46:22 [main] INFO  com.netflix.discovery.DiscoveryClient -Initializing Eureka in region us-east-1
2026-03-06 13:46:22 [main] INFO  com.netflix.discovery.shared.resolver.aws.ConfigClusterResolver -Resolving eureka endpoints via configuration
2026-03-06 13:46:22 [main] INFO  com.netflix.discovery.DiscoveryClient -Disable delta property : false
2026-03-06 13:46:22 [main] INFO  com.netflix.discovery.DiscoveryClient -Single vip registry refresh property : null
2026-03-06 13:46:22 [main] INFO  com.netflix.discovery.DiscoveryClient -Force full registry fetch : false
2026-03-06 13:46:22 [main] INFO  com.netflix.discovery.DiscoveryClient -Application is null : false
2026-03-06 13:46:22 [main] INFO  com.netflix.discovery.DiscoveryClient -Registered Applications size is zero : true
2026-03-06 13:46:22 [main] INFO  com.netflix.discovery.DiscoveryClient -Application version is -1: true
2026-03-06 13:46:22 [main] INFO  com.netflix.discovery.DiscoveryClient -Getting all instance registry info from the eureka server
2026-03-06 13:46:22 [main] INFO  com.netflix.discovery.DiscoveryClient -The response status is 200
2026-03-06 13:46:22 [main] INFO  com.netflix.discovery.DiscoveryClient -Starting heartbeat executor: renew interval is: 30
2026-03-06 13:46:22 [main] INFO  com.netflix.discovery.InstanceInfoReplicator -InstanceInfoReplicator onDemand update allowed rate per min is 4
2026-03-06 13:46:22 [main] INFO  com.netflix.discovery.DiscoveryClient -Discovery Client initialized at timestamp 1772826382364 with initial instances count: 1
2026-03-06 13:46:22 [main] INFO  org.springframework.cloud.netflix.eureka.serviceregistry.EurekaServiceRegistry -Registering application MSVC-EMPLOYEE with eureka with status UP
2026-03-06 13:46:22 [main] INFO  com.netflix.discovery.DiscoveryClient -Saw local status change event StatusChangeEvent [timestamp=1772826382371, current=UP, previous=STARTING]
2026-03-06 13:46:22 [DiscoveryClient-InstanceInfoReplicator-0] INFO  com.netflix.discovery.DiscoveryClient -DiscoveryClient_MSVC-EMPLOYEE/msvc-employee:a4ceeb1d1c0008c76d713b2a2d4ffa42: registering service...
2026-03-06 13:46:22 [main] INFO  com.system.MsvcEmployeeApplicationTests -Started MsvcEmployeeApplicationTests in 3.494 seconds (JVM running for 17.469)
2026-03-06 13:46:22 [DiscoveryClient-InstanceInfoReplicator-0] INFO  com.netflix.discovery.DiscoveryClient -DiscoveryClient_MSVC-EMPLOYEE/msvc-employee:a4ceeb1d1c0008c76d713b2a2d4ffa42 - registration status: 204
2026-03-06 13:46:22 [SpringApplicationShutdownHook] INFO  org.springframework.cloud.netflix.eureka.serviceregistry.EurekaServiceRegistry -Unregistering application MSVC-EMPLOYEE with eureka with status DOWN
2026-03-06 13:46:22 [SpringApplicationShutdownHook] INFO  com.netflix.discovery.DiscoveryClient -Saw local status change event StatusChangeEvent [timestamp=1772826382431, current=DOWN, previous=UP]
2026-03-06 13:46:22 [DiscoveryClient-InstanceInfoReplicator-0] INFO  com.netflix.discovery.DiscoveryClient -DiscoveryClient_MSVC-EMPLOYEE/msvc-employee:b95d2ea214fbbe656d0413764bc6334a: registering service...
2026-03-06 13:46:22 [SpringApplicationShutdownHook] INFO  org.springframework.orm.jpa.LocalContainerEntityManagerFactoryBean -Closing JPA EntityManagerFactory for persistence unit 'default'
2026-03-06 13:46:22 [DiscoveryClient-InstanceInfoReplicator-0] INFO  com.netflix.discovery.DiscoveryClient -DiscoveryClient_MSVC-EMPLOYEE/msvc-employee:b95d2ea214fbbe656d0413764bc6334a - registration status: 204
2026-03-06 13:46:22 [SpringApplicationShutdownHook] INFO  org.hibernate.tool.schema.internal.SchemaDropperImpl$DelayedDropActionImpl -HHH000477: Starting delayed evictData of schema as part of SessionFactory shut-down'
2026-03-06 13:46:22 [SpringApplicationShutdownHook] DEBUG org.hibernate.SQL -
    
    drop table if exists employee CASCADE 
2026-03-06 13:46:22 [SpringApplicationShutdownHook] INFO  com.zaxxer.hikari.HikariDataSource -HikariPool-1 - Shutdown initiated...
2026-03-06 13:46:22 [SpringApplicationShutdownHook] INFO  com.zaxxer.hikari.HikariDataSource -HikariPool-1 - Shutdown completed.
2026-03-06 13:46:22 [SpringApplicationShutdownHook] INFO  com.netflix.discovery.DiscoveryClient -Shutting down DiscoveryClient ...
2026-03-06 13:46:25 [SpringApplicationShutdownHook] INFO  com.netflix.discovery.DiscoveryClient -Unregistering ...
2026-03-06 13:46:25 [SpringApplicationShutdownHook] INFO  com.netflix.discovery.DiscoveryClient -DiscoveryClient_MSVC-EMPLOYEE/msvc-employee:b95d2ea214fbbe656d0413764bc6334a - deregister  status: 200
2026-03-06 13:46:25 [SpringApplicationShutdownHook] INFO  com.netflix.discovery.DiscoveryClient -Completed shut down of DiscoveryClient
2026-03-06 13:46:25 [SpringApplicationShutdownHook] INFO  org.springframework.cloud.netflix.eureka.serviceregistry.EurekaServiceRegistry -Unregistering application MSVC-EMPLOYEE with eureka with status DOWN
2026-03-06 13:46:25 [SpringApplicationShutdownHook] INFO  com.netflix.discovery.DiscoveryClient -Saw local status change event StatusChangeEvent [timestamp=1772826385681, current=DOWN, previous=UP]
2026-03-06 13:46:25 [DiscoveryClient-InstanceInfoReplicator-0] INFO  com.netflix.discovery.DiscoveryClient -DiscoveryClient_MSVC-EMPLOYEE/msvc-employee:a4ceeb1d1c0008c76d713b2a2d4ffa42: registering service...
2026-03-06 13:46:25 [SpringApplicationShutdownHook] INFO  org.springframework.orm.jpa.LocalContainerEntityManagerFactoryBean -Closing JPA EntityManagerFactory for persistence unit 'default'
2026-03-06 13:46:25 [SpringApplicationShutdownHook] INFO  org.hibernate.tool.schema.internal.SchemaDropperImpl$DelayedDropActionImpl -HHH000477: Starting delayed evictData of schema as part of SessionFactory shut-down'
2026-03-06 13:46:25 [SpringApplicationShutdownHook] DEBUG org.hibernate.SQL -
    
    drop table if exists employee CASCADE 
2026-03-06 13:46:25 [SpringApplicationShutdownHook] INFO  com.zaxxer.hikari.HikariDataSource -HikariPool-2 - Shutdown initiated...
2026-03-06 13:46:25 [SpringApplicationShutdownHook] INFO  com.zaxxer.hikari.HikariDataSource -HikariPool-2 - Shutdown completed.
2026-03-06 13:46:25 [SpringApplicationShutdownHook] INFO  com.netflix.discovery.DiscoveryClient -Shutting down DiscoveryClient ...
2026-03-06 13:46:25 [DiscoveryClient-InstanceInfoReplicator-0] INFO  com.netflix.discovery.DiscoveryClient -DiscoveryClient_MSVC-EMPLOYEE/msvc-employee:a4ceeb1d1c0008c76d713b2a2d4ffa42 - registration status: 204
2026-03-06 13:46:25 [SpringApplicationShutdownHook] INFO  com.netflix.discovery.DiscoveryClient -Unregistering ...
2026-03-06 13:46:25 [SpringApplicationShutdownHook] INFO  com.netflix.discovery.DiscoveryClient -DiscoveryClient_MSVC-EMPLOYEE/msvc-employee:a4ceeb1d1c0008c76d713b2a2d4ffa42 - deregister  status: 200
2026-03-06 13:46:25 [SpringApplicationShutdownHook] INFO  com.netflix.discovery.DiscoveryClient -Completed shut down of DiscoveryClient
2026-03-06 13:47:07 [main] INFO  com.system.MsvcEmployeeApplication -Starting MsvcEmployeeApplication using Java 21.0.9 on DESKTOP-1D84HCV with PID 1836 (C:\Users\OWNER\Desktop\microservice-project\msvc-employee\target\classes started by OWNER in C:\Users\OWNER\Desktop\microservice-project\msvc-employee)
2026-03-06 13:47:07 [main] DEBUG com.system.MsvcEmployeeApplication -Running with Spring Boot v2.7.18, Spring v5.3.31
2026-03-06 13:47:07 [main] INFO  com.system.MsvcEmployeeApplication -No active profile set, falling back to 1 default profile: "default"
2026-03-06 13:47:10 [main] INFO  org.springframework.data.repository.config.RepositoryConfigurationDelegate -Bootstrapping Spring Data JPA repositories in DEFAULT mode.
2026-03-06 13:47:10 [main] INFO  org.springframework.data.repository.config.RepositoryConfigurationDelegate -Finished Spring Data repository scanning in 164 ms. Found 1 JPA repository interfaces.
2026-03-06 13:47:10 [main] INFO  org.springframework.cloud.context.scope.GenericScope -BeanFactory id=9922f21d-f44e-3c19-9b63-d67f93297016
2026-03-06 13:47:10 [main] INFO  org.springframework.context.support.PostProcessorRegistrationDelegate$BeanPostProcessorChecker -Bean 'org.springframework.ws.config.annotation.DelegatingWsConfiguration' of type [org.springframework.ws.config.annotation.DelegatingWsConfiguration$$EnhancerBySpringCGLIB$$4abf1b3c] is not eligible for getting processed by all BeanPostProcessors (for example: not eligible for auto-proxying)
2026-03-06 13:47:10 [main] INFO  org.springframework.ws.soap.addressing.server.AnnotationActionEndpointMapping -Supporting [WS-Addressing August 2004, WS-Addressing 1.0]
2026-03-06 13:47:11 [main] INFO  org.springframework.boot.web.embedded.tomcat.TomcatWebServer -Tomcat initialized with port(s): 8082 (http)
2026-03-06 13:47:11 [main] INFO  org.apache.catalina.core.StandardService -Starting service [Tomcat]
2026-03-06 13:47:11 [main] INFO  org.apache.catalina.core.StandardEngine -Starting Servlet engine: [Apache Tomcat/9.0.83]
2026-03-06 13:47:12 [main] INFO  org.apache.catalina.core.ContainerBase.[Tomcat].[localhost].[/] -Initializing Spring embedded WebApplicationContext
2026-03-06 13:47:12 [main] INFO  org.springframework.boot.web.servlet.context.ServletWebServerApplicationContext -Root WebApplicationContext: initialization completed in 4145 ms
2026-03-06 13:47:12 [main] INFO  com.zaxxer.hikari.HikariDataSource -HikariPool-1 - Starting...
2026-03-06 13:47:12 [main] INFO  com.zaxxer.hikari.HikariDataSource -HikariPool-1 - Start completed.
2026-03-06 13:47:12 [main] INFO  org.springframework.boot.autoconfigure.h2.H2ConsoleAutoConfiguration -H2 console available at '/h2-console'. Database available at 'jdbc:h2:mem:superdb'
2026-03-06 13:47:13 [main] INFO  org.hibernate.jpa.internal.util.LogHelper -HHH000204: Processing PersistenceUnitInfo [name: default]
2026-03-06 13:47:13 [main] INFO  org.hibernate.Version -HHH000412: Hibernate ORM core version 5.6.15.Final
2026-03-06 13:47:13 [main] INFO  org.hibernate.annotations.common.Version -HCANN000001: Hibernate Commons Annotations {5.1.2.Final}
2026-03-06 13:47:13 [main] INFO  org.hibernate.dialect.Dialect -HHH000400: Using dialect: org.hibernate.dialect.H2Dialect
2026-03-06 13:47:14 [main] DEBUG org.hibernate.SQL -
    
    drop table if exists employee CASCADE 
2026-03-06 13:47:14 [main] DEBUG org.hibernate.SQL -
    
    create table employee (
       id bigint generated by default as identity,
        age integer not null,
        date_birth varchar(255),
        first_last_name varchar(255),
        first_name varchar(255),
        position varchar(255),
        second_last_name varchar(255),
        second_name varchar(255),
        sex varchar(255),
        status boolean not null,
        system_registration_date date,
        primary key (id)
    )
2026-03-06 13:47:14 [main] INFO  org.hibernate.engine.transaction.jta.platform.internal.JtaPlatformInitiator -HHH000490: Using JtaPlatform implementation: [org.hibernate.engine.transaction.jta.platform.internal.NoJtaPlatform]
2026-03-06 13:47:14 [main] INFO  org.springframework.orm.jpa.LocalContainerEntityManagerFactoryBean -Initialized JPA EntityManagerFactory for persistence unit 'default'
2026-03-06 13:47:15 [main] WARN  org.springframework.boot.autoconfigure.orm.jpa.JpaBaseConfiguration$JpaWebConfiguration -spring.jpa.open-in-view is enabled by default. Therefore, database queries may be performed during view rendering. Explicitly configure spring.jpa.open-in-view to disable this warning
2026-03-06 13:47:16 [main] INFO  org.springframework.cloud.netflix.eureka.config.DiscoveryClientOptionalArgsConfiguration -Eureka HTTP Client uses RestTemplate.
2026-03-06 13:47:16 [main] WARN  org.springframework.cloud.loadbalancer.config.LoadBalancerCacheAutoConfiguration$LoadBalancerCaffeineWarnLogger -Spring Cloud LoadBalancer is currently working with the default cache. While this cache implementation is useful for development and tests, it's recommended to use Caffeine cache in production.You can switch to using Caffeine cache, by adding it and org.springframework.cache.caffeine.CaffeineCacheManager to the classpath.
2026-03-06 13:47:16 [main] INFO  org.springframework.boot.actuate.endpoint.web.EndpointLinksResolver -Exposing 1 endpoint(s) beneath base path '/actuator'
2026-03-06 13:47:16 [main] INFO  org.springframework.cloud.netflix.eureka.InstanceInfoFactory -Setting initial instance status as: STARTING
2026-03-06 13:47:17 [main] INFO  com.netflix.discovery.DiscoveryClient -Initializing Eureka in region us-east-1
2026-03-06 13:47:17 [main] INFO  com.netflix.discovery.shared.resolver.aws.ConfigClusterResolver -Resolving eureka endpoints via configuration
2026-03-06 13:47:17 [main] INFO  com.netflix.discovery.DiscoveryClient -Disable delta property : false
2026-03-06 13:47:17 [main] INFO  com.netflix.discovery.DiscoveryClient -Single vip registry refresh property : null
2026-03-06 13:47:17 [main] INFO  com.netflix.discovery.DiscoveryClient -Force full registry fetch : false
2026-03-06 13:47:17 [main] INFO  com.netflix.discovery.DiscoveryClient -Application is null : false
2026-03-06 13:47:17 [main] INFO  com.netflix.discovery.DiscoveryClient -Registered Applications size is zero : true
2026-03-06 13:47:17 [main] INFO  com.netflix.discovery.DiscoveryClient -Application version is -1: true
2026-03-06 13:47:17 [main] INFO  com.netflix.discovery.DiscoveryClient -Getting all instance registry info from the eureka server
2026-03-06 13:47:17 [main] INFO  com.netflix.discovery.DiscoveryClient -The response status is 200
2026-03-06 13:47:17 [main] INFO  com.netflix.discovery.DiscoveryClient -Starting heartbeat executor: renew interval is: 30
2026-03-06 13:47:17 [main] INFO  com.netflix.discovery.InstanceInfoReplicator -InstanceInfoReplicator onDemand update allowed rate per min is 4
2026-03-06 13:47:17 [main] INFO  com.netflix.discovery.DiscoveryClient -Discovery Client initialized at timestamp 1772826437822 with initial instances count: 1
2026-03-06 13:47:17 [main] INFO  org.springframework.cloud.netflix.eureka.serviceregistry.EurekaServiceRegistry -Registering application MSVC-EMPLOYEE with eureka with status UP
2026-03-06 13:47:17 [main] INFO  com.netflix.discovery.DiscoveryClient -Saw local status change event StatusChangeEvent [timestamp=1772826437827, current=UP, previous=STARTING]
2026-03-06 13:47:17 [DiscoveryClient-InstanceInfoReplicator-0] INFO  com.netflix.discovery.DiscoveryClient -DiscoveryClient_MSVC-EMPLOYEE/msvc-employee:2e66d60649f3c91912af9f6268bd2b3f: registering service...
2026-03-06 13:47:17 [main] INFO  org.springframework.boot.web.embedded.tomcat.TomcatWebServer -Tomcat started on port(s): 8082 (http) with context path ''
2026-03-06 13:47:17 [main] INFO  org.springframework.cloud.netflix.eureka.serviceregistry.EurekaAutoServiceRegistration -Updating port to 8082
2026-03-06 13:47:17 [DiscoveryClient-InstanceInfoReplicator-0] INFO  com.netflix.discovery.DiscoveryClient -DiscoveryClient_MSVC-EMPLOYEE/msvc-employee:2e66d60649f3c91912af9f6268bd2b3f - registration status: 204
2026-03-06 13:47:17 [main] INFO  com.system.MsvcEmployeeApplication -Started MsvcEmployeeApplication in 11.087 seconds (JVM running for 12.029)
2026-03-06 13:47:22 [SpringApplicationShutdownHook] INFO  org.springframework.cloud.netflix.eureka.serviceregistry.EurekaServiceRegistry -Unregistering application MSVC-EMPLOYEE with eureka with status DOWN
2026-03-06 13:47:22 [SpringApplicationShutdownHook] INFO  com.netflix.discovery.DiscoveryClient -Saw local status change event StatusChangeEvent [timestamp=1772826442457, current=DOWN, previous=UP]
2026-03-06 13:47:22 [DiscoveryClient-InstanceInfoReplicator-0] INFO  com.netflix.discovery.DiscoveryClient -DiscoveryClient_MSVC-EMPLOYEE/msvc-employee:2e66d60649f3c91912af9f6268bd2b3f: registering service...
2026-03-06 13:47:22 [DiscoveryClient-InstanceInfoReplicator-0] INFO  com.netflix.discovery.DiscoveryClient -DiscoveryClient_MSVC-EMPLOYEE/msvc-employee:2e66d60649f3c91912af9f6268bd2b3f - registration status: 204
2026-03-06 13:47:22 [SpringApplicationShutdownHook] INFO  org.springframework.orm.jpa.LocalContainerEntityManagerFactoryBean -Closing JPA EntityManagerFactory for persistence unit 'default'
2026-03-06 13:47:22 [SpringApplicationShutdownHook] INFO  org.hibernate.tool.schema.internal.SchemaDropperImpl$DelayedDropActionImpl -HHH000477: Starting delayed evictData of schema as part of SessionFactory shut-down'
2026-03-06 13:47:22 [SpringApplicationShutdownHook] DEBUG org.hibernate.SQL -
    
    drop table if exists employee CASCADE 
2026-03-06 13:47:22 [SpringApplicationShutdownHook] INFO  com.zaxxer.hikari.HikariDataSource -HikariPool-1 - Shutdown initiated...
2026-03-06 13:47:22 [SpringApplicationShutdownHook] INFO  com.zaxxer.hikari.HikariDataSource -HikariPool-1 - Shutdown completed.
2026-03-06 13:47:22 [SpringApplicationShutdownHook] INFO  com.netflix.discovery.DiscoveryClient -Shutting down DiscoveryClient ...
2026-03-06 13:47:25 [SpringApplicationShutdownHook] INFO  com.netflix.discovery.DiscoveryClient -Unregistering ...
2026-03-06 13:47:25 [SpringApplicationShutdownHook] INFO  com.netflix.discovery.DiscoveryClient -DiscoveryClient_MSVC-EMPLOYEE/msvc-employee:2e66d60649f3c91912af9f6268bd2b3f - deregister  status: 200
2026-03-06 13:47:25 [SpringApplicationShutdownHook] INFO  com.netflix.discovery.DiscoveryClient -Completed shut down of DiscoveryClient
